comparison_id,simulation_id,reference_simulation,observable,comparison_time_key,reference_match_strategy,reference_match_key,time,time_index,elapsed_seconds,value_index,value,reference_value,signed_error,absolute_error,relative_error,unit,selection,reference_selection
example12_mf6_vs_nwt_different_meshes_demonstrative,nwt_demo_structured,mf6_demo_triangular,head_outlet_lowland,time_index:0,exact_time_key,time_index:0,0,0,,0,112.56531524658203,132.24531878179116,-19.680003535209124,19.680003535209124,0.14881436799802142,m,nearest_cell,nearest_cell
example12_mf6_vs_nwt_different_meshes_demonstrative,nwt_demo_structured,mf6_demo_triangular,head_outlet_lowland,time_index:1,exact_time_key,time_index:1,1,1,,0,114.15611267089844,143.59820545325744,-29.442092782358998,29.442092782358998,0.20503106351104558,m,nearest_cell,nearest_cell
example12_mf6_vs_nwt_different_meshes_demonstrative,nwt_demo_structured,mf6_demo_triangular,head_outlet_lowland,time_index:2,exact_time_key,time_index:2,2,2,,0,113.77091217041016,143.56068672846402,-29.789774558053864,29.789774558053864,0.20750649245917402,m,nearest_cell,nearest_cell
example12_mf6_vs_nwt_different_meshes_demonstrative,nwt_demo_structured,mf6_demo_triangular,head_outlet_lowland,time_index:3,exact_time_key,time_index:3,3,3,,0,113.1178970336914,135.62476748712416,-22.506870453432754,22.506870453432754,0.1659495597333982,m,nearest_cell,nearest_cell
example12_mf6_vs_nwt_different_meshes_demonstrative,nwt_demo_structured,mf6_demo_triangular,head_outlet_lowland,time_index:4,exact_time_key,time_index:4,4,4,,0,112.46649169921875,131.32830006918633,-18.861808369967576,18.861808369967576,0.14362333449858716,m,nearest_cell,nearest_cell
example12_mf6_vs_nwt_different_meshes_demonstrative,nwt_demo_structured,mf6_demo_triangular,head_outlet_lowland,time_index:5,exact_time_key,time_index:5,5,5,,0,111.61499786376953,123.98280097995426,-12.367803116184731,12.367803116184731,0.09975418379347936,m,nearest_cell,nearest_cell
example12_mf6_vs_nwt_different_meshes_demonstrative,nwt_demo_structured,mf6_demo_triangular,head_outlet_lowland,time_index:6,exact_time_key,time_index:6,6,6,,0,109.7719955444336,117.7717753857996,-7.999779841366006,7.999779841366006,0.06792612079728047,m,nearest_cell,nearest_cell
example12_mf6_vs_nwt_different_meshes_demonstrative,nwt_demo_structured,mf6_demo_triangular,head_outlet_lowland,time_index:7,exact_time_key,time_index:7,7,7,,0,109.06504821777344,117.15264746891853,-8.087599251145093,8.087599251145093,0.06903471177030629,m,nearest_cell,nearest_cell
example12_mf6_vs_nwt_different_meshes_demonstrative,nwt_demo_structured,mf6_demo_triangular,head_outlet_lowland,time_index:8,exact_time_key,time_index:8,8,8,,0,109.16141510009766,116.58384635496445,-7.422431254866794,7.422431254866794,0.06366603510633553,m,nearest_cell,nearest_cell
example12_mf6_vs_nwt_different_meshes_demonstrative,nwt_demo_structured,mf6_demo_triangular,head_outlet_lowland,time_index:9,exact_time_key,time_index:9,9,9,,0,110.52651977539062,118.58447229657756,-8.057952521186934,8.057952521186934,0.06795116059574938,m,nearest_cell,nearest_cell
example12_mf6_vs_nwt_different_meshes_demonstrative,nwt_demo_structured,mf6_demo_triangular,head_outlet_lowland,time_index:10,exact_time_key,time_index:10,10,10,,0,110.65998077392578,137.09159869109976,-26.43161791717398,26.43161791717398,0.19280260912800903,m,nearest_cell,nearest_cell
example12_mf6_vs_nwt_different_meshes_demonstrative,nwt_demo_structured,mf6_demo_triangular,head_outlet_lowland,time_index:11,exact_time_key,time_index:11,11,11,,0,113.93795776367188,152.06536778077077,-38.127410017098896,38.127410017098896,0.25073039689133114,m,nearest_cell,nearest_cell
example12_mf6_vs_nwt_different_meshes_demonstrative,nwt_demo_structured,mf6_demo_triangular,head_mid_basin_response,time_index:0,exact_time_key,time_index:0,0,0,,0,112.8728256225586,119.33384278093484,-6.461017158376251,6.461017158376251,0.05414237074588269,m,nearest_cell,nearest_cell
example12_mf6_vs_nwt_different_meshes_demonstrative,nwt_demo_structured,mf6_demo_triangular,head_mid_basin_response,time_index:1,exact_time_key,time_index:1,1,1,,0,114.46104431152344,125.77197760177073,-11.310933290247291,11.310933290247291,0.0899320620214852,m,nearest_cell,nearest_cell
example12_mf6_vs_nwt_different_meshes_demonstrative,nwt_demo_structured,mf6_demo_triangular,head_mid_basin_response,time_index:2,exact_time_key,time_index:2,2,2,,0,114.08365631103516,124.34022555687945,-10.25656924584429,10.25656924584429,0.0824879414518387,m,nearest_cell,nearest_cell
example12_mf6_vs_nwt_different_meshes_demonstrative,nwt_demo_structured,mf6_demo_triangular,head_mid_basin_response,time_index:3,exact_time_key,time_index:3,3,3,,0,113.43730926513672,121.59058009718764,-8.153270832050922,8.153270832050922,0.0670551191180599,m,nearest_cell,nearest_cell
example12_mf6_vs_nwt_different_meshes_demonstrative,nwt_demo_structured,mf6_demo_triangular,head_mid_basin_response,time_index:4,exact_time_key,time_index:4,4,4,,0,112.78262329101562,119.00891642187642,-6.226293130860796,6.226293130860796,0.05231787094665344,m,nearest_cell,nearest_cell
example12_mf6_vs_nwt_different_meshes_demonstrative,nwt_demo_structured,mf6_demo_triangular,head_mid_basin_response,time_index:5,exact_time_key,time_index:5,5,5,,0,111.911376953125,115.80732583763704,-3.8959488845120376,3.8959488845120376,0.03364164448434113,m,nearest_cell,nearest_cell
example12_mf6_vs_nwt_different_meshes_demonstrative,nwt_demo_structured,mf6_demo_triangular,head_mid_basin_response,time_index:6,exact_time_key,time_index:6,6,6,,0,109.99053955078125,112.97542300262194,-2.9848834518406875,2.9848834518406875,0.026420644176489733,m,nearest_cell,nearest_cell
example12_mf6_vs_nwt_different_meshes_demonstrative,nwt_demo_structured,mf6_demo_triangular,head_mid_basin_response,time_index:7,exact_time_key,time_index:7,7,7,,0,109.15506744384766,112.18207964185798,-3.0270121980103255,3.0270121980103255,0.026983028017256248,m,nearest_cell,nearest_cell
example12_mf6_vs_nwt_different_meshes_demonstrative,nwt_demo_structured,mf6_demo_triangular,head_mid_basin_response,time_index:8,exact_time_key,time_index:8,8,8,,0,109.15155029296875,111.66453977737977,-2.5129894844110225,2.5129894844110225,0.022504812086460473,m,nearest_cell,nearest_cell
example12_mf6_vs_nwt_different_meshes_demonstrative,nwt_demo_structured,mf6_demo_triangular,head_mid_basin_response,time_index:9,exact_time_key,time_index:9,9,9,,0,110.45521545410156,112.46253210705068,-2.0073166529491147,2.0073166529491147,0.01784875918531154,m,nearest_cell,nearest_cell
example12_mf6_vs_nwt_different_meshes_demonstrative,nwt_demo_structured,mf6_demo_triangular,head_mid_basin_response,time_index:10,exact_time_key,time_index:10,10,10,,0,110.58866119384766,122.97709227135998,-12.388431077512323,12.388431077512323,0.10073771341231698,m,nearest_cell,nearest_cell
example12_mf6_vs_nwt_different_meshes_demonstrative,nwt_demo_structured,mf6_demo_triangular,head_mid_basin_response,time_index:11,exact_time_key,time_index:11,11,11,,0,114.18811798095703,132.13922485141353,-17.9511068704565,17.9511068704565,0.13584994834533018,m,nearest_cell,nearest_cell
example12_mf6_vs_nwt_different_meshes_demonstrative,nwt_demo_structured,mf6_demo_triangular,head_upstream_ridge,time_index:0,exact_time_key,time_index:0,0,0,,0,106.9059829711914,114.30806395166759,-7.402080980476185,7.402080980476185,0.06475554501216972,m,nearest_cell,nearest_cell
example12_mf6_vs_nwt_different_meshes_demonstrative,nwt_demo_structured,mf6_demo_triangular,head_upstream_ridge,time_index:1,exact_time_key,time_index:1,1,1,,0,108.2701187133789,122.956806086966,-14.686687373587091,14.686687373587091,0.11944590820941915,m,nearest_cell,nearest_cell
example12_mf6_vs_nwt_different_meshes_demonstrative,nwt_demo_structured,mf6_demo_triangular,head_upstream_ridge,time_index:2,exact_time_key,time_index:2,2,2,,0,108.32230377197266,121.0785354761927,-12.756231704220042,12.756231704220042,0.1053550214664453,m,nearest_cell,nearest_cell
example12_mf6_vs_nwt_different_meshes_demonstrative,nwt_demo_structured,mf6_demo_triangular,head_upstream_ridge,time_index:3,exact_time_key,time_index:3,3,3,,0,107.82532501220703,117.9210304138346,-10.09570540162757,10.09570540162757,0.08561412129963149,m,nearest_cell,nearest_cell
example12_mf6_vs_nwt_different_meshes_demonstrative,nwt_demo_structured,mf6_demo_triangular,head_upstream_ridge,time_index:4,exact_time_key,time_index:4,4,4,,0,107.12930297851562,114.77599456851675,-7.646691590001126,7.646691590001126,0.06662274301126925,m,nearest_cell,nearest_cell
example12_mf6_vs_nwt_different_meshes_demonstrative,nwt_demo_structured,mf6_demo_triangular,head_upstream_ridge,time_index:5,exact_time_key,time_index:5,5,5,,0,106.13066101074219,110.99217871861455,-4.861517707872366,4.861517707872366,0.043800543101304476,m,nearest_cell,nearest_cell
example12_mf6_vs_nwt_different_meshes_demonstrative,nwt_demo_structured,mf6_demo_triangular,head_upstream_ridge,time_index:6,exact_time_key,time_index:6,6,6,,0,104.01932525634766,107.60052011421806,-3.5811948578704005,3.5811948578704005,0.033282319212481114,m,nearest_cell,nearest_cell
example12_mf6_vs_nwt_different_meshes_demonstrative,nwt_demo_structured,mf6_demo_triangular,head_upstream_ridge,time_index:7,exact_time_key,time_index:7,7,7,,0,103.18960571289062,106.8269839772288,-3.6373782643381816,3.6373782643381816,0.03404924606982748,m,nearest_cell,nearest_cell
example12_mf6_vs_nwt_different_meshes_demonstrative,nwt_demo_structured,mf6_demo_triangular,head_upstream_ridge,time_index:8,exact_time_key,time_index:8,8,8,,0,103.09893035888672,106.31517410103919,-3.2162437421524714,3.2162437421524714,0.03025197267791554,m,nearest_cell,nearest_cell
example12_mf6_vs_nwt_different_meshes_demonstrative,nwt_demo_structured,mf6_demo_triangular,head_upstream_ridge,time_index:9,exact_time_key,time_index:9,9,9,,0,104.47032165527344,107.41546936133192,-2.945147706058478,2.945147706058478,0.0274182827070408,m,nearest_cell,nearest_cell
example12_mf6_vs_nwt_different_meshes_demonstrative,nwt_demo_structured,mf6_demo_triangular,head_upstream_ridge,time_index:10,exact_time_key,time_index:10,10,10,,0,104.61378479003906,117.80392317100771,-13.190138380968648,13.190138380968648,0.11196688553250851,m,nearest_cell,nearest_cell
example12_mf6_vs_nwt_different_meshes_demonstrative,nwt_demo_structured,mf6_demo_triangular,head_upstream_ridge,time_index:11,exact_time_key,time_index:11,11,11,,0,107.98338317871094,126.30913236251821,-18.325749183807275,18.325749183807275,0.14508649407242208,m,nearest_cell,nearest_cell
example12_mf6_vs_nwt_different_meshes_demonstrative,nwt_demo_structured,mf6_demo_triangular,outlet_flux_series,time_index:0,exact_time_key,time_index:0,0,0,,0,0.00019202820085747926,0.0028833768402904297,-0.0026913486394329503,0.0026913486394329503,0.9334016288907497,m3/s,nearest_declared_outlet_point,nearest_declared_outlet_point
example12_mf6_vs_nwt_different_meshes_demonstrative,nwt_demo_structured,mf6_demo_triangular,outlet_flux_series,time_index:1,exact_time_key,time_index:1,1,1,,0,0.0003748519057684642,0.0046665027509874045,-0.00429165084521894,0.00429165084521894,0.9196717701089648,m3/s,nearest_declared_outlet_point,nearest_declared_outlet_point
example12_mf6_vs_nwt_different_meshes_demonstrative,nwt_demo_structured,mf6_demo_triangular,outlet_flux_series,time_index:2,exact_time_key,time_index:2,2,2,,0,0.00034174151670289754,0.0050573490562914195,-0.0047156075395885216,0.0047156075395885216,0.9324267490934275,m3/s,nearest_declared_outlet_point,nearest_declared_outlet_point
example12_mf6_vs_nwt_different_meshes_demonstrative,nwt_demo_structured,mf6_demo_triangular,outlet_flux_series,time_index:3,exact_time_key,time_index:3,3,3,,0,0.0002483647145754169,0.0033318821180906492,-0.0030835174035152325,0.0030835174035152325,0.9254581327391789,m3/s,nearest_declared_outlet_point,nearest_declared_outlet_point
example12_mf6_vs_nwt_different_meshes_demonstrative,nwt_demo_structured,mf6_demo_triangular,outlet_flux_series,time_index:4,exact_time_key,time_index:4,4,4,,0,0.00017988439622844635,0.0027074543712690847,-0.0025275699750406384,0.0025275699750406384,0.9335595834458597,m3/s,nearest_declared_outlet_point,nearest_declared_outlet_point
example12_mf6_vs_nwt_different_meshes_demonstrative,nwt_demo_structured,mf6_demo_triangular,outlet_flux_series,time_index:5,exact_time_key,time_index:5,5,5,,0,8.690374442615136e-05,0.0012957117973902595,-0.0012088080529641082,0.0012088080529641082,0.9329297266558911,m3/s,nearest_declared_outlet_point,nearest_declared_outlet_point
example12_mf6_vs_nwt_different_meshes_demonstrative,nwt_demo_structured,mf6_demo_triangular,outlet_flux_series,time_index:6,exact_time_key,time_index:6,6,6,,0,1.6139182827918165e-05,0.00036142024061441787,-0.0003452810577864997,0.0003452810577864997,0.9553451051870216,m3/s,nearest_declared_outlet_point,nearest_declared_outlet_point
example12_mf6_vs_nwt_different_meshes_demonstrative,nwt_demo_structured,mf6_demo_triangular,outlet_flux_series,time_index:7,exact_time_key,time_index:7,7,7,,0,7.033756236086009e-06,0.0002889302595567456,-0.0002818965033206596,0.0002818965033206596,0.975655868489245,m3/s,nearest_declared_outlet_point,nearest_declared_outlet_point
example12_mf6_vs_nwt_different_meshes_demonstrative,nwt_demo_structured,mf6_demo_triangular,outlet_flux_series,time_index:8,exact_time_key,time_index:8,8,8,,0,6.58044108671742e-06,0.000239029665611683,-0.00023244922452496557,0.00023244922452496557,0.9724701908029787,m3/s,nearest_declared_outlet_point,nearest_declared_outlet_point
example12_mf6_vs_nwt_different_meshes_demonstrative,nwt_demo_structured,mf6_demo_triangular,outlet_flux_series,time_index:9,exact_time_key,time_index:9,9,9,,0,2.030733702510734e-05,0.00036556584836469613,-0.0003452585113395888,0.0003452585113395888,0.9444495783291871,m3/s,nearest_declared_outlet_point,nearest_declared_outlet_point
example12_mf6_vs_nwt_different_meshes_demonstrative,nwt_demo_structured,mf6_demo_triangular,outlet_flux_series,time_index:10,exact_time_key,time_index:10,10,10,,0,2.23209755976886e-05,0.003177787104562119,-0.0031554661289644303,0.0031554661289644303,0.9929759373855964,m3/s,nearest_declared_outlet_point,nearest_declared_outlet_point
example12_mf6_vs_nwt_different_meshes_demonstrative,nwt_demo_structured,mf6_demo_triangular,outlet_flux_series,time_index:11,exact_time_key,time_index:11,11,11,,0,0.00028251148426163664,0.005709883073030161,-0.005427371588768524,0.005427371588768524,0.9505223696092762,m3/s,nearest_declared_outlet_point,nearest_declared_outlet_point
example12_mf6_vs_nwt_different_meshes_demonstrative,nwt_demo_structured,mf6_demo_triangular,head_map_last,time_index:11,exact_time_key,time_index:11,11,11,,0,133.837158203125,153.58209149936027,-19.744933296235274,19.744933296235274,0.12856273217452258,m,map,map
example12_mf6_vs_nwt_different_meshes_demonstrative,nwt_demo_structured,mf6_demo_triangular,head_map_last,time_index:11,exact_time_key,time_index:11,11,11,,6,134.8961944580078,152.5971647532412,-17.70097029523339,17.70097029523339,0.11599802869114197,m,map,map
example12_mf6_vs_nwt_different_meshes_demonstrative,nwt_demo_structured,mf6_demo_triangular,head_map_last,time_index:11,exact_time_key,time_index:11,11,11,,8,134.8173370361328,156.4420438811968,-21.624706845063997,21.624706845063997,0.13822823013924537,m,map,map
example12_mf6_vs_nwt_different_meshes_demonstrative,nwt_demo_structured,mf6_demo_triangular,head_map_last,time_index:11,exact_time_key,time_index:11,11,11,,11,134.2800750732422,152.9906648612475,-18.710589788005308,18.710589788005308,0.12229889846530562,m,map,map
example12_mf6_vs_nwt_different_meshes_demonstrative,nwt_demo_structured,mf6_demo_triangular,head_map_last,time_index:11,exact_time_key,time_index:11,11,11,,13,133.7556610107422,159.64548366610046,-25.889822655358273,25.889822655358273,0.16217071764777888,m,map,map
example12_mf6_vs_nwt_different_meshes_demonstrative,nwt_demo_structured,mf6_demo_triangular,head_map_last,time_index:11,exact_time_key,time_index:11,11,11,,15,133.15481567382812,161.0863433910611,-27.931527717232967,27.931527717232967,0.17339475916605185,m,map,map
example12_mf6_vs_nwt_different_meshes_demonstrative,nwt_demo_structured,mf6_demo_triangular,head_map_last,time_index:11,exact_time_key,time_index:11,11,11,,17,132.74896240234375,139.85989519611127,-7.1109327937675175,7.1109327937675175,0.050843258417980236,m,map,map
example12_mf6_vs_nwt_different_meshes_demonstrative,nwt_demo_structured,mf6_demo_triangular,head_map_last,time_index:11,exact_time_key,time_index:11,11,11,,19,132.69979858398438,157.53294911527485,-24.83315053129047,24.83315053129047,0.15763781907693988,m,map,map
example12_mf6_vs_nwt_different_meshes_demonstrative,nwt_demo_structured,mf6_demo_triangular,head_map_last,time_index:11,exact_time_key,time_index:11,11,11,,20,132.71084594726562,156.04158606049327,-23.330740113227648,23.330740113227648,0.14951616874864965,m,map,map
example12_mf6_vs_nwt_different_meshes_demonstrative,nwt_demo_structured,mf6_demo_triangular,head_map_last,time_index:11,exact_time_key,time_index:11,11,11,,24,132.47042846679688,154.74468753580172,-22.27425906900484,22.27425906900484,0.1439419951903129,m,map,map
example12_mf6_vs_nwt_different_meshes_demonstrative,nwt_demo_structured,mf6_demo_triangular,head_map_last,time_index:11,exact_time_key,time_index:11,11,11,,29,131.63526916503906,166.67372074850786,-35.0384515834688,35.0384515834688,0.21022181196961418,m,map,map
example12_mf6_vs_nwt_different_meshes_demonstrative,nwt_demo_structured,mf6_demo_triangular,head_map_last,time_index:11,exact_time_key,time_index:11,11,11,,31,131.01239013671875,164.93183484870215,-33.9194447119834,33.9194447119834,0.20565735379770023,m,map,map
example12_mf6_vs_nwt_different_meshes_demonstrative,nwt_demo_structured,mf6_demo_triangular,head_map_last,time_index:11,exact_time_key,time_index:11,11,11,,34,129.72705078125,156.13169549457368,-26.404644713323677,26.404644713323677,0.16911777349040166,m,map,map
example12_mf6_vs_nwt_different_meshes_demonstrative,nwt_demo_structured,mf6_demo_triangular,head_map_last,time_index:11,exact_time_key,time_index:11,11,11,,35,129.2014617919922,155.15788590578433,-25.95642411379214,25.95642411379214,0.16729039560099135,m,map,map
example12_mf6_vs_nwt_different_meshes_demonstrative,nwt_demo_structured,mf6_demo_triangular,head_map_last,time_index:11,exact_time_key,time_index:11,11,11,,37,127.93460083007812,147.86686529839818,-19.932264468320056,19.932264468320056,0.13479872199966073,m,map,map
example12_mf6_vs_nwt_different_meshes_demonstrative,nwt_demo_structured,mf6_demo_triangular,head_map_last,time_index:11,exact_time_key,time_index:11,11,11,,38,127.17828369140625,129.18654423648636,-2.0082605450801054,2.0082605450801054,0.015545431274977237,m,map,map
example12_mf6_vs_nwt_different_meshes_demonstrative,nwt_demo_structured,mf6_demo_triangular,head_map_last,time_index:11,exact_time_key,time_index:11,11,11,,39,126.35578155517578,128.03298287555367,-1.6772013203778897,1.6772013203778897,0.013099759786180306,m,map,map
example12_mf6_vs_nwt_different_meshes_demonstrative,nwt_demo_structured,mf6_demo_triangular,head_map_last,time_index:11,exact_time_key,time_index:11,11,11,,40,125.48616790771484,166.13355854694504,-40.647390639230196,40.647390639230196,0.24466694745327022,m,map,map
example12_mf6_vs_nwt_different_meshes_demonstrative,nwt_demo_structured,mf6_demo_triangular,head_map_last,time_index:11,exact_time_key,time_index:11,11,11,,45,120.8837661743164,133.8577447335339,-12.9739785592175,12.9739785592175,0.09692363026916642,m,map,map
example12_mf6_vs_nwt_different_meshes_demonstrative,nwt_demo_structured,mf6_demo_triangular,head_map_last,time_index:11,exact_time_key,time_index:11,11,11,,46,119.93185424804688,150.0351192612739,-30.10326501322703,30.10326501322703,0.20064145755637822,m,map,map
example12_mf6_vs_nwt_different_meshes_demonstrative,nwt_demo_structured,mf6_demo_triangular,head_map_last,time_index:11,exact_time_key,time_index:11,11,11,,51,115.60324096679688,170.70455300532325,-55.10131203852637,55.10131203852637,0.3227875945219112,m,map,map
example12_mf6_vs_nwt_different_meshes_demonstrative,nwt_demo_structured,mf6_demo_triangular,head_map_last,time_index:11,exact_time_key,time_index:11,11,11,,55,113.36483001708984,125.55227464282079,-12.187444625730947,12.187444625730947,0.0970706796065828,m,map,map
example12_mf6_vs_nwt_different_meshes_demonstrative,nwt_demo_structured,mf6_demo_triangular,head_map_last,time_index:11,exact_time_key,time_index:11,11,11,,60,133.94091796875,127.76664136066887,6.174276608081129,6.174276608081129,0.04832463734138504,m,map,map
example12_mf6_vs_nwt_different_meshes_demonstrative,nwt_demo_structured,mf6_demo_triangular,head_map_last,time_index:11,exact_time_key,time_index:11,11,11,,64,134.75364685058594,152.39155224189352,-17.637905391307584,17.637905391307584,0.11574070302342387,m,map,map
example12_mf6_vs_nwt_different_meshes_demonstrative,nwt_demo_structured,mf6_demo_triangular,head_map_last,time_index:11,exact_time_key,time_index:11,11,11,,65,134.88226318359375,155.03552202035044,-20.15325883675669,20.15325883675669,0.1299912340999588,m,map,map
example12_mf6_vs_nwt_different_meshes_demonstrative,nwt_demo_structured,mf6_demo_triangular,head_map_last,time_index:11,exact_time_key,time_index:11,11,11,,68,134.8299102783203,210.25688602015146,-75.42697574183114,75.42697574183114,0.358737243614471,m,map,map
example12_mf6_vs_nwt_different_meshes_demonstrative,nwt_demo_structured,mf6_demo_triangular,head_map_last,time_index:11,exact_time_key,time_index:11,11,11,,71,134.3063201904297,140.6401975065525,-6.333877316122823,6.333877316122823,0.0450360382623021,m,map,map
example12_mf6_vs_nwt_different_meshes_demonstrative,nwt_demo_structured,mf6_demo_triangular,head_map_last,time_index:11,exact_time_key,time_index:11,11,11,,72,134.07135009765625,128.0474155802601,6.023934517396157,6.023934517396157,0.04704456150167557,m,map,map
example12_mf6_vs_nwt_different_meshes_demonstrative,nwt_demo_structured,mf6_demo_triangular,head_map_last,time_index:11,exact_time_key,time_index:11,11,11,,73,133.80166625976562,129.88778619214213,3.913880067623495,3.913880067623495,0.03013277985840577,m,map,map
example12_mf6_vs_nwt_different_meshes_demonstrative,nwt_demo_structured,mf6_demo_triangular,head_map_last,time_index:11,exact_time_key,time_index:11,11,11,,74,133.51376342773438,151.69704680591437,-18.183283378179993,18.183283378179993,0.1198657703695723,m,map,map
example12_mf6_vs_nwt_different_meshes_demonstrative,nwt_demo_structured,mf6_demo_triangular,head_map_last,time_index:11,exact_time_key,time_index:11,11,11,,75,133.23684692382812,149.2983836966091,-16.061536772780983,16.061536772780983,0.10758011155311506,m,map,map
example12_mf6_vs_nwt_different_meshes_demonstrative,nwt_demo_structured,mf6_demo_triangular,head_map_last,time_index:11,exact_time_key,time_index:11,11,11,,77,132.8787841796875,123.92148795892834,8.957296220759162,8.957296220759162,0.07228202604965416,m,map,map
example12_mf6_vs_nwt_different_meshes_demonstrative,nwt_demo_structured,mf6_demo_triangular,head_map_last,time_index:11,exact_time_key,time_index:11,11,11,,80,132.8195343017578,144.97923074120658,-12.159696439448766,12.159696439448766,0.0838719889551234,m,map,map
example12_mf6_vs_nwt_different_meshes_demonstrative,nwt_demo_structured,mf6_demo_triangular,head_map_last,time_index:11,exact_time_key,time_index:11,11,11,,81,132.79446411132812,143.79587197722705,-11.001407865898926,11.001407865898926,0.07650711883885804,m,map,map
example12_mf6_vs_nwt_different_meshes_demonstrative,nwt_demo_structured,mf6_demo_triangular,head_map_last,time_index:11,exact_time_key,time_index:11,11,11,,82,132.7398681640625,126.19216842678127,6.547699737281235,6.547699737281235,0.051886736070157286,m,map,map
example12_mf6_vs_nwt_different_meshes_demonstrative,nwt_demo_structured,mf6_demo_triangular,head_map_last,time_index:11,exact_time_key,time_index:11,11,11,,84,132.5532989501953,162.1984126755556,-29.64511372536029,29.64511372536029,0.1827706771992844,m,map,map
example12_mf6_vs_nwt_different_meshes_demonstrative,nwt_demo_structured,mf6_demo_triangular,head_map_last,time_index:11,exact_time_key,time_index:11,11,11,,85,132.4233856201172,126.30913236251821,6.114253257598975,6.114253257598975,0.048407056110959065,m,map,map
example12_mf6_vs_nwt_different_meshes_demonstrative,nwt_demo_structured,mf6_demo_triangular,head_map_last,time_index:11,exact_time_key,time_index:11,11,11,,87,132.10763549804688,165.88587089281927,-33.778235394772395,33.778235394772395,0.20362334183721345,m,map,map
example12_mf6_vs_nwt_different_meshes_demonstrative,nwt_demo_structured,mf6_demo_triangular,head_map_last,time_index:11,exact_time_key,time_index:11,11,11,,89,131.64666748046875,126.29912373833297,5.347543742135784,5.347543742135784,0.04234030754809389,m,map,map
example12_mf6_vs_nwt_different_meshes_demonstrative,nwt_demo_structured,mf6_demo_triangular,head_map_last,time_index:11,exact_time_key,time_index:11,11,11,,94,129.70860290527344,155.88430883112824,-26.1757059258548,26.1757059258548,0.1679175160228046,m,map,map
example12_mf6_vs_nwt_different_meshes_demonstrative,nwt_demo_structured,mf6_demo_triangular,head_map_last,time_index:11,exact_time_key,time_index:11,11,11,,97,127.88711547851562,131.51978210614908,-3.632666627633455,3.632666627633455,0.027620686177091933,m,map,map
example12_mf6_vs_nwt_different_meshes_demonstrative,nwt_demo_structured,mf6_demo_triangular,head_map_last,time_index:11,exact_time_key,time_index:11,11,11,,100,125.41265869140625,152.71139697452668,-27.29873828312043,27.29873828312043,0.17876032060445396,m,map,map
example12_mf6_vs_nwt_different_meshes_demonstrative,nwt_demo_structured,mf6_demo_triangular,head_map_last,time_index:11,exact_time_key,time_index:11,11,11,,101,124.51101684570312,150.5325077227047,-26.021490877001582,26.021490877001582,0.17286293353283969,m,map,map
example12_mf6_vs_nwt_different_meshes_demonstrative,nwt_demo_structured,mf6_demo_triangular,head_map_last,time_index:11,exact_time_key,time_index:11,11,11,,102,123.59165954589844,161.68295286534996,-38.09129331945152,38.09129331945152,0.23559251389460995,m,map,map
example12_mf6_vs_nwt_different_meshes_demonstrative,nwt_demo_structured,mf6_demo_triangular,head_map_last,time_index:11,exact_time_key,time_index:11,11,11,,103,122.66280364990234,194.98337680422685,-72.3205731543245,72.3205731543245,0.37090635283713447,m,map,map
example12_mf6_vs_nwt_different_meshes_demonstrative,nwt_demo_structured,mf6_demo_triangular,head_map_last,time_index:11,exact_time_key,time_index:11,11,11,,104,121.72869873046875,158.01243129960108,-36.283732569132326,36.283732569132326,0.22962581026511886,m,map,map
example12_mf6_vs_nwt_different_meshes_demonstrative,nwt_demo_structured,mf6_demo_triangular,head_map_last,time_index:11,exact_time_key,time_index:11,11,11,,105,120.779296875,132.54956056399593,-11.770263688995925,11.770263688995925,0.0887989642433643,m,map,map
example12_mf6_vs_nwt_different_meshes_demonstrative,nwt_demo_structured,mf6_demo_triangular,head_map_last,time_index:11,exact_time_key,time_index:11,11,11,,107,118.87055969238281,153.8224826273064,-34.9519229349236,34.9519229349236,0.22722246018878758,m,map,map
example12_mf6_vs_nwt_different_meshes_demonstrative,nwt_demo_structured,mf6_demo_triangular,head_map_last,time_index:11,exact_time_key,time_index:11,11,11,,108,117.95035552978516,158.01120234071146,-40.06084681092631,40.06084681092631,0.2535316877378425,m,map,map
example12_mf6_vs_nwt_different_meshes_demonstrative,nwt_demo_structured,mf6_demo_triangular,head_map_last,time_index:11,exact_time_key,time_index:11,11,11,,109,117.06136322021484,143.75498681486476,-26.69362359464992,26.69362359464992,0.18568833113961725,m,map,map
example12_mf6_vs_nwt_different_meshes_demonstrative,nwt_demo_structured,mf6_demo_triangular,head_map_last,time_index:11,exact_time_key,time_index:11,11,11,,110,116.22968292236328,143.27980085106776,-27.05011792870448,27.05011792870448,0.18879226358516324,m,map,map
example12_mf6_vs_nwt_different_meshes_demonstrative,nwt_demo_structured,mf6_demo_triangular,head_map_last,time_index:11,exact_time_key,time_index:11,11,11,,112,114.8660659790039,189.39696116667594,-74.53089518767203,74.53089518767203,0.39351684804531917,m,map,map
example12_mf6_vs_nwt_different_meshes_demonstrative,nwt_demo_structured,mf6_demo_triangular,head_map_last,time_index:11,exact_time_key,time_index:11,11,11,,113,114.32445526123047,145.76885188847984,-31.444396627249375,31.444396627249375,0.21571409954786394,m,map,map
example12_mf6_vs_nwt_different_meshes_demonstrative,nwt_demo_structured,mf6_demo_triangular,head_map_last,time_index:11,exact_time_key,time_index:11,11,11,,114,113.80416870117188,156.2319815383921,-42.427812837220216,42.427812837220216,0.27156931903084197,m,map,map
example12_mf6_vs_nwt_different_meshes_demonstrative,nwt_demo_structured,mf6_demo_triangular,head_map_last,time_index:11,exact_time_key,time_index:11,11,11,,121,134.245849609375,151.43499411485533,-17.18914450548033,17.18914450548033,0.11350840409082252,m,map,map
example12_mf6_vs_nwt_different_meshes_demonstrative,nwt_demo_structured,mf6_demo_triangular,head_map_last,time_index:11,exact_time_key,time_index:11,11,11,,122,134.4508056640625,148.4998105009878,-14.049004836925292,14.049004836925292,0.09460621390376683,m,map,map
example12_mf6_vs_nwt_different_meshes_demonstrative,nwt_demo_structured,mf6_demo_triangular,head_map_last,time_index:11,exact_time_key,time_index:11,11,11,,123,134.6636505126953,157.2995942115854,-22.635943698890088,22.635943698890088,0.14390338266507052,m,map,map
example12_mf6_vs_nwt_different_meshes_demonstrative,nwt_demo_structured,mf6_demo_triangular,head_map_last,time_index:11,exact_time_key,time_index:11,11,11,,125,134.9474334716797,125.73199503444698,9.215438437232706,9.215438437232706,0.07329429899452354,m,map,map
example12_mf6_vs_nwt_different_meshes_demonstrative,nwt_demo_structured,mf6_demo_triangular,head_map_last,time_index:11,exact_time_key,time_index:11,11,11,,126,134.98477172851562,152.2568686957606,-17.272096967244977,17.272096967244977,0.11344051086298149,m,map,map
example12_mf6_vs_nwt_different_meshes_demonstrative,nwt_demo_structured,mf6_demo_triangular,head_map_last,time_index:11,exact_time_key,time_index:11,11,11,,128,134.8499755859375,166.22220821005757,-31.372232624120073,31.372232624120073,0.18873670950439125,m,map,map
example12_mf6_vs_nwt_different_meshes_demonstrative,nwt_demo_structured,mf6_demo_triangular,head_map_last,time_index:11,exact_time_key,time_index:11,11,11,,131,134.34059143066406,155.32779793084205,-20.98720650017799,20.98720650017799,0.1351155863905462,m,map,map
example12_mf6_vs_nwt_different_meshes_demonstrative,nwt_demo_structured,mf6_demo_triangular,head_map_last,time_index:11,exact_time_key,time_index:11,11,11,,132,134.12767028808594,152.35639977317584,-18.2287294850899,18.2287294850899,0.11964531527542228,m,map,map
example12_mf6_vs_nwt_different_meshes_demonstrative,nwt_demo_structured,mf6_demo_triangular,head_map_last,time_index:11,exact_time_key,time_index:11,11,11,,133,133.8775177001953,124.2767426780975,9.600775022097807,9.600775022097807,0.0772531916689014,m,map,map
example12_mf6_vs_nwt_different_meshes_demonstrative,nwt_demo_structured,mf6_demo_triangular,head_map_last,time_index:11,exact_time_key,time_index:11,11,11,,137,133.07705688476562,207.4390217043026,-74.36196481953698,74.36196481953698,0.35847626067933097,m,map,map
example12_mf6_vs_nwt_different_meshes_demonstrative,nwt_demo_structured,mf6_demo_triangular,head_map_last,time_index:11,exact_time_key,time_index:11,11,11,,139,133.0018768310547,123.75655110190392,9.245325729150764,9.245325729150764,0.07470574807420058,m,map,map
example12_mf6_vs_nwt_different_meshes_demonstrative,nwt_demo_structured,mf6_demo_triangular,head_map_last,time_index:11,exact_time_key,time_index:11,11,11,,142,132.88682556152344,163.66780671142726,-30.780981149903823,30.780981149903823,0.1880698578931632,m,map,map
example12_mf6_vs_nwt_different_meshes_demonstrative,nwt_demo_structured,mf6_demo_triangular,head_map_last,time_index:11,exact_time_key,time_index:11,11,11,,146,132.35316467285156,153.95410811942423,-21.60094344657267,21.60094344657267,0.1403076781154585,m,map,map
example12_mf6_vs_nwt_different_meshes_demonstrative,nwt_demo_structured,mf6_demo_triangular,head_map_last,time_index:11,exact_time_key,time_index:11,11,11,,147,132.1551971435547,142.24047663995282,-10.08527949639813,10.08527949639813,0.07090302095884116,m,map,map
example12_mf6_vs_nwt_different_meshes_demonstrative,nwt_demo_structured,mf6_demo_triangular,head_map_last,time_index:11,exact_time_key,time_index:11,11,11,,149,131.65713500976562,138.16852684582182,-6.511391836056191,6.511391836056191,0.04712644756878722,m,map,map
example12_mf6_vs_nwt_different_meshes_demonstrative,nwt_demo_structured,mf6_demo_triangular,head_map_last,time_index:11,exact_time_key,time_index:11,11,11,,150,131.3436279296875,126.21645017499209,5.12717775469541,5.12717775469541,0.040622103914243056,m,map,map
example12_mf6_vs_nwt_different_meshes_demonstrative,nwt_demo_structured,mf6_demo_triangular,head_map_last,time_index:11,exact_time_key,time_index:11,11,11,,154,129.67433166503906,157.71673680786128,-28.04240514282222,28.04240514282222,0.17780234178307236,m,map,map
example12_mf6_vs_nwt_different_meshes_demonstrative,nwt_demo_structured,mf6_demo_triangular,head_map_last,time_index:11,exact_time_key,time_index:11,11,11,,156,128.51197814941406,155.2163655071258,-26.704387357711738,26.704387357711738,0.1720462096278486,m,map,map
example12_mf6_vs_nwt_different_meshes_demonstrative,nwt_demo_structured,mf6_demo_triangular,head_map_last,time_index:11,exact_time_key,time_index:11,11,11,,158,127.01007843017578,161.72227936621843,-34.71220093604265,34.71220093604265,0.2146408093682456,m,map,map
example12_mf6_vs_nwt_different_meshes_demonstrative,nwt_demo_structured,mf6_demo_triangular,head_map_last,time_index:11,exact_time_key,time_index:11,11,11,,159,126.16654968261719,158.96139686288885,-32.79484718027166,32.79484718027166,0.206306989165166,m,map,map
example12_mf6_vs_nwt_different_meshes_demonstrative,nwt_demo_structured,mf6_demo_triangular,head_map_last,time_index:11,exact_time_key,time_index:11,11,11,,160,125.28584289550781,126.20231146343833,-0.9164685679305222,0.9164685679305222,0.00726190001833706,m,map,map
example12_mf6_vs_nwt_different_meshes_demonstrative,nwt_demo_structured,mf6_demo_triangular,head_map_last,time_index:11,exact_time_key,time_index:11,11,11,,161,124.38018798828125,129.75332928201024,-5.373141293728992,5.373141293728992,0.04141043103449643,m,map,map
example12_mf6_vs_nwt_different_meshes_demonstrative,nwt_demo_structured,mf6_demo_triangular,head_map_last,time_index:11,exact_time_key,time_index:11,11,11,,162,123.4530258178711,158.55900161898174,-35.105975801110645,35.105975801110645,0.221406387796705,m,map,map
example12_mf6_vs_nwt_different_meshes_demonstrative,nwt_demo_structured,mf6_demo_triangular,head_map_last,time_index:11,exact_time_key,time_index:11,11,11,,164,121.57022857666016,149.57910357454085,-28.008874997880696,28.008874997880696,0.18725125588095817,m,map,map
example12_mf6_vs_nwt_different_meshes_demonstrative,nwt_demo_structured,mf6_demo_triangular,head_map_last,time_index:11,exact_time_key,time_index:11,11,11,,165,120.61549377441406,154.0986330976449,-33.48313932323083,33.48313932323083,0.21728381783902115,m,map,map
example12_mf6_vs_nwt_different_meshes_demonstrative,nwt_demo_structured,mf6_demo_triangular,head_map_last,time_index:11,exact_time_key,time_index:11,11,11,,169,116.90718078613281,157.93187672024698,-41.02469593411416,41.02469593411416,0.2597619732385208,m,map,map
example12_mf6_vs_nwt_different_meshes_demonstrative,nwt_demo_structured,mf6_demo_triangular,head_map_last,time_index:11,exact_time_key,time_index:11,11,11,,171,115.36671447753906,132.13922485141353,-16.772510373874468,16.772510373874468,0.12693059455082045,m,map,map
example12_mf6_vs_nwt_different_meshes_demonstrative,nwt_demo_structured,mf6_demo_triangular,head_map_last,time_index:11,exact_time_key,time_index:11,11,11,,174,113.76513671875,152.28317818367861,-38.518041464928615,38.518041464928615,0.25293694237501074,m,map,map
example12_mf6_vs_nwt_different_meshes_demonstrative,nwt_demo_structured,mf6_demo_triangular,head_map_last,time_index:11,exact_time_key,time_index:11,11,11,,180,134.32357788085938,152.2669960115338,-17.943418130674416,17.943418130674416,0.1178418081441316,m,map,map
example12_mf6_vs_nwt_different_meshes_demonstrative,nwt_demo_structured,mf6_demo_triangular,head_map_last,time_index:11,exact_time_key,time_index:11,11,11,,182,134.62779235839844,125.99901424969259,8.628778108705845,8.628778108705845,0.06848290171227985,m,map,map
example12_mf6_vs_nwt_different_meshes_demonstrative,nwt_demo_structured,mf6_demo_triangular,head_map_last,time_index:11,exact_time_key,time_index:11,11,11,,183,134.8050537109375,182.25240585518472,-47.44735214424722,47.44735214424722,0.2603386875559176,m,map,map
example12_mf6_vs_nwt_different_meshes_demonstrative,nwt_demo_structured,mf6_demo_triangular,head_map_last,time_index:11,exact_time_key,time_index:11,11,11,,184,134.943359375,135.7538600889457,-0.8105007139456859,0.8105007139456859,0.005970369560133666,m,map,map
example12_mf6_vs_nwt_different_meshes_demonstrative,nwt_demo_structured,mf6_demo_triangular,head_map_last,time_index:11,exact_time_key,time_index:11,11,11,,187,134.98712158203125,151.30907845419068,-16.321956872159433,16.321956872159433,0.107871629639863,m,map,map
example12_mf6_vs_nwt_different_meshes_demonstrative,nwt_demo_structured,mf6_demo_triangular,head_map_last,time_index:11,exact_time_key,time_index:11,11,11,,188,134.87271118164062,149.06479535160074,-14.192084169960111,14.192084169960111,0.09520748434588522,m,map,map
example12_mf6_vs_nwt_different_meshes_demonstrative,nwt_demo_structured,mf6_demo_triangular,head_map_last,time_index:11,exact_time_key,time_index:11,11,11,,190,134.54331970214844,144.93741662881524,-10.394096926666805,10.394096926666805,0.07171437968489593,m,map,map
example12_mf6_vs_nwt_different_meshes_demonstrative,nwt_demo_structured,mf6_demo_triangular,head_map_last,time_index:11,exact_time_key,time_index:11,11,11,,191,134.37173461914062,152.15905707032798,-17.78732245118735,17.78732245118735,0.1168995312777605,m,map,map
example12_mf6_vs_nwt_different_meshes_demonstrative,nwt_demo_structured,mf6_demo_triangular,head_map_last,time_index:11,exact_time_key,time_index:11,11,11,,193,133.9672393798828,126.91067800261195,7.056561377270867,7.056561377270867,0.055602581976007065,m,map,map
example12_mf6_vs_nwt_different_meshes_demonstrative,nwt_demo_structured,mf6_demo_triangular,head_map_last,time_index:11,exact_time_key,time_index:11,11,11,,194,133.7483673095703,126.06776573422674,7.680601575343573,7.680601575343573,0.06092438880479287,m,map,map
example12_mf6_vs_nwt_different_meshes_demonstrative,nwt_demo_structured,mf6_demo_triangular,head_map_last,time_index:11,exact_time_key,time_index:11,11,11,,195,133.55894470214844,149.96503593696704,-16.406091234818604,16.406091234818604,0.10939944189200458,m,map,map
example12_mf6_vs_nwt_different_meshes_demonstrative,nwt_demo_structured,mf6_demo_triangular,head_map_last,time_index:11,exact_time_key,time_index:11,11,11,,197,133.31053161621094,177.2744988624505,-43.96396724623958,43.96396724623958,0.24799938811476638,m,map,map
example12_mf6_vs_nwt_different_meshes_demonstrative,nwt_demo_structured,mf6_demo_triangular,head_map_last,time_index:11,exact_time_key,time_index:11,11,11,,198,133.24386596679688,128.64216976712802,4.601696199668851,4.601696199668851,0.035771288746131856,m,map,map
example12_mf6_vs_nwt_different_meshes_demonstrative,nwt_demo_structured,mf6_demo_triangular,head_map_last,time_index:11,exact_time_key,time_index:11,11,11,,199,133.2133026123047,134.4844436563943,-1.2711410440896032,1.2711410440896032,0.009451955999738894,m,map,map
example12_mf6_vs_nwt_different_meshes_demonstrative,nwt_demo_structured,mf6_demo_triangular,head_map_last,time_index:11,exact_time_key,time_index:11,11,11,,200,133.18699645996094,133.93685936506728,-0.7498629051063403,0.7498629051063403,0.005598629896662455,m,map,map
example12_mf6_vs_nwt_different_meshes_demonstrative,nwt_demo_structured,mf6_demo_triangular,head_map_last,time_index:11,exact_time_key,time_index:11,11,11,,201,133.14178466796875,127.46320932184028,5.6785753461284685,5.6785753461284685,0.0445507011500884,m,map,map
example12_mf6_vs_nwt_different_meshes_demonstrative,nwt_demo_structured,mf6_demo_triangular,head_map_last,time_index:11,exact_time_key,time_index:11,11,11,,203,132.95298767089844,147.9975288023048,-15.044541131406362,15.044541131406362,0.10165400228744947,m,map,map
example12_mf6_vs_nwt_different_meshes_demonstrative,nwt_demo_structured,mf6_demo_triangular,head_map_last,time_index:11,exact_time_key,time_index:11,11,11,,207,132.2048797607422,143.22122488498016,-11.016345124237972,11.016345124237972,0.07691838366195453,m,map,map
example12_mf6_vs_nwt_different_meshes_demonstrative,nwt_demo_structured,mf6_demo_triangular,head_map_last,time_index:11,exact_time_key,time_index:11,11,11,,208,131.94952392578125,135.2929817684962,-3.3434578427149404,3.3434578427149404,0.02471272196835775,m,map,map
example12_mf6_vs_nwt_different_meshes_demonstrative,nwt_demo_structured,mf6_demo_triangular,head_map_last,time_index:11,exact_time_key,time_index:11,11,11,,212,130.5595703125,180.11126754679591,-49.551697234295915,49.551697234295915,0.27511714235991125,m,map,map
example12_mf6_vs_nwt_different_meshes_demonstrative,nwt_demo_structured,mf6_demo_triangular,head_map_last,time_index:11,exact_time_key,time_index:11,11,11,,214,129.62835693359375,151.78911276554078,-22.16075583194703,22.16075583194703,0.14599700484564643,m,map,map
example12_mf6_vs_nwt_different_meshes_demonstrative,nwt_demo_structured,mf6_demo_triangular,head_map_last,time_index:11,exact_time_key,time_index:11,11,11,,215,129.08001708984375,150.74882327232677,-21.668806182483024,21.668806182483024,0.14374112986168036,m,map,map
example12_mf6_vs_nwt_different_meshes_demonstrative,nwt_demo_structured,mf6_demo_triangular,head_map_last,time_index:11,exact_time_key,time_index:11,11,11,,220,125.14845275878906,145.02157021635603,-19.873117457566963,19.873117457566963,0.13703559703510648,m,map,map
example12_mf6_vs_nwt_different_meshes_demonstrative,nwt_demo_structured,mf6_demo_triangular,head_map_last,time_index:11,exact_time_key,time_index:11,11,11,,221,124.233642578125,159.177544548261,-34.94390197013601,34.94390197013601,0.2195278364753351,m,map,map
example12_mf6_vs_nwt_different_meshes_demonstrative,nwt_demo_structured,mf6_demo_triangular,head_map_last,time_index:11,exact_time_key,time_index:11,11,11,,223,122.34586334228516,147.09471859375174,-24.74885525146658,24.74885525146658,0.1682511478866778,m,map,map
example12_mf6_vs_nwt_different_meshes_demonstrative,nwt_demo_structured,mf6_demo_triangular,head_map_last,time_index:11,exact_time_key,time_index:11,11,11,,227,118.54119110107422,153.86650694620454,-35.32531584513032,35.32531584513032,0.22958418011972487,m,map,map
example12_mf6_vs_nwt_different_meshes_demonstrative,nwt_demo_structured,mf6_demo_triangular,head_map_last,time_index:11,exact_time_key,time_index:11,11,11,,229,116.77517700195312,132.68385882982918,-15.908681827876052,15.908681827876052,0.11989914951357715,m,map,map
example12_mf6_vs_nwt_different_meshes_demonstrative,nwt_demo_structured,mf6_demo_triangular,head_map_last,time_index:11,exact_time_key,time_index:11,11,11,,230,116.00121307373047,178.49516509872902,-62.49395202499855,62.49395202499855,0.3501156571408081,m,map,map
example12_mf6_vs_nwt_different_meshes_demonstrative,nwt_demo_structured,mf6_demo_triangular,head_map_last,time_index:11,exact_time_key,time_index:11,11,11,,231,115.31331634521484,153.80627373051206,-38.49295738529722,38.49295738529722,0.2502690979481222,m,map,map
example12_mf6_vs_nwt_different_meshes_demonstrative,nwt_demo_structured,mf6_demo_triangular,head_map_last,time_index:11,exact_time_key,time_index:11,11,11,,234,113.93795776367188,168.05387518876393,-54.11591742509205,54.11591742509205,0.322015290419856,m,map,map
example12_mf6_vs_nwt_different_meshes_demonstrative,nwt_demo_structured,mf6_demo_triangular,head_map_last,time_index:11,exact_time_key,time_index:11,11,11,,235,113.69007110595703,152.06536778077077,-38.37529667481374,38.37529667481374,0.2523605291254649,m,map,map
example12_mf6_vs_nwt_different_meshes_demonstrative,nwt_demo_structured,mf6_demo_triangular,head_map_last,time_index:11,exact_time_key,time_index:11,11,11,,236,113.66422271728516,145.82397881979242,-32.15975610250726,32.15975610250726,0.2205381883198367,m,map,map
example12_mf6_vs_nwt_different_meshes_demonstrative,nwt_demo_structured,mf6_demo_triangular,head_map_last,time_index:11,exact_time_key,time_index:11,11,11,,238,113.92924499511719,160.14569642066485,-46.21645142554766,46.21645142554766,0.28859003056908866,m,map,map
example12_mf6_vs_nwt_different_meshes_demonstrative,nwt_demo_structured,mf6_demo_triangular,head_map_last,time_index:11,exact_time_key,time_index:11,11,11,,242,134.79811096191406,130.19006321456922,4.608047747344841,4.608047747344841,0.035394773099927085,m,map,map
example12_mf6_vs_nwt_different_meshes_demonstrative,nwt_demo_structured,mf6_demo_triangular,head_map_last,time_index:11,exact_time_key,time_index:11,11,11,,244,135.04322814941406,127.74641831143367,7.2968098379803905,7.2968098379803905,0.05711948667078445,m,map,map
example12_mf6_vs_nwt_different_meshes_demonstrative,nwt_demo_structured,mf6_demo_triangular,head_map_last,time_index:11,exact_time_key,time_index:11,11,11,,248,134.8941192626953,161.68036440122563,-26.78624513853032,26.78624513853032,0.16567407698350822,m,map,map
example12_mf6_vs_nwt_different_meshes_demonstrative,nwt_demo_structured,mf6_demo_triangular,head_map_last,time_index:11,exact_time_key,time_index:11,11,11,,249,134.7333984375,121.1179878613379,13.615410576162105,13.615410576162105,0.11241443832232194,m,map,map
example12_mf6_vs_nwt_different_meshes_demonstrative,nwt_demo_structured,mf6_demo_triangular,head_map_last,time_index:11,exact_time_key,time_index:11,11,11,,252,134.23455810546875,181.566113056466,-47.33155495099726,47.33155495099726,0.26068496017358384,m,map,map
example12_mf6_vs_nwt_different_meshes_demonstrative,nwt_demo_structured,mf6_demo_triangular,head_map_last,time_index:11,exact_time_key,time_index:11,11,11,,254,133.87100219726562,152.31552623449443,-18.444524037228803,18.444524037228803,0.12109418188158239,m,map,map
example12_mf6_vs_nwt_different_meshes_demonstrative,nwt_demo_structured,mf6_demo_triangular,head_map_last,time_index:11,exact_time_key,time_index:11,11,11,,256,133.615966796875,129.13369164986938,4.482275147005623,4.482275147005623,0.03471034622907535,m,map,map
example12_mf6_vs_nwt_different_meshes_demonstrative,nwt_demo_structured,mf6_demo_triangular,head_map_last,time_index:11,exact_time_key,time_index:11,11,11,,258,133.46636962890625,144.7633636816259,-11.29699405271964,11.29699405271964,0.07803765929040452,m,map,map
example12_mf6_vs_nwt_different_meshes_demonstrative,nwt_demo_structured,mf6_demo_triangular,head_map_last,time_index:11,exact_time_key,time_index:11,11,11,,261,133.3462371826172,140.1057770689448,-6.759539886327616,6.759539886327616,0.048245975488942945,m,map,map
example12_mf6_vs_nwt_different_meshes_demonstrative,nwt_demo_structured,mf6_demo_triangular,head_map_last,time_index:11,exact_time_key,time_index:11,11,11,,262,133.25437927246094,126.05953770898446,7.194841563476473,7.194841563476473,0.05707494803039949,m,map,map
example12_mf6_vs_nwt_different_meshes_demonstrative,nwt_demo_structured,mf6_demo_triangular,head_map_last,time_index:11,exact_time_key,time_index:11,11,11,,263,133.1217498779297,160.3256650633893,-27.203915185459607,27.203915185459607,0.16967910393325839,m,map,map
example12_mf6_vs_nwt_different_meshes_demonstrative,nwt_demo_structured,mf6_demo_triangular,head_map_last,time_index:11,exact_time_key,time_index:11,11,11,,265,132.7375946044922,166.17478780746544,-33.43719320297325,33.43719320297325,0.2012170055647339,m,map,map
example12_mf6_vs_nwt_different_meshes_demonstrative,nwt_demo_structured,mf6_demo_triangular,head_map_last,time_index:11,exact_time_key,time_index:11,11,11,,267,132.2515106201172,154.31289075546528,-22.061380135348088,22.061380135348088,0.14296524436385585,m,map,map
example12_mf6_vs_nwt_different_meshes_demonstrative,nwt_demo_structured,mf6_demo_triangular,head_map_last,time_index:11,exact_time_key,time_index:11,11,11,,268,131.9676055908203,132.80748543885917,-0.8398798480388621,0.8398798480388621,0.006324039983616128,m,map,map
example12_mf6_vs_nwt_different_meshes_demonstrative,nwt_demo_structured,mf6_demo_triangular,head_map_last,time_index:11,exact_time_key,time_index:11,11,11,,269,131.65574645996094,174.79127773411096,-43.135531274150026,43.135531274150026,0.24678308799691334,m,map,map
example12_mf6_vs_nwt_different_meshes_demonstrative,nwt_demo_structured,mf6_demo_triangular,head_map_last,time_index:11,exact_time_key,time_index:11,11,11,,273,130.06793212890625,132.90508876536842,-2.8371566364621685,2.8371566364621685,0.02134723856564217,m,map,map
example12_mf6_vs_nwt_different_meshes_demonstrative,nwt_demo_structured,mf6_demo_triangular,head_map_last,time_index:11,exact_time_key,time_index:11,11,11,,274,129.574462890625,130.28721875470396,-0.7127558640789573,0.7127558640789573,0.005470650696910541,m,map,map
example12_mf6_vs_nwt_different_meshes_demonstrative,nwt_demo_structured,mf6_demo_triangular,head_map_last,time_index:11,exact_time_key,time_index:11,11,11,,275,129.0236358642578,136.48512955813467,-7.461493693876861,7.461493693876861,0.05466891314851045,m,map,map
example12_mf6_vs_nwt_different_meshes_demonstrative,nwt_demo_structured,mf6_demo_triangular,head_map_last,time_index:11,exact_time_key,time_index:11,11,11,,276,128.38430786132812,154.76320925541341,-26.37890139408529,26.37890139408529,0.17044684922855843,m,map,map
example12_mf6_vs_nwt_different_meshes_demonstrative,nwt_demo_structured,mf6_demo_triangular,head_map_last,time_index:11,exact_time_key,time_index:11,11,11,,282,123.19105529785156,158.76322317886599,-35.57216788101442,35.57216788101442,0.22405798502174568,m,map,map
example12_mf6_vs_nwt_different_meshes_demonstrative,nwt_demo_structured,mf6_demo_triangular,head_map_last,time_index:11,exact_time_key,time_index:11,11,11,,284,121.2891616821289,151.54446471855653,-30.25530303642762,30.25530303642762,0.19964637502674076,m,map,map
example12_mf6_vs_nwt_different_meshes_demonstrative,nwt_demo_structured,mf6_demo_triangular,head_map_last,time_index:11,exact_time_key,time_index:11,11,11,,285,120.33155822753906,160.04551444373476,-39.7139562161957,39.7139562161957,0.24814163867215064,m,map,map
example12_mf6_vs_nwt_different_meshes_demonstrative,nwt_demo_structured,mf6_demo_triangular,head_map_last,time_index:11,exact_time_key,time_index:11,11,11,,287,118.44788360595703,146.40417720532596,-27.956293599368934,27.956293599368934,0.1909528411895062,m,map,map
example12_mf6_vs_nwt_different_meshes_demonstrative,nwt_demo_structured,mf6_demo_triangular,head_map_last,time_index:11,exact_time_key,time_index:11,11,11,,288,117.55646514892578,124.43297879896438,-6.8765136500386035,6.8765136500386035,0.05526279059145882,m,map,map
example12_mf6_vs_nwt_different_meshes_demonstrative,nwt_demo_structured,mf6_demo_triangular,head_map_last,time_index:11,exact_time_key,time_index:11,11,11,,289,116.74314880371094,167.68613561907503,-50.942986815364094,50.942986815364094,0.30379963511765196,m,map,map
example12_mf6_vs_nwt_different_meshes_demonstrative,nwt_demo_structured,mf6_demo_triangular,head_map_last,time_index:11,exact_time_key,time_index:11,11,11,,294,114.32524871826172,184.07493594075913,-69.74968722249741,69.74968722249741,0.37892006788444554,m,map,map
example12_mf6_vs_nwt_different_meshes_demonstrative,nwt_demo_structured,mf6_demo_triangular,head_map_last,time_index:11,exact_time_key,time_index:11,11,11,,295,114.22107696533203,154.2874549758967,-40.06637801056468,40.06637801056468,0.25968655725654416,m,map,map
example12_mf6_vs_nwt_different_meshes_demonstrative,nwt_demo_structured,mf6_demo_triangular,head_map_last,time_index:11,exact_time_key,time_index:11,11,11,,296,114.28556823730469,152.28760554677046,-38.00203730946578,38.00203730946578,0.24954123595957792,m,map,map
example12_mf6_vs_nwt_different_meshes_demonstrative,nwt_demo_structured,mf6_demo_triangular,head_map_last,time_index:11,exact_time_key,time_index:11,11,11,,297,114.4462661743164,124.98288938427788,-10.536623209961476,10.536623209961476,0.0843045256984347,m,map,map
example12_mf6_vs_nwt_different_meshes_demonstrative,nwt_demo_structured,mf6_demo_triangular,head_map_last,time_index:11,exact_time_key,time_index:11,11,11,,298,114.62821960449219,135.21104991088467,-20.58283030639248,20.58283030639248,0.15222742756570767,m,map,map
example12_mf6_vs_nwt_different_meshes_demonstrative,nwt_demo_structured,mf6_demo_triangular,head_map_last,time_index:11,exact_time_key,time_index:11,11,11,,299,114.7533950805664,134.50017631945417,-19.746781238887763,19.746781238887763,0.14681602492465715,m,map,map
example12_mf6_vs_nwt_different_meshes_demonstrative,nwt_demo_structured,mf6_demo_triangular,head_map_last,time_index:11,exact_time_key,time_index:11,11,11,,300,134.76295471191406,153.5999644284296,-18.837009716515524,18.837009716515524,0.1226368104095017,m,map,map
example12_mf6_vs_nwt_different_meshes_demonstrative,nwt_demo_structured,mf6_demo_triangular,head_map_last,time_index:11,exact_time_key,time_index:11,11,11,,301,134.83851623535156,128.972208513226,5.866307722125555,5.866307722125555,0.04548505286333814,m,map,map
example12_mf6_vs_nwt_different_meshes_demonstrative,nwt_demo_structured,mf6_demo_triangular,head_map_last,time_index:11,exact_time_key,time_index:11,11,11,,304,135.11756896972656,211.81430795439363,-76.69673898466706,76.69673898466706,0.3620942311469387,m,map,map
example12_mf6_vs_nwt_different_meshes_demonstrative,nwt_demo_structured,mf6_demo_triangular,head_map_last,time_index:11,exact_time_key,time_index:11,11,11,,307,135.01400756835938,152.5353037203584,-17.521296151999024,17.521296151999024,0.11486715353529343,m,map,map
example12_mf6_vs_nwt_different_meshes_demonstrative,nwt_demo_structured,mf6_demo_triangular,head_map_last,time_index:11,exact_time_key,time_index:11,11,11,,309,134.7357940673828,188.1811435173156,-53.44534944993279,53.44534944993279,0.284010121582745,m,map,map
example12_mf6_vs_nwt_different_meshes_demonstrative,nwt_demo_structured,mf6_demo_triangular,head_map_last,time_index:11,exact_time_key,time_index:11,11,11,,310,134.5611114501953,126.41448182044871,8.146629629746599,8.146629629746599,0.06444380036551164,m,map,map
example12_mf6_vs_nwt_different_meshes_demonstrative,nwt_demo_structured,mf6_demo_triangular,head_map_last,time_index:11,exact_time_key,time_index:11,11,11,,311,134.40603637695312,126.41295346125483,7.993082915698295,7.993082915698295,0.06322993567386391,m,map,map
example12_mf6_vs_nwt_different_meshes_demonstrative,nwt_demo_structured,mf6_demo_triangular,head_map_last,time_index:11,exact_time_key,time_index:11,11,11,,312,134.26173400878906,158.21176500456195,-23.95003099577289,23.95003099577289,0.15137958289689965,m,map,map
example12_mf6_vs_nwt_different_meshes_demonstrative,nwt_demo_structured,mf6_demo_triangular,head_map_last,time_index:11,exact_time_key,time_index:11,11,11,,313,134.1110076904297,163.55373933737258,-29.44273164694289,29.44273164694289,0.18001870068045045,m,map,map
example12_mf6_vs_nwt_different_meshes_demonstrative,nwt_demo_structured,mf6_demo_triangular,head_map_last,time_index:11,exact_time_key,time_index:11,11,11,,315,133.8620147705078,132.53602368514532,1.3259910853624888,1.3259910853624888,0.01000475982675121,m,map,map
example12_mf6_vs_nwt_different_meshes_demonstrative,nwt_demo_structured,mf6_demo_triangular,head_map_last,time_index:11,exact_time_key,time_index:11,11,11,,316,133.77674865722656,128.21964481587855,5.55710384134801,5.55710384134801,0.04334050253631513,m,map,map
example12_mf6_vs_nwt_different_meshes_demonstrative,nwt_demo_structured,mf6_demo_triangular,head_map_last,time_index:11,exact_time_key,time_index:11,11,11,,317,133.7017059326172,140.9804974096903,-7.278791477073099,7.278791477073099,0.05162977582580718,m,map,map
example12_mf6_vs_nwt_different_meshes_demonstrative,nwt_demo_structured,mf6_demo_triangular,head_map_last,time_index:11,exact_time_key,time_index:11,11,11,,318,133.64854431152344,155.05379827357694,-21.405253962053507,21.405253962053507,0.13805049731375219,m,map,map
example12_mf6_vs_nwt_different_meshes_demonstrative,nwt_demo_structured,mf6_demo_triangular,head_map_last,time_index:11,exact_time_key,time_index:11,11,11,,319,133.61781311035156,136.3399774513826,-2.722164341031032,2.722164341031032,0.019966002576182963,m,map,map
example12_mf6_vs_nwt_different_meshes_demonstrative,nwt_demo_structured,mf6_demo_triangular,head_map_last,time_index:11,exact_time_key,time_index:11,11,11,,321,133.531494140625,169.55477231873823,-36.02327817811323,36.02327817811323,0.21245806110602847,m,map,map
example12_mf6_vs_nwt_different_meshes_demonstrative,nwt_demo_structured,mf6_demo_triangular,head_map_last,time_index:11,exact_time_key,time_index:11,11,11,,324,133.06988525390625,125.71274777865237,7.357137475253879,7.357137475253879,0.0585234004128833,m,map,map
example12_mf6_vs_nwt_different_meshes_demonstrative,nwt_demo_structured,mf6_demo_triangular,head_map_last,time_index:11,exact_time_key,time_index:11,11,11,,325,132.82733154296875,149.60546364113262,-16.778132098163866,16.778132098163866,0.11214919355091572,m,map,map
example12_mf6_vs_nwt_different_meshes_demonstrative,nwt_demo_structured,mf6_demo_triangular,head_map_last,time_index:11,exact_time_key,time_index:11,11,11,,328,131.97145080566406,154.65341440409748,-22.681963598433413,22.681963598433413,0.14666319321710666,m,map,map
example12_mf6_vs_nwt_different_meshes_demonstrative,nwt_demo_structured,mf6_demo_triangular,head_map_last,time_index:11,exact_time_key,time_index:11,11,11,,329,131.6356964111328,158.98137376857278,-27.345677357439968,27.345677357439968,0.17200554196522877,m,map,map
example12_mf6_vs_nwt_different_meshes_demonstrative,nwt_demo_structured,mf6_demo_triangular,head_map_last,time_index:11,exact_time_key,time_index:11,11,11,,334,129.5154571533203,142.00724010854202,-12.491782955221709,12.491782955221709,0.0879658174165889,m,map,map
example12_mf6_vs_nwt_different_meshes_demonstrative,nwt_demo_structured,mf6_demo_triangular,head_map_last,time_index:11,exact_time_key,time_index:11,11,11,,337,127.59870910644531,152.47458518767252,-24.875876081227204,24.875876081227204,0.16314768819084746,m,map,map
example12_mf6_vs_nwt_different_meshes_demonstrative,nwt_demo_structured,mf6_demo_triangular,head_map_last,time_index:11,exact_time_key,time_index:11,11,11,,338,126.79647827148438,152.4164672265128,-25.61998895502842,25.61998895502842,0.1680920009578324,m,map,map
example12_mf6_vs_nwt_different_meshes_demonstrative,nwt_demo_structured,mf6_demo_triangular,head_map_last,time_index:11,exact_time_key,time_index:11,11,11,,339,125.94108581542969,127.61900303058415,-1.6779172151544657,1.6779172151544657,0.013147863369159445,m,map,map
example12_mf6_vs_nwt_different_meshes_demonstrative,nwt_demo_structured,mf6_demo_triangular,head_map_last,time_index:11,exact_time_key,time_index:11,11,11,,340,125.03924560546875,126.75484559958116,-1.7155999941124094,1.7155999941124094,0.013534788244166962,m,map,map
example12_mf6_vs_nwt_different_meshes_demonstrative,nwt_demo_structured,mf6_demo_triangular,head_map_last,time_index:11,exact_time_key,time_index:11,11,11,,341,124.10264587402344,156.55912386710025,-32.45647799307682,32.45647799307682,0.2073113159513363,m,map,map
example12_mf6_vs_nwt_different_meshes_demonstrative,nwt_demo_structured,mf6_demo_triangular,head_map_last,time_index:11,exact_time_key,time_index:11,11,11,,345,120.3526840209961,152.8103273521691,-32.45764333117302,32.45764333117302,0.21240477586551212,m,map,map
example12_mf6_vs_nwt_different_meshes_demonstrative,nwt_demo_structured,mf6_demo_triangular,head_map_last,time_index:11,exact_time_key,time_index:11,11,11,,347,118.51741027832031,158.68436479323557,-40.16695451491526,40.16695451491526,0.25312484041671324,m,map,map
example12_mf6_vs_nwt_different_meshes_demonstrative,nwt_demo_structured,mf6_demo_triangular,head_map_last,time_index:11,exact_time_key,time_index:11,11,11,,349,116.89812469482422,152.8030296982474,-35.90490500342318,35.90490500342318,0.2349750857317916,m,map,map
example12_mf6_vs_nwt_different_meshes_demonstrative,nwt_demo_structured,mf6_demo_triangular,head_map_last,time_index:11,exact_time_key,time_index:11,11,11,,350,116.24085998535156,154.76042710549618,-38.519567120144615,38.519567120144615,0.24889804093062384,m,map,map
example12_mf6_vs_nwt_different_meshes_demonstrative,nwt_demo_structured,mf6_demo_triangular,head_map_last,time_index:11,exact_time_key,time_index:11,11,11,,351,115.70468139648438,159.0846488553968,-43.37996745891243,43.37996745891243,0.2726848113317554,m,map,map
example12_mf6_vs_nwt_different_meshes_demonstrative,nwt_demo_structured,mf6_demo_triangular,head_map_last,time_index:11,exact_time_key,time_index:11,11,11,,359,115.5127944946289,141.39482303729113,-25.882028542662226,25.882028542662226,0.18304792202919737,m,map,map
example12_mf6_vs_nwt_different_meshes_demonstrative,nwt_demo_structured,mf6_demo_triangular,head_map_last,time_index:11,exact_time_key,time_index:11,11,11,,363,135.1287078857422,161.3330554839635,-26.204347598221318,26.204347598221318,0.1624239218653243,m,map,map
example12_mf6_vs_nwt_different_meshes_demonstrative,nwt_demo_structured,mf6_demo_triangular,head_map_last,time_index:11,exact_time_key,time_index:11,11,11,,365,135.13934326171875,126.83427294772353,8.305070313995216,8.305070313995216,0.06547970135342096,m,map,map
example12_mf6_vs_nwt_different_meshes_demonstrative,nwt_demo_structured,mf6_demo_triangular,head_map_last,time_index:11,exact_time_key,time_index:11,11,11,,369,134.69017028808594,128.82318920774654,5.8669810803394,5.8669810803394,0.04554289578158185,m,map,map
example12_mf6_vs_nwt_different_meshes_demonstrative,nwt_demo_structured,mf6_demo_triangular,head_map_last,time_index:11,exact_time_key,time_index:11,11,11,,371,134.38258361816406,156.76374681383376,-22.3811631956697,22.3811631956697,0.14277001953933047,m,map,map
example12_mf6_vs_nwt_different_meshes_demonstrative,nwt_demo_structured,mf6_demo_triangular,head_map_last,time_index:11,exact_time_key,time_index:11,11,11,,377,133.84075927734375,126.19022438326766,7.650534894076088,7.650534894076088,0.06062700127103126,m,map,map
example12_mf6_vs_nwt_different_meshes_demonstrative,nwt_demo_structured,mf6_demo_triangular,head_map_last,time_index:11,exact_time_key,time_index:11,11,11,,378,133.8025360107422,162.94823168981495,-29.14569567907276,29.14569567907276,0.17886475586033934,m,map,map
example12_mf6_vs_nwt_different_meshes_demonstrative,nwt_demo_structured,mf6_demo_triangular,head_map_last,time_index:11,exact_time_key,time_index:11,11,11,,379,133.77467346191406,135.1742725815011,-1.3995991195870374,1.3995991195870374,0.01035403477938579,m,map,map
example12_mf6_vs_nwt_different_meshes_demonstrative,nwt_demo_structured,mf6_demo_triangular,head_map_last,time_index:11,exact_time_key,time_index:11,11,11,,380,133.73977661132812,133.6741607971986,0.06561581412952933,0.06561581412952933,0.0004908638568457311,m,map,map
example12_mf6_vs_nwt_different_meshes_demonstrative,nwt_demo_structured,mf6_demo_triangular,head_map_last,time_index:11,exact_time_key,time_index:11,11,11,,387,132.28997802734375,124.69647690211333,7.593501125230418,7.593501125230418,0.06089587543993975,m,map,map
example12_mf6_vs_nwt_different_meshes_demonstrative,nwt_demo_structured,mf6_demo_triangular,head_map_last,time_index:11,exact_time_key,time_index:11,11,11,,390,131.21839904785156,148.20756217875572,-16.98916313090416,16.98916313090416,0.11463087902635652,m,map,map
example12_mf6_vs_nwt_different_meshes_demonstrative,nwt_demo_structured,mf6_demo_triangular,head_map_last,time_index:11,exact_time_key,time_index:11,11,11,,392,130.39488220214844,164.86491888407608,-34.47003668192764,34.47003668192764,0.20908048185900038,m,map,map
example12_mf6_vs_nwt_different_meshes_demonstrative,nwt_demo_structured,mf6_demo_triangular,head_map_last,time_index:11,exact_time_key,time_index:11,11,11,,398,126.74824523925781,155.82774346746152,-29.079498228203704,29.079498228203704,0.18661309970310783,m,map,map
example12_mf6_vs_nwt_different_meshes_demonstrative,nwt_demo_structured,mf6_demo_triangular,head_map_last,time_index:11,exact_time_key,time_index:11,11,11,,401,124.09431457519531,154.46285433504616,-30.368539759850847,30.368539759850847,0.19660739723207687,m,map,map
example12_mf6_vs_nwt_different_meshes_demonstrative,nwt_demo_structured,mf6_demo_triangular,head_map_last,time_index:11,exact_time_key,time_index:11,11,11,,412,115.8316879272461,192.70872173091954,-76.87703380367344,76.87703380367344,0.3989286686827665,m,map,map
example12_mf6_vs_nwt_different_meshes_demonstrative,nwt_demo_structured,mf6_demo_triangular,head_map_last,time_index:11,exact_time_key,time_index:11,11,11,,414,115.55540466308594,128.704969022097,-13.149564359011066,13.149564359011066,0.10216827259212855,m,map,map
example12_mf6_vs_nwt_different_meshes_demonstrative,nwt_demo_structured,mf6_demo_triangular,head_map_last,time_index:11,exact_time_key,time_index:11,11,11,,415,115.56898498535156,156.17920578395118,-40.61022079859961,40.61022079859961,0.26002322520948995,m,map,map
example12_mf6_vs_nwt_different_meshes_demonstrative,nwt_demo_structured,mf6_demo_triangular,head_map_last,time_index:11,exact_time_key,time_index:11,11,11,,422,135.14242553710938,154.37459480765423,-19.23216927054486,19.23216927054486,0.12458118056606089,m,map,map
example12_mf6_vs_nwt_different_meshes_demonstrative,nwt_demo_structured,mf6_demo_triangular,head_map_last,time_index:11,exact_time_key,time_index:11,11,11,,426,135.0035400390625,152.37539904392938,-17.371859004866877,17.371859004866877,0.11400697956406088,m,map,map
example12_mf6_vs_nwt_different_meshes_demonstrative,nwt_demo_structured,mf6_demo_triangular,head_map_last,time_index:11,exact_time_key,time_index:11,11,11,,428,134.7350311279297,127.42540824490025,7.309622883029434,7.309622883029434,0.057363935369788975,m,map,map
example12_mf6_vs_nwt_different_meshes_demonstrative,nwt_demo_structured,mf6_demo_triangular,head_map_last,time_index:11,exact_time_key,time_index:11,11,11,,431,134.313720703125,144.4625856954598,-10.148864992334808,10.148864992334808,0.07025254977596436,m,map,map
example12_mf6_vs_nwt_different_meshes_demonstrative,nwt_demo_structured,mf6_demo_triangular,head_map_last,time_index:11,exact_time_key,time_index:11,11,11,,433,134.1180419921875,138.9293004840386,-4.811258491851106,4.811258491851106,0.03463098478930199,m,map,map
example12_mf6_vs_nwt_different_meshes_demonstrative,nwt_demo_structured,mf6_demo_triangular,head_map_last,time_index:11,exact_time_key,time_index:11,11,11,,436,133.96160888671875,128.51160957906032,5.44999930765843,5.44999930765843,0.04240861448634796,m,map,map
example12_mf6_vs_nwt_different_meshes_demonstrative,nwt_demo_structured,mf6_demo_triangular,head_map_last,time_index:11,exact_time_key,time_index:11,11,11,,437,133.93338012695312,153.4688208357275,-19.535440708774388,19.535440708774388,0.127292570584647,m,map,map
example12_mf6_vs_nwt_different_meshes_demonstrative,nwt_demo_structured,mf6_demo_triangular,head_map_last,time_index:11,exact_time_key,time_index:11,11,11,,441,133.76724243164062,153.5760295042873,-19.80878707264668,19.80878707264668,0.12898358641374882,m,map,map
example12_mf6_vs_nwt_different_meshes_demonstrative,nwt_demo_structured,mf6_demo_triangular,head_map_last,time_index:11,exact_time_key,time_index:11,11,11,,442,133.64051818847656,122.95956000437783,10.680958184098728,10.680958184098728,0.08686561812451545,m,map,map
example12_mf6_vs_nwt_different_meshes_demonstrative,nwt_demo_structured,mf6_demo_triangular,head_map_last,time_index:11,exact_time_key,time_index:11,11,11,,443,133.45953369140625,151.0464163209607,-17.586882629554452,17.586882629554452,0.11643363052178499,m,map,map
example12_mf6_vs_nwt_different_meshes_demonstrative,nwt_demo_structured,mf6_demo_triangular,head_map_last,time_index:11,exact_time_key,time_index:11,11,11,,445,132.93612670898438,141.5793571690763,-8.643230460091928,8.643230460091928,0.06104866297542265,m,map,map
example12_mf6_vs_nwt_different_meshes_demonstrative,nwt_demo_structured,mf6_demo_triangular,head_map_last,time_index:11,exact_time_key,time_index:11,11,11,,451,130.7467803955078,131.79438051121366,-1.0476001157058477,1.0476001157058477,0.007948746461285678,m,map,map
example12_mf6_vs_nwt_different_meshes_demonstrative,nwt_demo_structured,mf6_demo_triangular,head_map_last,time_index:11,exact_time_key,time_index:11,11,11,,452,130.31166076660156,153.54802684850756,-23.236366081906,23.236366081906,0.15132962994588847,m,map,map
example12_mf6_vs_nwt_different_meshes_demonstrative,nwt_demo_structured,mf6_demo_triangular,head_map_last,time_index:11,exact_time_key,time_index:11,11,11,,457,127.4437484741211,155.52988693783252,-28.08613846371142,28.08613846371142,0.18058354581674613,m,map,map
example12_mf6_vs_nwt_different_meshes_demonstrative,nwt_demo_structured,mf6_demo_triangular,head_map_last,time_index:11,exact_time_key,time_index:11,11,11,,459,125.85746002197266,165.19292926873882,-39.335469246766166,39.335469246766166,0.23811835906592901,m,map,map
example12_mf6_vs_nwt_different_meshes_demonstrative,nwt_demo_structured,mf6_demo_triangular,head_map_last,time_index:11,exact_time_key,time_index:11,11,11,,461,124.11738586425781,165.88054328288314,-41.763157418625326,41.763157418625326,0.25176646152770815,m,map,map
example12_mf6_vs_nwt_different_meshes_demonstrative,nwt_demo_structured,mf6_demo_triangular,head_map_last,time_index:11,exact_time_key,time_index:11,11,11,,463,122.36436462402344,156.1475272992694,-33.78316267524596,33.78316267524596,0.2163541316315422,m,map,map
example12_mf6_vs_nwt_different_meshes_demonstrative,nwt_demo_structured,mf6_demo_triangular,head_map_last,time_index:11,exact_time_key,time_index:11,11,11,,467,119.08922576904297,138.83394894237017,-19.744723173327202,19.744723173327202,0.14221826378736238,m,map,map
example12_mf6_vs_nwt_different_meshes_demonstrative,nwt_demo_structured,mf6_demo_triangular,head_map_last,time_index:11,exact_time_key,time_index:11,11,11,,468,118.36405181884766,156.16977974736463,-37.80572792851697,37.80572792851697,0.24208094542795144,m,map,map
example12_mf6_vs_nwt_different_meshes_demonstrative,nwt_demo_structured,mf6_demo_triangular,head_map_last,time_index:11,exact_time_key,time_index:11,11,11,,470,117.154541015625,123.07348565119301,-5.91894463556801,5.91894463556801,0.04809276835095988,m,map,map
example12_mf6_vs_nwt_different_meshes_demonstrative,nwt_demo_structured,mf6_demo_triangular,head_map_last,time_index:11,exact_time_key,time_index:11,11,11,,472,116.49264526367188,154.49850234653883,-38.00585708286695,38.00585708286695,0.24599498704278788,m,map,map
example12_mf6_vs_nwt_different_meshes_demonstrative,nwt_demo_structured,mf6_demo_triangular,head_map_last,time_index:11,exact_time_key,time_index:11,11,11,,473,116.36038208007812,126.75793288312363,-10.397550803045505,10.397550803045505,0.08202682519785569,m,map,map
example12_mf6_vs_nwt_different_meshes_demonstrative,nwt_demo_structured,mf6_demo_triangular,head_map_last,time_index:11,exact_time_key,time_index:11,11,11,,474,116.31329345703125,152.9387179588624,-36.62542450183116,36.62542450183116,0.2394777790126546,m,map,map
example12_mf6_vs_nwt_different_meshes_demonstrative,nwt_demo_structured,mf6_demo_triangular,head_map_last,time_index:11,exact_time_key,time_index:11,11,11,,475,116.3494873046875,126.23608021537204,-9.886592910684541,9.886592910684541,0.0783182818558448,m,map,map
example12_mf6_vs_nwt_different_meshes_demonstrative,nwt_demo_structured,mf6_demo_triangular,head_map_last,time_index:11,exact_time_key,time_index:11,11,11,,478,116.98490905761719,163.43830074682612,-46.45339168920893,46.45339168920893,0.2842258606271702,m,map,map
example12_mf6_vs_nwt_different_meshes_demonstrative,nwt_demo_structured,mf6_demo_triangular,head_map_last,time_index:11,exact_time_key,time_index:11,11,11,,482,135.15292358398438,140.20341992367057,-5.050496339686191,5.050496339686191,0.036022632988808534,m,map,map
example12_mf6_vs_nwt_different_meshes_demonstrative,nwt_demo_structured,mf6_demo_triangular,head_map_last,time_index:11,exact_time_key,time_index:11,11,11,,483,135.13108825683594,153.06387201451562,-17.932783757679687,17.932783757679687,0.1171588273683489,m,map,map
example12_mf6_vs_nwt_different_meshes_demonstrative,nwt_demo_structured,mf6_demo_triangular,head_map_last,time_index:11,exact_time_key,time_index:11,11,11,,484,135.0802459716797,167.48733721268576,-32.40709124100607,32.40709124100607,0.19348979917122658,m,map,map
example12_mf6_vs_nwt_different_meshes_demonstrative,nwt_demo_structured,mf6_demo_triangular,head_map_last,time_index:11,exact_time_key,time_index:11,11,11,,485,134.99114990234375,141.42131924733002,-6.430169344986268,6.430169344986268,0.04546817537277123,m,map,map
example12_mf6_vs_nwt_different_meshes_demonstrative,nwt_demo_structured,mf6_demo_triangular,head_map_last,time_index:11,exact_time_key,time_index:11,11,11,,486,134.86805725097656,133.7532372068821,1.114820044094472,1.114820044094472,0.008334901400331194,m,map,map
example12_mf6_vs_nwt_different_meshes_demonstrative,nwt_demo_structured,mf6_demo_triangular,head_map_last,time_index:11,exact_time_key,time_index:11,11,11,,487,134.7257080078125,146.59019261349678,-11.864484605684282,11.864484605684282,0.08093641460016679,m,map,map
example12_mf6_vs_nwt_different_meshes_demonstrative,nwt_demo_structured,mf6_demo_triangular,head_map_last,time_index:11,exact_time_key,time_index:11,11,11,,488,134.57803344726562,143.05777792089046,-8.479744473624834,8.479744473624834,0.05927496286370426,m,map,map
example12_mf6_vs_nwt_different_meshes_demonstrative,nwt_demo_structured,mf6_demo_triangular,head_map_last,time_index:11,exact_time_key,time_index:11,11,11,,489,134.43310546875,133.0010186904055,1.4320867783445124,1.4320867783445124,0.010767487290289613,m,map,map
example12_mf6_vs_nwt_different_meshes_demonstrative,nwt_demo_structured,mf6_demo_triangular,head_map_last,time_index:11,exact_time_key,time_index:11,11,11,,490,134.3028106689453,134.18566407265462,0.11714659629069502,0.11714659629069502,0.0008730187170163437,m,map,map
example12_mf6_vs_nwt_different_meshes_demonstrative,nwt_demo_structured,mf6_demo_triangular,head_map_last,time_index:11,exact_time_key,time_index:11,11,11,,491,134.20516967773438,144.7404230836658,-10.535253405931428,10.535253405931428,0.07278722268098958,m,map,map
example12_mf6_vs_nwt_different_meshes_demonstrative,nwt_demo_structured,mf6_demo_triangular,head_map_last,time_index:11,exact_time_key,time_index:11,11,11,,499,133.9421844482422,163.4305195498536,-29.488335101611426,29.488335101611426,0.18043346605537874,m,map,map
example12_mf6_vs_nwt_different_meshes_demonstrative,nwt_demo_structured,mf6_demo_triangular,head_map_last,time_index:11,exact_time_key,time_index:11,11,11,,502,133.663330078125,153.6956709137632,-20.032340835638195,20.032340835638195,0.13033770383082618,m,map,map
example12_mf6_vs_nwt_different_meshes_demonstrative,nwt_demo_structured,mf6_demo_triangular,head_map_last,time_index:11,exact_time_key,time_index:11,11,11,,503,133.47052001953125,134.51871130399797,-1.048191284466725,1.048191284466725,0.0077921597248870765,m,map,map
example12_mf6_vs_nwt_different_meshes_demonstrative,nwt_demo_structured,mf6_demo_triangular,head_map_last,time_index:11,exact_time_key,time_index:11,11,11,,504,133.2249298095703,158.63456619936466,-25.409636389794343,25.409636389794343,0.16017717322629846,m,map,map
example12_mf6_vs_nwt_different_meshes_demonstrative,nwt_demo_structured,mf6_demo_triangular,head_map_last,time_index:11,exact_time_key,time_index:11,11,11,,505,132.92933654785156,182.79304267536713,-49.86370612751557,49.86370612751557,0.2727877680556554,m,map,map
example12_mf6_vs_nwt_different_meshes_demonstrative,nwt_demo_structured,mf6_demo_triangular,head_map_last,time_index:11,exact_time_key,time_index:11,11,11,,508,131.8497314453125,159.36992443723784,-27.52019299192534,27.52019299192534,0.17268122005518793,m,map,map
example12_mf6_vs_nwt_different_meshes_demonstrative,nwt_demo_structured,mf6_demo_triangular,head_map_last,time_index:11,exact_time_key,time_index:11,11,11,,512,130.20785522460938,129.68330506817694,0.52455015643244,0.52455015643244,0.004044854934539755,m,map,map
example12_mf6_vs_nwt_different_meshes_demonstrative,nwt_demo_structured,mf6_demo_triangular,head_map_last,time_index:11,exact_time_key,time_index:11,11,11,,515,128.66445922851562,159.3008342692412,-30.636375040725568,30.636375040725568,0.19231773129917018,m,map,map
example12_mf6_vs_nwt_different_meshes_demonstrative,nwt_demo_structured,mf6_demo_triangular,head_map_last,time_index:11,exact_time_key,time_index:11,11,11,,516,128.03176879882812,186.3523473206756,-58.320578521847466,58.320578521847466,0.31295864720978944,m,map,map
example12_mf6_vs_nwt_different_meshes_demonstrative,nwt_demo_structured,mf6_demo_triangular,head_map_last,time_index:11,exact_time_key,time_index:11,11,11,,517,127.34105682373047,175.09262152594636,-47.75156470221589,47.75156470221589,0.2727217417048025,m,map,map
example12_mf6_vs_nwt_different_meshes_demonstrative,nwt_demo_structured,mf6_demo_triangular,head_map_last,time_index:11,exact_time_key,time_index:11,11,11,,519,125.81478881835938,153.5492885944757,-27.734499776116337,27.734499776116337,0.1806227826256054,m,map,map
example12_mf6_vs_nwt_different_meshes_demonstrative,nwt_demo_structured,mf6_demo_triangular,head_map_last,time_index:11,exact_time_key,time_index:11,11,11,,520,125.00147247314453,152.4599351687992,-27.458462695654674,27.458462695654674,0.1801028097332815,m,map,map
example12_mf6_vs_nwt_different_meshes_demonstrative,nwt_demo_structured,mf6_demo_triangular,head_map_last,time_index:11,exact_time_key,time_index:11,11,11,,521,124.18746185302734,187.64977081555696,-63.46230896252962,63.46230896252962,0.33819550477846,m,map,map
example12_mf6_vs_nwt_different_meshes_demonstrative,nwt_demo_structured,mf6_demo_triangular,head_map_last,time_index:11,exact_time_key,time_index:11,11,11,,524,121.73685455322266,126.70070749154827,-4.963852938325616,4.963852938325616,0.03917778390193074,m,map,map
example12_mf6_vs_nwt_different_meshes_demonstrative,nwt_demo_structured,mf6_demo_triangular,head_map_last,time_index:11,exact_time_key,time_index:11,11,11,,526,120.25032043457031,126.87790054097067,-6.627580106400359,6.627580106400359,0.052235890396533,m,map,map
example12_mf6_vs_nwt_different_meshes_demonstrative,nwt_demo_structured,mf6_demo_triangular,head_map_last,time_index:11,exact_time_key,time_index:11,11,11,,528,118.89196014404297,156.24683430844644,-37.35487416440347,37.35487416440347,0.2390760384345536,m,map,map
example12_mf6_vs_nwt_different_meshes_demonstrative,nwt_demo_structured,mf6_demo_triangular,head_map_last,time_index:11,exact_time_key,time_index:11,11,11,,531,117.39714050292969,126.0254139163166,-8.628273413386907,8.628273413386907,0.06846455127785776,m,map,map
example12_mf6_vs_nwt_different_meshes_demonstrative,nwt_demo_structured,mf6_demo_triangular,head_map_last,time_index:11,exact_time_key,time_index:11,11,11,,538,117.82112121582031,125.54249715697007,-7.721375941149759,7.721375941149759,0.06150408121558598,m,map,map
example12_mf6_vs_nwt_different_meshes_demonstrative,nwt_demo_structured,mf6_demo_triangular,head_map_last,time_index:11,exact_time_key,time_index:11,11,11,,539,117.98194885253906,126.06238809288462,-8.080439240345555,8.080439240345555,0.06409873208487665,m,map,map
example12_mf6_vs_nwt_different_meshes_demonstrative,nwt_demo_structured,mf6_demo_triangular,head_map_last,time_index:11,exact_time_key,time_index:11,11,11,,540,135.1197509765625,153.05519790569465,-17.935446929132155,17.935446929132155,0.11718286719137187,m,map,map
example12_mf6_vs_nwt_different_meshes_demonstrative,nwt_demo_structured,mf6_demo_triangular,head_map_last,time_index:11,exact_time_key,time_index:11,11,11,,542,135.07635498046875,145.7731166726559,-10.696761692187152,10.696761692187152,0.07337952248223865,m,map,map
example12_mf6_vs_nwt_different_meshes_demonstrative,nwt_demo_structured,mf6_demo_triangular,head_map_last,time_index:11,exact_time_key,time_index:11,11,11,,544,134.9333953857422,164.80045146413505,-29.867056078392864,29.867056078392864,0.18123163991994723,m,map,map
example12_mf6_vs_nwt_different_meshes_demonstrative,nwt_demo_structured,mf6_demo_triangular,head_map_last,time_index:11,exact_time_key,time_index:11,11,11,,547,134.51202392578125,126.80518145614272,7.706842469638531,7.706842469638531,0.06077703119965998,m,map,map
example12_mf6_vs_nwt_different_meshes_demonstrative,nwt_demo_structured,mf6_demo_triangular,head_map_last,time_index:11,exact_time_key,time_index:11,11,11,,548,134.3688201904297,120.6124523718809,13.756367818548782,13.756367818548782,0.11405429164257574,m,map,map
example12_mf6_vs_nwt_different_meshes_demonstrative,nwt_demo_structured,mf6_demo_triangular,head_map_last,time_index:11,exact_time_key,time_index:11,11,11,,549,134.2381134033203,204.8006334892817,-70.56252008596138,70.56252008596138,0.3445424893651723,m,map,map
example12_mf6_vs_nwt_different_meshes_demonstrative,nwt_demo_structured,mf6_demo_triangular,head_map_last,time_index:11,exact_time_key,time_index:11,11,11,,551,134.06114196777344,122.38850348964799,11.67263847812545,11.67263847812545,0.09537365148935545,m,map,map
example12_mf6_vs_nwt_different_meshes_demonstrative,nwt_demo_structured,mf6_demo_triangular,head_map_last,time_index:11,exact_time_key,time_index:11,11,11,,555,133.96334838867188,127.71031032530443,6.253038063367441,6.253038063367441,0.04896267221839542,m,map,map
example12_mf6_vs_nwt_different_meshes_demonstrative,nwt_demo_structured,mf6_demo_triangular,head_map_last,time_index:11,exact_time_key,time_index:11,11,11,,556,133.9571075439453,188.91005487754185,-54.95294733359654,54.95294733359654,0.2908947719549337,m,map,map
example12_mf6_vs_nwt_different_meshes_demonstrative,nwt_demo_structured,mf6_demo_triangular,head_map_last,time_index:11,exact_time_key,time_index:11,11,11,,559,133.92909240722656,135.57563474023752,-1.6465423330109559,1.6465423330109559,0.012144824814323944,m,map,map
example12_mf6_vs_nwt_different_meshes_demonstrative,nwt_demo_structured,mf6_demo_triangular,head_map_last,time_index:11,exact_time_key,time_index:11,11,11,,560,133.86904907226562,154.03622534879904,-20.16717627653341,20.16717627653341,0.13092489270538105,m,map,map
example12_mf6_vs_nwt_different_meshes_demonstrative,nwt_demo_structured,mf6_demo_triangular,head_map_last,time_index:11,exact_time_key,time_index:11,11,11,,563,133.42425537109375,164.50371605321732,-31.079460682123567,31.079460682123567,0.18892862378907777,m,map,map
example12_mf6_vs_nwt_different_meshes_demonstrative,nwt_demo_structured,mf6_demo_triangular,head_map_last,time_index:11,exact_time_key,time_index:11,11,11,,565,132.8681640625,127.22987239003845,5.638291672461548,5.638291672461548,0.04431578501609031,m,map,map
example12_mf6_vs_nwt_different_meshes_demonstrative,nwt_demo_structured,mf6_demo_triangular,head_map_last,time_index:11,exact_time_key,time_index:11,11,11,,566,132.52255249023438,131.58337346871613,0.9391790215182425,0.9391790215182425,0.0071375204690395915,m,map,map
example12_mf6_vs_nwt_different_meshes_demonstrative,nwt_demo_structured,mf6_demo_triangular,head_map_last,time_index:11,exact_time_key,time_index:11,11,11,,567,132.13531494140625,131.25863624595945,0.8766786954467989,0.8766786954467989,0.0066790172480843965,m,map,map
example12_mf6_vs_nwt_different_meshes_demonstrative,nwt_demo_structured,mf6_demo_triangular,head_map_last,time_index:11,exact_time_key,time_index:11,11,11,,568,131.73126220703125,138.186117985304,-6.4548557782727585,6.4548557782727585,0.046711318563556634,m,map,map
example12_mf6_vs_nwt_different_meshes_demonstrative,nwt_demo_structured,mf6_demo_triangular,head_map_last,time_index:11,exact_time_key,time_index:11,11,11,,569,131.32650756835938,138.91355201767522,-7.58704444931584,7.58704444931584,0.05461702144331082,m,map,map
example12_mf6_vs_nwt_different_meshes_demonstrative,nwt_demo_structured,mf6_demo_triangular,head_map_last,time_index:11,exact_time_key,time_index:11,11,11,,571,130.49935913085938,139.41573160129477,-8.916372470435391,8.916372470435391,0.06395528229148986,m,map,map
example12_mf6_vs_nwt_different_meshes_demonstrative,nwt_demo_structured,mf6_demo_triangular,head_map_last,time_index:11,exact_time_key,time_index:11,11,11,,572,130.05026245117188,129.58736506076085,0.4628973904110296,0.4628973904110296,0.003572087372823628,m,map,map
example12_mf6_vs_nwt_different_meshes_demonstrative,nwt_demo_structured,mf6_demo_triangular,head_map_last,time_index:11,exact_time_key,time_index:11,11,11,,576,127.89582824707031,158.2712744670253,-30.375446219954995,30.375446219954995,0.19192014673694627,m,map,map
example12_mf6_vs_nwt_different_meshes_demonstrative,nwt_demo_structured,mf6_demo_triangular,head_map_last,time_index:11,exact_time_key,time_index:11,11,11,,579,125.77778625488281,126.23152183106518,-0.4537355761823676,0.4537355761823676,0.0035944712509257313,m,map,map
example12_mf6_vs_nwt_different_meshes_demonstrative,nwt_demo_structured,mf6_demo_triangular,head_map_last,time_index:11,exact_time_key,time_index:11,11,11,,580,125.02154541015625,162.08476733660632,-37.06322192645007,37.06322192645007,0.22866567004090987,m,map,map
example12_mf6_vs_nwt_different_meshes_demonstrative,nwt_demo_structured,mf6_demo_triangular,head_map_last,time_index:11,exact_time_key,time_index:11,11,11,,583,122.75518035888672,138.83769831182772,-16.082517952941004,16.082517952941004,0.11583682348881837,m,map,map
example12_mf6_vs_nwt_different_meshes_demonstrative,nwt_demo_structured,mf6_demo_triangular,head_map_last,time_index:11,exact_time_key,time_index:11,11,11,,584,122.03990173339844,154.09160302158105,-32.05170128818261,32.05170128818261,0.20800420438025857,m,map,map
example12_mf6_vs_nwt_different_meshes_demonstrative,nwt_demo_structured,mf6_demo_triangular,head_map_last,time_index:11,exact_time_key,time_index:11,11,11,,586,120.71989440917969,127.81294558561356,-7.093051176433875,7.093051176433875,0.055495561454553144,m,map,map
example12_mf6_vs_nwt_different_meshes_demonstrative,nwt_demo_structured,mf6_demo_triangular,head_map_last,time_index:11,exact_time_key,time_index:11,11,11,,588,119.47476196289062,168.79383244579589,-49.31907048290526,49.31907048290526,0.2921852639298471,m,map,map
example12_mf6_vs_nwt_different_meshes_demonstrative,nwt_demo_structured,mf6_demo_triangular,head_map_last,time_index:11,exact_time_key,time_index:11,11,11,,589,118.90930938720703,160.1102807459484,-41.200971358741356,41.200971358741356,0.25732870598182345,m,map,map
example12_mf6_vs_nwt_different_meshes_demonstrative,nwt_demo_structured,mf6_demo_triangular,head_map_last,time_index:11,exact_time_key,time_index:11,11,11,,591,118.11518859863281,152.90531135906775,-34.79012276043494,34.79012276043494,0.2275272353276025,m,map,map
example12_mf6_vs_nwt_different_meshes_demonstrative,nwt_demo_structured,mf6_demo_triangular,head_map_last,time_index:11,exact_time_key,time_index:11,11,11,,592,117.97554016113281,152.8369817658131,-34.861441604680294,34.861441604680294,0.22809559049063985,m,map,map
example12_mf6_vs_nwt_different_meshes_demonstrative,nwt_demo_structured,mf6_demo_triangular,head_map_last,time_index:11,exact_time_key,time_index:11,11,11,,593,117.94204711914062,138.4283169445754,-20.48626982543479,20.48626982543479,0.14799190135091492,m,map,map
example12_mf6_vs_nwt_different_meshes_demonstrative,nwt_demo_structured,mf6_demo_triangular,head_map_last,time_index:11,exact_time_key,time_index:11,11,11,,595,117.98915100097656,145.28053227891718,-27.291381277940616,27.291381277940616,0.18785298243225865,m,map,map
example12_mf6_vs_nwt_different_meshes_demonstrative,nwt_demo_structured,mf6_demo_triangular,head_map_last,time_index:11,exact_time_key,time_index:11,11,11,,596,118.16222381591797,143.59339535350935,-25.431171537591382,25.431171537591382,0.17710544050430002,m,map,map
example12_mf6_vs_nwt_different_meshes_demonstrative,nwt_demo_structured,mf6_demo_triangular,head_map_last,time_index:11,exact_time_key,time_index:11,11,11,,598,118.66686248779297,136.93142781126033,-18.264565323467366,18.264565323467366,0.13338475772444555,m,map,map
example12_mf6_vs_nwt_different_meshes_demonstrative,nwt_demo_structured,mf6_demo_triangular,head_map_last,time_index:11,exact_time_key,time_index:11,11,11,,601,134.9471435546875,153.10480671737363,-18.157663162686134,18.157663162686134,0.11859629721622375,m,map,map
example12_mf6_vs_nwt_different_meshes_demonstrative,nwt_demo_structured,mf6_demo_triangular,head_map_last,time_index:11,exact_time_key,time_index:11,11,11,,602,134.89064025878906,153.61810626360065,-18.72746600481159,18.72746600481159,0.12190923622425233,m,map,map
example12_mf6_vs_nwt_different_meshes_demonstrative,nwt_demo_structured,mf6_demo_triangular,head_map_last,time_index:11,exact_time_key,time_index:11,11,11,,603,134.7994384765625,140.03907726380166,-5.2396387872391585,5.2396387872391585,0.03741554778577179,m,map,map
example12_mf6_vs_nwt_different_meshes_demonstrative,nwt_demo_structured,mf6_demo_triangular,head_map_last,time_index:11,exact_time_key,time_index:11,11,11,,604,134.68531799316406,124.83788021447,9.847437778694058,9.847437778694058,0.0788818086447501,m,map,map
example12_mf6_vs_nwt_different_meshes_demonstrative,nwt_demo_structured,mf6_demo_triangular,head_map_last,time_index:11,exact_time_key,time_index:11,11,11,,606,134.40211486816406,126.05256103011689,8.349553838047171,8.349553838047171,0.06623866877288014,m,map,map
example12_mf6_vs_nwt_different_meshes_demonstrative,nwt_demo_structured,mf6_demo_triangular,head_map_last,time_index:11,exact_time_key,time_index:11,11,11,,607,134.24586486816406,152.7605622411309,-18.51469737296685,18.51469737296685,0.12120076740580202,m,map,map
example12_mf6_vs_nwt_different_meshes_demonstrative,nwt_demo_structured,mf6_demo_triangular,head_map_last,time_index:11,exact_time_key,time_index:11,11,11,,608,134.1073760986328,131.80263510401954,2.304740994613269,2.304740994613269,0.017486304373158786,m,map,map
example12_mf6_vs_nwt_different_meshes_demonstrative,nwt_demo_structured,mf6_demo_triangular,head_map_last,time_index:11,exact_time_key,time_index:11,11,11,,610,133.90577697753906,135.66058753584278,-1.754810558303717,1.754810558303717,0.012935301182003799,m,map,map
example12_mf6_vs_nwt_different_meshes_demonstrative,nwt_demo_structured,mf6_demo_triangular,head_map_last,time_index:11,exact_time_key,time_index:11,11,11,,611,133.86312866210938,125.53074851360248,8.3323801485069,8.3323801485069,0.06637720436761362,m,map,map
example12_mf6_vs_nwt_different_meshes_demonstrative,nwt_demo_structured,mf6_demo_triangular,head_map_last,time_index:11,exact_time_key,time_index:11,11,11,,613,133.87049865722656,126.94865235413448,6.921846303092082,6.921846303092082,0.054524771824934225,m,map,map
example12_mf6_vs_nwt_different_meshes_demonstrative,nwt_demo_structured,mf6_demo_triangular,head_map_last,time_index:11,exact_time_key,time_index:11,11,11,,614,133.88815307617188,127.81557526900087,6.072577807171001,6.072577807171001,0.047510468066122954,m,map,map
example12_mf6_vs_nwt_different_meshes_demonstrative,nwt_demo_structured,mf6_demo_triangular,head_map_last,time_index:11,exact_time_key,time_index:11,11,11,,616,133.90907287597656,142.0318605694477,-8.122787693471139,8.122787693471139,0.057189898526319956,m,map,map
example12_mf6_vs_nwt_different_meshes_demonstrative,nwt_demo_structured,mf6_demo_triangular,head_map_last,time_index:11,exact_time_key,time_index:11,11,11,,617,133.91201782226562,129.10737459762785,4.804643224637772,4.804643224637772,0.03721432055768912,m,map,map
example12_mf6_vs_nwt_different_meshes_demonstrative,nwt_demo_structured,mf6_demo_triangular,head_map_last,time_index:11,exact_time_key,time_index:11,11,11,,618,133.90338134765625,138.87702830726718,-4.973646959610932,4.973646959610932,0.035813316429889865,m,map,map
example12_mf6_vs_nwt_different_meshes_demonstrative,nwt_demo_structured,mf6_demo_triangular,head_map_last,time_index:11,exact_time_key,time_index:11,11,11,,621,133.67315673828125,123.95020792343672,9.722948814844528,9.722948814844528,0.07844237599706436,m,map,map
example12_mf6_vs_nwt_different_meshes_demonstrative,nwt_demo_structured,mf6_demo_triangular,head_map_last,time_index:11,exact_time_key,time_index:11,11,11,,623,133.3197784423828,136.7827003035392,-3.4629218611563886,3.4629218611563886,0.025316957871658472,m,map,map
example12_mf6_vs_nwt_different_meshes_demonstrative,nwt_demo_structured,mf6_demo_triangular,head_map_last,time_index:11,exact_time_key,time_index:11,11,11,,624,133.07302856445312,131.22993554774234,1.8430930167107817,1.8430930167107817,0.01404476051152408,m,map,map
example12_mf6_vs_nwt_different_meshes_demonstrative,nwt_demo_structured,mf6_demo_triangular,head_map_last,time_index:11,exact_time_key,time_index:11,11,11,,625,132.7625732421875,153.12719867445483,-20.36462543226733,20.36462543226733,0.13299156262606288,m,map,map
example12_mf6_vs_nwt_different_meshes_demonstrative,nwt_demo_structured,mf6_demo_triangular,head_map_last,time_index:11,exact_time_key,time_index:11,11,11,,626,132.40167236328125,152.87860222317278,-20.476929859891527,20.476929859891527,0.13394241942374135,m,map,map
example12_mf6_vs_nwt_different_meshes_demonstrative,nwt_demo_structured,mf6_demo_triangular,head_map_last,time_index:11,exact_time_key,time_index:11,11,11,,628,131.5718536376953,130.43272011828407,1.1391335194112457,1.1391335194112457,0.008733495079901826,m,map,map
example12_mf6_vs_nwt_different_meshes_demonstrative,nwt_demo_structured,mf6_demo_triangular,head_map_last,time_index:11,exact_time_key,time_index:11,11,11,,630,130.72677612304688,129.04586558483638,1.6809105382104974,1.6809105382104974,0.013025683004973497,m,map,map
example12_mf6_vs_nwt_different_meshes_demonstrative,nwt_demo_structured,mf6_demo_triangular,head_map_last,time_index:11,exact_time_key,time_index:11,11,11,,632,129.82972717285156,134.98913692011445,-5.159409747262885,5.159409747262885,0.038220925512815036,m,map,map
example12_mf6_vs_nwt_different_meshes_demonstrative,nwt_demo_structured,mf6_demo_triangular,head_map_last,time_index:11,exact_time_key,time_index:11,11,11,,633,129.35304260253906,130.6583505045559,-1.3053079020168354,1.3053079020168354,0.009990237110572744,m,map,map
example12_mf6_vs_nwt_different_meshes_demonstrative,nwt_demo_structured,mf6_demo_triangular,head_map_last,time_index:11,exact_time_key,time_index:11,11,11,,635,128.30990600585938,134.95422706578253,-6.644321059923158,6.644321059923158,0.049233886217468596,m,map,map
example12_mf6_vs_nwt_different_meshes_demonstrative,nwt_demo_structured,mf6_demo_triangular,head_map_last,time_index:11,exact_time_key,time_index:11,11,11,,636,127.72699737548828,126.58731815596067,1.1396792195276078,1.1396792195276078,0.00900310738966345,m,map,map
example12_mf6_vs_nwt_different_meshes_demonstrative,nwt_demo_structured,mf6_demo_triangular,head_map_last,time_index:11,exact_time_key,time_index:11,11,11,,637,127.1013412475586,124.22415317333461,2.87718807422398,2.87718807422398,0.02316126132258138,m,map,map
example12_mf6_vs_nwt_different_meshes_demonstrative,nwt_demo_structured,mf6_demo_triangular,head_map_last,time_index:11,exact_time_key,time_index:11,11,11,,638,126.43111419677734,126.81976385711741,-0.38864966034006443,0.38864966034006443,0.0030645827473542685,m,map,map
example12_mf6_vs_nwt_different_meshes_demonstrative,nwt_demo_structured,mf6_demo_triangular,head_map_last,time_index:11,exact_time_key,time_index:11,11,11,,639,125.73695373535156,127.09288486609687,-1.3559311307453044,1.3559311307453044,0.010668820148145136,m,map,map
example12_mf6_vs_nwt_different_meshes_demonstrative,nwt_demo_structured,mf6_demo_triangular,head_map_last,time_index:11,exact_time_key,time_index:11,11,11,,640,125.04527282714844,130.91687069702942,-5.871597869880986,5.871597869880986,0.044849818351289206,m,map,map
example12_mf6_vs_nwt_different_meshes_demonstrative,nwt_demo_structured,mf6_demo_triangular,head_map_last,time_index:11,exact_time_key,time_index:11,11,11,,641,124.35990905761719,131.8352910863354,-7.475382028718201,7.475382028718201,0.056702435039361156,m,map,map
example12_mf6_vs_nwt_different_meshes_demonstrative,nwt_demo_structured,mf6_demo_triangular,head_map_last,time_index:11,exact_time_key,time_index:11,11,11,,642,123.67581939697266,131.91536877347585,-8.239549376503192,8.239549376503192,0.06246087512859922,m,map,map
example12_mf6_vs_nwt_different_meshes_demonstrative,nwt_demo_structured,mf6_demo_triangular,head_map_last,time_index:11,exact_time_key,time_index:11,11,11,,643,123.02103424072266,123.28143123745599,-0.26039699673333416,0.26039699673333416,0.0021122158797116483,m,map,map
example12_mf6_vs_nwt_different_meshes_demonstrative,nwt_demo_structured,mf6_demo_triangular,head_map_last,time_index:11,exact_time_key,time_index:11,11,11,,644,122.40377044677734,120.32175324759066,2.08201719918668,2.08201719918668,0.017303747186117158,m,map,map
example12_mf6_vs_nwt_different_meshes_demonstrative,nwt_demo_structured,mf6_demo_triangular,head_map_last,time_index:11,exact_time_key,time_index:11,11,11,,645,121.81378936767578,122.73771664254208,-0.9239272748663012,0.9239272748663012,0.007527655720996679,m,map,map
example12_mf6_vs_nwt_different_meshes_demonstrative,nwt_demo_structured,mf6_demo_triangular,head_map_last,time_index:11,exact_time_key,time_index:11,11,11,,646,121.22920989990234,121.58273737047074,-0.3535274705683946,0.3535274705683946,0.0029077110633820716,m,map,map
example12_mf6_vs_nwt_different_meshes_demonstrative,nwt_demo_structured,mf6_demo_triangular,head_map_last,time_index:11,exact_time_key,time_index:11,11,11,,647,120.64471435546875,122.95696748174872,-2.3122531262799697,2.3122531262799697,0.01880538511673356,m,map,map
example12_mf6_vs_nwt_different_meshes_demonstrative,nwt_demo_structured,mf6_demo_triangular,head_map_last,time_index:11,exact_time_key,time_index:11,11,11,,648,120.07870483398438,121.12441953367541,-1.0457146996910325,1.0457146996910325,0.008633392867573655,m,map,map
example12_mf6_vs_nwt_different_meshes_demonstrative,nwt_demo_structured,mf6_demo_triangular,head_map_last,time_index:11,exact_time_key,time_index:11,11,11,,649,119.56761169433594,121.15423372535972,-1.5866220310237793,1.5866220310237793,0.01309588598133877,m,map,map
example12_mf6_vs_nwt_different_meshes_demonstrative,nwt_demo_structured,mf6_demo_triangular,head_map_last,time_index:11,exact_time_key,time_index:11,11,11,,650,119.14645385742188,120.47776124578607,-1.3313073883641948,1.3313073883641948,0.011050233458838942,m,map,map
example12_mf6_vs_nwt_different_meshes_demonstrative,nwt_demo_structured,mf6_demo_triangular,head_map_last,time_index:11,exact_time_key,time_index:11,11,11,,651,118.8686752319336,120.52449968883826,-1.6558244569046678,1.6558244569046678,0.013738488532867257,m,map,map
example12_mf6_vs_nwt_different_meshes_demonstrative,nwt_demo_structured,mf6_demo_triangular,head_map_last,time_index:11,exact_time_key,time_index:11,11,11,,652,118.7567138671875,134.8719922762931,-16.1152784091056,16.1152784091056,0.11948572966945217,m,map,map
example12_mf6_vs_nwt_different_meshes_demonstrative,nwt_demo_structured,mf6_demo_triangular,head_map_last,time_index:11,exact_time_key,time_index:11,11,11,,653,118.76040649414062,124.28852336559036,-5.52811687144974,5.52811687144974,0.04447809597985951,m,map,map
example12_mf6_vs_nwt_different_meshes_demonstrative,nwt_demo_structured,mf6_demo_triangular,head_map_last,time_index:11,exact_time_key,time_index:11,11,11,,654,118.78136444091797,122.12618047451382,-3.3448160335958477,3.3448160335958477,0.027388198178308443,m,map,map
example12_mf6_vs_nwt_different_meshes_demonstrative,nwt_demo_structured,mf6_demo_triangular,head_map_last,time_index:11,exact_time_key,time_index:11,11,11,,655,118.85729217529297,121.46032913149278,-2.6030369561998157,2.6030369561998157,0.021431169953292088,m,map,map
example12_mf6_vs_nwt_different_meshes_demonstrative,nwt_demo_structured,mf6_demo_triangular,head_map_last,time_index:11,exact_time_key,time_index:11,11,11,,656,119.04270935058594,121.74968509518499,-2.706975744599049,2.706975744599049,0.022233944527106673,m,map,map
example12_mf6_vs_nwt_different_meshes_demonstrative,nwt_demo_structured,mf6_demo_triangular,head_map_last,time_index:11,exact_time_key,time_index:11,11,11,,657,119.28951263427734,120.88744080193673,-1.59792816765939,1.59792816765939,0.0132183141363498,m,map,map
example12_mf6_vs_nwt_different_meshes_demonstrative,nwt_demo_structured,mf6_demo_triangular,head_map_last,time_index:11,exact_time_key,time_index:11,11,11,,658,119.52233123779297,120.59638899343399,-1.0740577556410216,1.0740577556410216,0.008906218209398457,m,map,map
example12_mf6_vs_nwt_different_meshes_demonstrative,nwt_demo_structured,mf6_demo_triangular,head_map_last,time_index:11,exact_time_key,time_index:11,11,11,,659,119.66747283935547,120.17886653908914,-0.5113936997336737,0.5113936997336737,0.0042552714504703595,m,map,map
example12_mf6_vs_nwt_different_meshes_demonstrative,nwt_demo_structured,mf6_demo_triangular,head_map_last,time_index:11,exact_time_key,time_index:11,11,11,,660,134.73182678222656,120.42422886993357,14.30759791229299,14.30759791229299,0.11880996080735695,m,map,map
example12_mf6_vs_nwt_different_meshes_demonstrative,nwt_demo_structured,mf6_demo_triangular,head_map_last,time_index:11,exact_time_key,time_index:11,11,11,,661,134.6802978515625,124.24179897395474,10.438498877607756,10.438498877607756,0.08401760891916911,m,map,map
example12_mf6_vs_nwt_different_meshes_demonstrative,nwt_demo_structured,mf6_demo_triangular,head_map_last,time_index:11,exact_time_key,time_index:11,11,11,,662,134.59815979003906,129.14841026637956,5.449749523659506,5.449749523659506,0.04219757341510387,m,map,map
example12_mf6_vs_nwt_different_meshes_demonstrative,nwt_demo_structured,mf6_demo_triangular,head_map_last,time_index:11,exact_time_key,time_index:11,11,11,,663,134.48944091796875,126.17629487367866,8.313146044290093,8.313146044290093,0.06588516529679997,m,map,map
example12_mf6_vs_nwt_different_meshes_demonstrative,nwt_demo_structured,mf6_demo_triangular,head_map_last,time_index:11,exact_time_key,time_index:11,11,11,,664,134.36178588867188,133.54417141292583,0.8176144757460406,0.8176144757460406,0.006122427262047493,m,map,map
example12_mf6_vs_nwt_different_meshes_demonstrative,nwt_demo_structured,mf6_demo_triangular,head_map_last,time_index:11,exact_time_key,time_index:11,11,11,,665,134.21707153320312,122.38347176986537,11.833599763337759,11.833599763337759,0.09669279349739415,m,map,map
example12_mf6_vs_nwt_different_meshes_demonstrative,nwt_demo_structured,mf6_demo_triangular,head_map_last,time_index:11,exact_time_key,time_index:11,11,11,,666,134.06292724609375,121.39319159615879,12.669735649934964,12.669735649934964,0.10436940888813297,m,map,map
example12_mf6_vs_nwt_different_meshes_demonstrative,nwt_demo_structured,mf6_demo_triangular,head_map_last,time_index:11,exact_time_key,time_index:11,11,11,,667,133.91720581054688,121.57300409411437,12.344201716432508,12.344201716432508,0.10153735863001612,m,map,map
example12_mf6_vs_nwt_different_meshes_demonstrative,nwt_demo_structured,mf6_demo_triangular,head_map_last,time_index:11,exact_time_key,time_index:11,11,11,,668,133.7926025390625,120.87735103337317,12.915251505689326,12.915251505689326,0.1068459177445371,m,map,map
example12_mf6_vs_nwt_different_meshes_demonstrative,nwt_demo_structured,mf6_demo_triangular,depth_map_last,time_index:11,exact_time_key,time_index:11,11,11,,0,-5.325810685395595,0.0,-5.325810685395595,5.325810685395595,nan,m,map,map
example12_mf6_vs_nwt_different_meshes_demonstrative,nwt_demo_structured,mf6_demo_triangular,depth_map_last,time_index:11,exact_time_key,time_index:11,11,11,,6,-1.862270108126637,0.0,-1.862270108126637,1.862270108126637,nan,m,map,map
example12_mf6_vs_nwt_different_meshes_demonstrative,nwt_demo_structured,mf6_demo_triangular,depth_map_last,time_index:11,exact_time_key,time_index:11,11,11,,8,-1.591155003036107,0.0,-1.591155003036107,1.591155003036107,nan,m,map,map
example12_mf6_vs_nwt_different_meshes_demonstrative,nwt_demo_structured,mf6_demo_triangular,depth_map_last,time_index:11,exact_time_key,time_index:11,11,11,,11,-2.1489876027936248,0.0,-2.1489876027936248,2.1489876027936248,nan,m,map,map
example12_mf6_vs_nwt_different_meshes_demonstrative,nwt_demo_structured,mf6_demo_triangular,depth_map_last,time_index:11,exact_time_key,time_index:11,11,11,,13,-2.638698835801847,0.0,-2.638698835801847,2.638698835801847,nan,m,map,map
example12_mf6_vs_nwt_different_meshes_demonstrative,nwt_demo_structured,mf6_demo_triangular,depth_map_last,time_index:11,exact_time_key,time_index:11,11,11,,15,-3.9969965248934045,0.0,-3.9969965248934045,3.9969965248934045,nan,m,map,map
example12_mf6_vs_nwt_different_meshes_demonstrative,nwt_demo_structured,mf6_demo_triangular,depth_map_last,time_index:11,exact_time_key,time_index:11,11,11,,17,-5.118836677007465,0.0,-5.118836677007465,5.118836677007465,nan,m,map,map
example12_mf6_vs_nwt_different_meshes_demonstrative,nwt_demo_structured,mf6_demo_triangular,depth_map_last,time_index:11,exact_time_key,time_index:11,11,11,,19,-3.944479435049516,0.0,-3.944479435049516,3.944479435049516,nan,m,map,map
example12_mf6_vs_nwt_different_meshes_demonstrative,nwt_demo_structured,mf6_demo_triangular,depth_map_last,time_index:11,exact_time_key,time_index:11,11,11,,20,-3.4253672238626507,0.0,-3.4253672238626507,3.4253672238626507,nan,m,map,map
example12_mf6_vs_nwt_different_meshes_demonstrative,nwt_demo_structured,mf6_demo_triangular,depth_map_last,time_index:11,exact_time_key,time_index:11,11,11,,24,-3.0313859136071244,0.0,-3.0313859136071244,3.0313859136071244,nan,m,map,map
example12_mf6_vs_nwt_different_meshes_demonstrative,nwt_demo_structured,mf6_demo_triangular,depth_map_last,time_index:11,exact_time_key,time_index:11,11,11,,29,-1.689152143762925,0.0,-1.689152143762925,1.689152143762925,nan,m,map,map
example12_mf6_vs_nwt_different_meshes_demonstrative,nwt_demo_structured,mf6_demo_triangular,depth_map_last,time_index:11,exact_time_key,time_index:11,11,11,,31,-1.370782571707025,0.0,-1.370782571707025,1.370782571707025,nan,m,map,map
example12_mf6_vs_nwt_different_meshes_demonstrative,nwt_demo_structured,mf6_demo_triangular,depth_map_last,time_index:11,exact_time_key,time_index:11,11,11,,34,-1.1897635472076615,0.0,-1.1897635472076615,1.1897635472076615,nan,m,map,map
example12_mf6_vs_nwt_different_meshes_demonstrative,nwt_demo_structured,mf6_demo_triangular,depth_map_last,time_index:11,exact_time_key,time_index:11,11,11,,35,-0.9877383877369823,0.0,-0.9877383877369823,0.9877383877369823,nan,m,map,map
example12_mf6_vs_nwt_different_meshes_demonstrative,nwt_demo_structured,mf6_demo_triangular,depth_map_last,time_index:11,exact_time_key,time_index:11,11,11,,37,-0.6113416424574609,0.0,-0.6113416424574609,0.6113416424574609,nan,m,map,map
example12_mf6_vs_nwt_different_meshes_demonstrative,nwt_demo_structured,mf6_demo_triangular,depth_map_last,time_index:11,exact_time_key,time_index:11,11,11,,38,-0.6720780176474506,0.0,-0.6720780176474506,0.6720780176474506,nan,m,map,map
example12_mf6_vs_nwt_different_meshes_demonstrative,nwt_demo_structured,mf6_demo_triangular,depth_map_last,time_index:11,exact_time_key,time_index:11,11,11,,39,-0.8156219807082437,0.0,-0.8156219807082437,0.8156219807082437,nan,m,map,map
example12_mf6_vs_nwt_different_meshes_demonstrative,nwt_demo_structured,mf6_demo_triangular,depth_map_last,time_index:11,exact_time_key,time_index:11,11,11,,40,-1.0077104609066936,0.0,-1.0077104609066936,1.0077104609066936,nan,m,map,map
example12_mf6_vs_nwt_different_meshes_demonstrative,nwt_demo_structured,mf6_demo_triangular,depth_map_last,time_index:11,exact_time_key,time_index:11,11,11,,45,-1.1211065998476784,0.0,-1.1211065998476784,1.1211065998476784,nan,m,map,map
example12_mf6_vs_nwt_different_meshes_demonstrative,nwt_demo_structured,mf6_demo_triangular,depth_map_last,time_index:11,exact_time_key,time_index:11,11,11,,46,-1.2692064939092376,0.0,-1.2692064939092376,1.2692064939092376,nan,m,map,map
example12_mf6_vs_nwt_different_meshes_demonstrative,nwt_demo_structured,mf6_demo_triangular,depth_map_last,time_index:11,exact_time_key,time_index:11,11,11,,51,-2.8238674443356615,0.0,-2.8238674443356615,2.8238674443356615,nan,m,map,map
example12_mf6_vs_nwt_different_meshes_demonstrative,nwt_demo_structured,mf6_demo_triangular,depth_map_last,time_index:11,exact_time_key,time_index:11,11,11,,55,-3.444457676662182,0.0,-3.444457676662182,3.444457676662182,nan,m,map,map
example12_mf6_vs_nwt_different_meshes_demonstrative,nwt_demo_structured,mf6_demo_triangular,depth_map_last,time_index:11,exact_time_key,time_index:11,11,11,,60,-4.81485413896624,0.0,-4.81485413896624,4.81485413896624,nan,m,map,map
example12_mf6_vs_nwt_different_meshes_demonstrative,nwt_demo_structured,mf6_demo_triangular,depth_map_last,time_index:11,exact_time_key,time_index:11,11,11,,64,-1.7593915314375863,0.0,-1.7593915314375863,1.7593915314375863,nan,m,map,map
example12_mf6_vs_nwt_different_meshes_demonstrative,nwt_demo_structured,mf6_demo_triangular,depth_map_last,time_index:11,exact_time_key,time_index:11,11,11,,65,-1.5841780772109928,0.0,-1.5841780772109928,1.5841780772109928,nan,m,map,map
example12_mf6_vs_nwt_different_meshes_demonstrative,nwt_demo_structured,mf6_demo_triangular,depth_map_last,time_index:11,exact_time_key,time_index:11,11,11,,68,-1.5883618149630365,0.0,-1.5883618149630365,1.5883618149630365,nan,m,map,map
example12_mf6_vs_nwt_different_meshes_demonstrative,nwt_demo_structured,mf6_demo_triangular,depth_map_last,time_index:11,exact_time_key,time_index:11,11,11,,71,-1.946332010762717,0.0,-1.946332010762717,1.946332010762717,nan,m,map,map
example12_mf6_vs_nwt_different_meshes_demonstrative,nwt_demo_structured,mf6_demo_triangular,depth_map_last,time_index:11,exact_time_key,time_index:11,11,11,,72,-2.0987195367309255,0.0,-2.0987195367309255,2.0987195367309255,nan,m,map,map
example12_mf6_vs_nwt_different_meshes_demonstrative,nwt_demo_structured,mf6_demo_triangular,depth_map_last,time_index:11,exact_time_key,time_index:11,11,11,,73,-2.4588766616591045,0.0,-2.4588766616591045,2.4588766616591045,nan,m,map,map
example12_mf6_vs_nwt_different_meshes_demonstrative,nwt_demo_structured,mf6_demo_triangular,depth_map_last,time_index:11,exact_time_key,time_index:11,11,11,,74,-3.0340293851826345,0.0,-3.0340293851826345,3.0340293851826345,nan,m,map,map
example12_mf6_vs_nwt_different_meshes_demonstrative,nwt_demo_structured,mf6_demo_triangular,depth_map_last,time_index:11,exact_time_key,time_index:11,11,11,,75,-3.7566873493629487,0.0,-3.7566873493629487,3.7566873493629487,nan,m,map,map
example12_mf6_vs_nwt_different_meshes_demonstrative,nwt_demo_structured,mf6_demo_triangular,depth_map_last,time_index:11,exact_time_key,time_index:11,11,11,,77,-4.17859075609681,0.0,-4.17859075609681,4.17859075609681,nan,m,map,map
example12_mf6_vs_nwt_different_meshes_demonstrative,nwt_demo_structured,mf6_demo_triangular,depth_map_last,time_index:11,exact_time_key,time_index:11,11,11,,80,-2.827300259208755,0.0,-2.827300259208755,2.827300259208755,nan,m,map,map
example12_mf6_vs_nwt_different_meshes_demonstrative,nwt_demo_structured,mf6_demo_triangular,depth_map_last,time_index:11,exact_time_key,time_index:11,11,11,,81,-2.693518484853911,0.0,-2.693518484853911,2.693518484853911,nan,m,map,map
example12_mf6_vs_nwt_different_meshes_demonstrative,nwt_demo_structured,mf6_demo_triangular,depth_map_last,time_index:11,exact_time_key,time_index:11,11,11,,82,-2.65079659733442,0.0,-2.65079659733442,2.65079659733442,nan,m,map,map
example12_mf6_vs_nwt_different_meshes_demonstrative,nwt_demo_structured,mf6_demo_triangular,depth_map_last,time_index:11,exact_time_key,time_index:11,11,11,,84,-2.4207989501988436,0.0,-2.4207989501988436,2.4207989501988436,nan,m,map,map
example12_mf6_vs_nwt_different_meshes_demonstrative,nwt_demo_structured,mf6_demo_triangular,depth_map_last,time_index:11,exact_time_key,time_index:11,11,11,,85,-2.3708856201206743,0.0,-2.3708856201206743,2.3708856201206743,nan,m,map,map
example12_mf6_vs_nwt_different_meshes_demonstrative,nwt_demo_structured,mf6_demo_triangular,depth_map_last,time_index:11,exact_time_key,time_index:11,11,11,,87,-1.845353099595883,0.0,-1.845353099595883,1.845353099595883,nan,m,map,map
example12_mf6_vs_nwt_different_meshes_demonstrative,nwt_demo_structured,mf6_demo_triangular,depth_map_last,time_index:11,exact_time_key,time_index:11,11,11,,89,-1.531454714512165,0.0,-1.531454714512165,1.531454714512165,nan,m,map,map
example12_mf6_vs_nwt_different_meshes_demonstrative,nwt_demo_structured,mf6_demo_triangular,depth_map_last,time_index:11,exact_time_key,time_index:11,11,11,,94,-1.2102518414434087,0.0,-1.2102518414434087,1.2102518414434087,nan,m,map,map
example12_mf6_vs_nwt_different_meshes_demonstrative,nwt_demo_structured,mf6_demo_triangular,depth_map_last,time_index:11,exact_time_key,time_index:11,11,11,,97,-0.7508969098486205,0.0,-0.7508969098486205,0.7508969098486205,nan,m,map,map
example12_mf6_vs_nwt_different_meshes_demonstrative,nwt_demo_structured,mf6_demo_triangular,depth_map_last,time_index:11,exact_time_key,time_index:11,11,11,,100,-1.2851586914035806,0.0,-1.2851586914035806,1.2851586914035806,nan,m,map,map
example12_mf6_vs_nwt_different_meshes_demonstrative,nwt_demo_structured,mf6_demo_triangular,depth_map_last,time_index:11,exact_time_key,time_index:11,11,11,,101,-1.4363123539754241,0.0,-1.4363123539754241,1.4363123539754241,nan,m,map,map
example12_mf6_vs_nwt_different_meshes_demonstrative,nwt_demo_structured,mf6_demo_triangular,depth_map_last,time_index:11,exact_time_key,time_index:11,11,11,,102,-1.5807311126271202,0.0,-1.5807311126271202,1.5807311126271202,nan,m,map,map
example12_mf6_vs_nwt_different_meshes_demonstrative,nwt_demo_structured,mf6_demo_triangular,depth_map_last,time_index:11,exact_time_key,time_index:11,11,11,,103,-1.6311842645557988,0.0,-1.6311842645557988,1.6311842645557988,nan,m,map,map
example12_mf6_vs_nwt_different_meshes_demonstrative,nwt_demo_structured,mf6_demo_triangular,depth_map_last,time_index:11,exact_time_key,time_index:11,11,11,,104,-1.5699753262097715,0.0,-1.5699753262097715,1.5699753262097715,nan,m,map,map
example12_mf6_vs_nwt_different_meshes_demonstrative,nwt_demo_structured,mf6_demo_triangular,depth_map_last,time_index:11,exact_time_key,time_index:11,11,11,,105,-1.724137300528156,0.0,-1.724137300528156,1.724137300528156,nan,m,map,map
example12_mf6_vs_nwt_different_meshes_demonstrative,nwt_demo_structured,mf6_demo_triangular,depth_map_last,time_index:11,exact_time_key,time_index:11,11,11,,107,-2.39638174266922,0.0,-2.39638174266922,2.39638174266922,nan,m,map,map
example12_mf6_vs_nwt_different_meshes_demonstrative,nwt_demo_structured,mf6_demo_triangular,depth_map_last,time_index:11,exact_time_key,time_index:11,11,11,,108,-2.5241143950245686,0.0,-2.5241143950245686,2.5241143950245686,nan,m,map,map
example12_mf6_vs_nwt_different_meshes_demonstrative,nwt_demo_structured,mf6_demo_triangular,depth_map_last,time_index:11,exact_time_key,time_index:11,11,11,,109,-2.9284376882922203,0.0,-2.9284376882922203,2.9284376882922203,nan,m,map,map
example12_mf6_vs_nwt_different_meshes_demonstrative,nwt_demo_structured,mf6_demo_triangular,depth_map_last,time_index:11,exact_time_key,time_index:11,11,11,,110,-3.5683531351262445,0.0,-3.5683531351262445,3.5683531351262445,nan,m,map,map
example12_mf6_vs_nwt_different_meshes_demonstrative,nwt_demo_structured,mf6_demo_triangular,depth_map_last,time_index:11,exact_time_key,time_index:11,11,11,,112,-3.9083773909867148,0.0,-3.9083773909867148,3.9083773909867148,nan,m,map,map
example12_mf6_vs_nwt_different_meshes_demonstrative,nwt_demo_structured,mf6_demo_triangular,depth_map_last,time_index:11,exact_time_key,time_index:11,11,11,,113,-3.5678358758720634,0.0,-3.5678358758720634,3.5678358758720634,nan,m,map,map
example12_mf6_vs_nwt_different_meshes_demonstrative,nwt_demo_structured,mf6_demo_triangular,depth_map_last,time_index:11,exact_time_key,time_index:11,11,11,,114,-4.011987850094243,0.0,-4.011987850094243,4.011987850094243,nan,m,map,map
example12_mf6_vs_nwt_different_meshes_demonstrative,nwt_demo_structured,mf6_demo_triangular,depth_map_last,time_index:11,exact_time_key,time_index:11,11,11,,121,-3.578710129478168,0.0,-3.578710129478168,3.578710129478168,nan,m,map,map
example12_mf6_vs_nwt_different_meshes_demonstrative,nwt_demo_structured,mf6_demo_triangular,depth_map_last,time_index:11,exact_time_key,time_index:11,11,11,,122,-2.748919783992932,0.0,-2.748919783992932,2.748919783992932,nan,m,map,map
example12_mf6_vs_nwt_different_meshes_demonstrative,nwt_demo_structured,mf6_demo_triangular,depth_map_last,time_index:11,exact_time_key,time_index:11,11,11,,123,-2.1274802999335236,0.0,-2.1274802999335236,2.1274802999335236,nan,m,map,map
example12_mf6_vs_nwt_different_meshes_demonstrative,nwt_demo_structured,mf6_demo_triangular,depth_map_last,time_index:11,exact_time_key,time_index:11,11,11,,125,-1.4945079397673453,0.0,-1.4945079397673453,1.4945079397673453,nan,m,map,map
example12_mf6_vs_nwt_different_meshes_demonstrative,nwt_demo_structured,mf6_demo_triangular,depth_map_last,time_index:11,exact_time_key,time_index:11,11,11,,126,-1.3878450145714964,0.0,-1.3878450145714964,1.3878450145714964,nan,m,map,map
example12_mf6_vs_nwt_different_meshes_demonstrative,nwt_demo_structured,mf6_demo_triangular,depth_map_last,time_index:11,exact_time_key,time_index:11,11,11,,128,-1.610732087120141,0.0,-1.610732087120141,1.610732087120141,nan,m,map,map
example12_mf6_vs_nwt_different_meshes_demonstrative,nwt_demo_structured,mf6_demo_triangular,depth_map_last,time_index:11,exact_time_key,time_index:11,11,11,,131,-1.8616907214437504,0.0,-1.8616907214437504,1.8616907214437504,nan,m,map,map
example12_mf6_vs_nwt_different_meshes_demonstrative,nwt_demo_structured,mf6_demo_triangular,depth_map_last,time_index:11,exact_time_key,time_index:11,11,11,,132,-1.8537824737747144,0.0,-1.8537824737747144,1.8537824737747144,nan,m,map,map
example12_mf6_vs_nwt_different_meshes_demonstrative,nwt_demo_structured,mf6_demo_triangular,depth_map_last,time_index:11,exact_time_key,time_index:11,11,11,,133,-2.304231648187738,0.0,-2.304231648187738,2.304231648187738,nan,m,map,map
example12_mf6_vs_nwt_different_meshes_demonstrative,nwt_demo_structured,mf6_demo_triangular,depth_map_last,time_index:11,exact_time_key,time_index:11,11,11,,137,-3.4272986642712056,0.0,-3.4272986642712056,3.4272986642712056,nan,m,map,map
example12_mf6_vs_nwt_different_meshes_demonstrative,nwt_demo_structured,mf6_demo_triangular,depth_map_last,time_index:11,exact_time_key,time_index:11,11,11,,139,-2.68538746935846,0.0,-2.68538746935846,2.68538746935846,nan,m,map,map
example12_mf6_vs_nwt_different_meshes_demonstrative,nwt_demo_structured,mf6_demo_triangular,depth_map_last,time_index:11,exact_time_key,time_index:11,11,11,,142,-2.2636630857073214,0.0,-2.2636630857073214,2.2636630857073214,nan,m,map,map
example12_mf6_vs_nwt_different_meshes_demonstrative,nwt_demo_structured,mf6_demo_triangular,depth_map_last,time_index:11,exact_time_key,time_index:11,11,11,,146,-1.8780464695442447,0.0,-1.8780464695442447,1.8780464695442447,nan,m,map,map
example12_mf6_vs_nwt_different_meshes_demonstrative,nwt_demo_structured,mf6_demo_triangular,depth_map_last,time_index:11,exact_time_key,time_index:11,11,11,,147,-1.7503615536131747,0.0,-1.7503615536131747,1.7503615536131747,nan,m,map,map
example12_mf6_vs_nwt_different_meshes_demonstrative,nwt_demo_structured,mf6_demo_triangular,depth_map_last,time_index:11,exact_time_key,time_index:11,11,11,,149,-1.4808052225318136,0.0,-1.4808052225318136,1.4808052225318136,nan,m,map,map
example12_mf6_vs_nwt_different_meshes_demonstrative,nwt_demo_structured,mf6_demo_triangular,depth_map_last,time_index:11,exact_time_key,time_index:11,11,11,,150,-1.4546385679860236,0.0,-1.4546385679860236,1.4546385679860236,nan,m,map,map
example12_mf6_vs_nwt_different_meshes_demonstrative,nwt_demo_structured,mf6_demo_triangular,depth_map_last,time_index:11,exact_time_key,time_index:11,11,11,,154,-1.2459806012090553,0.0,-1.2459806012090553,1.2459806012090553,nan,m,map,map
example12_mf6_vs_nwt_different_meshes_demonstrative,nwt_demo_structured,mf6_demo_triangular,depth_map_last,time_index:11,exact_time_key,time_index:11,11,11,,156,-0.9959616009482062,0.0,-0.9959616009482062,0.9959616009482062,nan,m,map,map
example12_mf6_vs_nwt_different_meshes_demonstrative,nwt_demo_structured,mf6_demo_triangular,depth_map_last,time_index:11,exact_time_key,time_index:11,11,11,,158,-1.4720169644452596,0.0,-1.4720169644452596,1.4720169644452596,nan,m,map,map
example12_mf6_vs_nwt_different_meshes_demonstrative,nwt_demo_structured,mf6_demo_triangular,depth_map_last,time_index:11,exact_time_key,time_index:11,11,11,,159,-1.706602874097598,0.0,-1.706602874097598,1.706602874097598,nan,m,map,map
example12_mf6_vs_nwt_different_meshes_demonstrative,nwt_demo_structured,mf6_demo_triangular,depth_map_last,time_index:11,exact_time_key,time_index:11,11,11,,160,-1.8652577891167823,0.0,-1.8652577891167823,1.8652577891167823,nan,m,map,map
example12_mf6_vs_nwt_different_meshes_demonstrative,nwt_demo_structured,mf6_demo_triangular,depth_map_last,time_index:11,exact_time_key,time_index:11,11,11,,161,-1.932552054468104,0.0,-1.932552054468104,1.932552054468104,nan,m,map,map
example12_mf6_vs_nwt_different_meshes_demonstrative,nwt_demo_structured,mf6_demo_triangular,depth_map_last,time_index:11,exact_time_key,time_index:11,11,11,,162,-2.0625035741504263,0.0,-2.0625035741504263,2.0625035741504263,nan,m,map,map
example12_mf6_vs_nwt_different_meshes_demonstrative,nwt_demo_structured,mf6_demo_triangular,depth_map_last,time_index:11,exact_time_key,time_index:11,11,11,,164,-2.2719307043101225,0.0,-2.2719307043101225,2.2719307043101225,nan,m,map,map
example12_mf6_vs_nwt_different_meshes_demonstrative,nwt_demo_structured,mf6_demo_triangular,depth_map_last,time_index:11,exact_time_key,time_index:11,11,11,,165,-2.4688448382337924,0.0,-2.4688448382337924,2.4688448382337924,nan,m,map,map
example12_mf6_vs_nwt_different_meshes_demonstrative,nwt_demo_structured,mf6_demo_triangular,depth_map_last,time_index:11,exact_time_key,time_index:11,11,11,,169,-3.9372339776134027,0.0,-3.9372339776134027,3.9372339776134027,nan,m,map,map
example12_mf6_vs_nwt_different_meshes_demonstrative,nwt_demo_structured,mf6_demo_triangular,depth_map_last,time_index:11,exact_time_key,time_index:11,11,11,,171,-4.91375939478516,0.0,-4.91375939478516,4.91375939478516,nan,m,map,map
example12_mf6_vs_nwt_different_meshes_demonstrative,nwt_demo_structured,mf6_demo_triangular,depth_map_last,time_index:11,exact_time_key,time_index:11,11,11,,174,-6.0219452293716245,0.0,-6.0219452293716245,6.0219452293716245,nan,m,map,map
example12_mf6_vs_nwt_different_meshes_demonstrative,nwt_demo_structured,mf6_demo_triangular,depth_map_last,time_index:11,exact_time_key,time_index:11,11,11,,180,-3.766715135743425,0.0,-3.766715135743425,3.766715135743425,nan,m,map,map
example12_mf6_vs_nwt_different_meshes_demonstrative,nwt_demo_structured,mf6_demo_triangular,depth_map_last,time_index:11,exact_time_key,time_index:11,11,11,,182,-2.1294789071282594,0.0,-2.1294789071282594,2.1294789071282594,nan,m,map,map
example12_mf6_vs_nwt_different_meshes_demonstrative,nwt_demo_structured,mf6_demo_triangular,depth_map_last,time_index:11,exact_time_key,time_index:11,11,11,,183,-1.6783568783452836,0.0,-1.6783568783452836,1.6783568783452836,nan,m,map,map
example12_mf6_vs_nwt_different_meshes_demonstrative,nwt_demo_structured,mf6_demo_triangular,depth_map_last,time_index:11,exact_time_key,time_index:11,11,11,,184,-1.446074307119801,0.0,-1.446074307119801,1.446074307119801,nan,m,map,map
example12_mf6_vs_nwt_different_meshes_demonstrative,nwt_demo_structured,mf6_demo_triangular,depth_map_last,time_index:11,exact_time_key,time_index:11,11,11,,187,-1.3328229394916775,0.0,-1.3328229394916775,1.3328229394916775,nan,m,map,map
example12_mf6_vs_nwt_different_meshes_demonstrative,nwt_demo_structured,mf6_demo_triangular,depth_map_last,time_index:11,exact_time_key,time_index:11,11,11,,188,-1.6087091705770717,0.0,-1.6087091705770717,1.6087091705770717,nan,m,map,map
example12_mf6_vs_nwt_different_meshes_demonstrative,nwt_demo_structured,mf6_demo_triangular,depth_map_last,time_index:11,exact_time_key,time_index:11,11,11,,190,-2.0796997926484266,0.0,-2.0796997926484266,2.0796997926484266,nan,m,map,map
example12_mf6_vs_nwt_different_meshes_demonstrative,nwt_demo_structured,mf6_demo_triangular,depth_map_last,time_index:11,exact_time_key,time_index:11,11,11,,191,-1.9050679524737575,0.0,-1.9050679524737575,1.9050679524737575,nan,m,map,map
example12_mf6_vs_nwt_different_meshes_demonstrative,nwt_demo_structured,mf6_demo_triangular,depth_map_last,time_index:11,exact_time_key,time_index:11,11,11,,193,-2.102784880126052,0.0,-2.102784880126052,2.102784880126052,nan,m,map,map
example12_mf6_vs_nwt_different_meshes_demonstrative,nwt_demo_structured,mf6_demo_triangular,depth_map_last,time_index:11,exact_time_key,time_index:11,11,11,,194,-2.4447926489273186,0.0,-2.4447926489273186,2.4447926489273186,nan,m,map,map
example12_mf6_vs_nwt_different_meshes_demonstrative,nwt_demo_structured,mf6_demo_triangular,depth_map_last,time_index:11,exact_time_key,time_index:11,11,11,,195,-2.605189046021195,0.0,-2.605189046021195,2.605189046021195,nan,m,map,map
example12_mf6_vs_nwt_different_meshes_demonstrative,nwt_demo_structured,mf6_demo_triangular,depth_map_last,time_index:11,exact_time_key,time_index:11,11,11,,197,-2.4888121591702657,0.0,-2.4888121591702657,2.4888121591702657,nan,m,map,map
example12_mf6_vs_nwt_different_meshes_demonstrative,nwt_demo_structured,mf6_demo_triangular,depth_map_last,time_index:11,exact_time_key,time_index:11,11,11,,198,-2.5387880381639434,0.0,-2.5387880381639434,2.5387880381639434,nan,m,map,map
example12_mf6_vs_nwt_different_meshes_demonstrative,nwt_demo_structured,mf6_demo_triangular,depth_map_last,time_index:11,exact_time_key,time_index:11,11,11,,199,-2.3112211643235696,0.0,-2.3112211643235696,2.3112211643235696,nan,m,map,map
example12_mf6_vs_nwt_different_meshes_demonstrative,nwt_demo_structured,mf6_demo_triangular,depth_map_last,time_index:11,exact_time_key,time_index:11,11,11,,200,-2.1183991748799826,0.0,-2.1183991748799826,2.1183991748799826,nan,m,map,map
example12_mf6_vs_nwt_different_meshes_demonstrative,nwt_demo_structured,mf6_demo_triangular,depth_map_last,time_index:11,exact_time_key,time_index:11,11,11,,201,-1.9678781822833855,0.0,-1.9678781822833855,1.9678781822833855,nan,m,map,map
example12_mf6_vs_nwt_different_meshes_demonstrative,nwt_demo_structured,mf6_demo_triangular,depth_map_last,time_index:11,exact_time_key,time_index:11,11,11,,203,-1.8715397070861854,0.0,-1.8715397070861854,1.8715397070861854,nan,m,map,map
example12_mf6_vs_nwt_different_meshes_demonstrative,nwt_demo_structured,mf6_demo_triangular,depth_map_last,time_index:11,exact_time_key,time_index:11,11,11,,207,-1.6906880700757654,0.0,-1.6906880700757654,1.6906880700757654,nan,m,map,map
example12_mf6_vs_nwt_different_meshes_demonstrative,nwt_demo_structured,mf6_demo_triangular,depth_map_last,time_index:11,exact_time_key,time_index:11,11,11,,208,-1.592711457202455,0.0,-1.592711457202455,1.592711457202455,nan,m,map,map
example12_mf6_vs_nwt_different_meshes_demonstrative,nwt_demo_structured,mf6_demo_triangular,depth_map_last,time_index:11,exact_time_key,time_index:11,11,11,,212,-1.4793564087561037,0.0,-1.4793564087561037,1.4793564087561037,nan,m,map,map
example12_mf6_vs_nwt_different_meshes_demonstrative,nwt_demo_structured,mf6_demo_triangular,depth_map_last,time_index:11,exact_time_key,time_index:11,11,11,,214,-1.2936963001127992,0.0,-1.2936963001127992,1.2936963001127992,nan,m,map,map
example12_mf6_vs_nwt_different_meshes_demonstrative,nwt_demo_structured,mf6_demo_triangular,depth_map_last,time_index:11,exact_time_key,time_index:11,11,11,,215,-1.0561256871280307,0.0,-1.0561256871280307,1.0561256871280307,nan,m,map,map
example12_mf6_vs_nwt_different_meshes_demonstrative,nwt_demo_structured,mf6_demo_triangular,depth_map_last,time_index:11,exact_time_key,time_index:11,11,11,,220,-2.6931133922926307,0.0,-2.6931133922926307,2.6931133922926307,nan,m,map,map
example12_mf6_vs_nwt_different_meshes_demonstrative,nwt_demo_structured,mf6_demo_triangular,depth_map_last,time_index:11,exact_time_key,time_index:11,11,11,,221,-2.7572222664331747,0.0,-2.7572222664331747,2.7572222664331747,nan,m,map,map
example12_mf6_vs_nwt_different_meshes_demonstrative,nwt_demo_structured,mf6_demo_triangular,depth_map_last,time_index:11,exact_time_key,time_index:11,11,11,,223,-3.2775878269775376,0.0,-3.2775878269775376,3.2775878269775376,nan,m,map,map
example12_mf6_vs_nwt_different_meshes_demonstrative,nwt_demo_structured,mf6_demo_triangular,depth_map_last,time_index:11,exact_time_key,time_index:11,11,11,,227,-4.175292294037277,0.0,-4.175292294037277,4.175292294037277,nan,m,map,map
example12_mf6_vs_nwt_different_meshes_demonstrative,nwt_demo_structured,mf6_demo_triangular,depth_map_last,time_index:11,exact_time_key,time_index:11,11,11,,229,-4.93219057664524,0.0,-4.93219057664524,4.93219057664524,nan,m,map,map
example12_mf6_vs_nwt_different_meshes_demonstrative,nwt_demo_structured,mf6_demo_triangular,depth_map_last,time_index:11,exact_time_key,time_index:11,11,11,,230,-5.255330720815053,0.0,-5.255330720815053,5.255330720815053,nan,m,map,map
example12_mf6_vs_nwt_different_meshes_demonstrative,nwt_demo_structured,mf6_demo_triangular,depth_map_last,time_index:11,exact_time_key,time_index:11,11,11,,231,-5.900847768060345,0.0,-5.900847768060345,5.900847768060345,nan,m,map,map
example12_mf6_vs_nwt_different_meshes_demonstrative,nwt_demo_structured,mf6_demo_triangular,depth_map_last,time_index:11,exact_time_key,time_index:11,11,11,,234,-6.520084460493308,0.0,-6.520084460493308,6.520084460493308,nan,m,map,map
example12_mf6_vs_nwt_different_meshes_demonstrative,nwt_demo_structured,mf6_demo_triangular,depth_map_last,time_index:11,exact_time_key,time_index:11,11,11,,235,-7.267763413594807,0.0,-7.267763413594807,7.267763413594807,nan,m,map,map
example12_mf6_vs_nwt_different_meshes_demonstrative,nwt_demo_structured,mf6_demo_triangular,depth_map_last,time_index:11,exact_time_key,time_index:11,11,11,,236,-5.9114323703229275,0.0,-5.9114323703229275,5.9114323703229275,nan,m,map,map
example12_mf6_vs_nwt_different_meshes_demonstrative,nwt_demo_structured,mf6_demo_triangular,depth_map_last,time_index:11,exact_time_key,time_index:11,11,11,,238,-3.675348564710859,0.0,-3.675348564710859,3.675348564710859,nan,m,map,map
example12_mf6_vs_nwt_different_meshes_demonstrative,nwt_demo_structured,mf6_demo_triangular,depth_map_last,time_index:11,exact_time_key,time_index:11,11,11,,242,-1.8530893168796183,0.0,-1.8530893168796183,1.8530893168796183,nan,m,map,map
example12_mf6_vs_nwt_different_meshes_demonstrative,nwt_demo_structured,mf6_demo_triangular,depth_map_last,time_index:11,exact_time_key,time_index:11,11,11,,244,-1.1726990488751596,0.0,-1.1726990488751596,1.1726990488751596,nan,m,map,map
example12_mf6_vs_nwt_different_meshes_demonstrative,nwt_demo_structured,mf6_demo_triangular,depth_map_last,time_index:11,exact_time_key,time_index:11,11,11,,248,-1.3617853414652075,0.0,-1.3617853414652075,1.3617853414652075,nan,m,map,map
example12_mf6_vs_nwt_different_meshes_demonstrative,nwt_demo_structured,mf6_demo_triangular,depth_map_last,time_index:11,exact_time_key,time_index:11,11,11,,249,-1.7213349454290494,0.0,-1.7213349454290494,1.7213349454290494,nan,m,map,map
example12_mf6_vs_nwt_different_meshes_demonstrative,nwt_demo_structured,mf6_demo_triangular,depth_map_last,time_index:11,exact_time_key,time_index:11,11,11,,252,-1.6723647432721123,0.0,-1.6723647432721123,1.6723647432721123,nan,m,map,map
example12_mf6_vs_nwt_different_meshes_demonstrative,nwt_demo_structured,mf6_demo_triangular,depth_map_last,time_index:11,exact_time_key,time_index:11,11,11,,254,-2.2201027263577373,0.0,-2.2201027263577373,2.2201027263577373,nan,m,map,map
example12_mf6_vs_nwt_different_meshes_demonstrative,nwt_demo_structured,mf6_demo_triangular,depth_map_last,time_index:11,exact_time_key,time_index:11,11,11,,256,-1.951534110207433,0.0,-1.951534110207433,1.951534110207433,nan,m,map,map
example12_mf6_vs_nwt_different_meshes_demonstrative,nwt_demo_structured,mf6_demo_triangular,depth_map_last,time_index:11,exact_time_key,time_index:11,11,11,,258,-1.9509081356541174,0.0,-1.9509081356541174,1.9509081356541174,nan,m,map,map
example12_mf6_vs_nwt_different_meshes_demonstrative,nwt_demo_structured,mf6_demo_triangular,depth_map_last,time_index:11,exact_time_key,time_index:11,11,11,,261,-1.445178981537623,0.0,-1.445178981537623,1.445178981537623,nan,m,map,map
example12_mf6_vs_nwt_different_meshes_demonstrative,nwt_demo_structured,mf6_demo_triangular,depth_map_last,time_index:11,exact_time_key,time_index:11,11,11,,262,-1.4491844672456864,0.0,-1.4491844672456864,1.4491844672456864,nan,m,map,map
example12_mf6_vs_nwt_different_meshes_demonstrative,nwt_demo_structured,mf6_demo_triangular,depth_map_last,time_index:11,exact_time_key,time_index:11,11,11,,263,-1.4232196016038188,0.0,-1.4232196016038188,1.4232196016038188,nan,m,map,map
example12_mf6_vs_nwt_different_meshes_demonstrative,nwt_demo_structured,mf6_demo_triangular,depth_map_last,time_index:11,exact_time_key,time_index:11,11,11,,265,-1.6073300542220466,0.0,-1.6073300542220466,1.6073300542220466,nan,m,map,map
example12_mf6_vs_nwt_different_meshes_demonstrative,nwt_demo_structured,mf6_demo_triangular,depth_map_last,time_index:11,exact_time_key,time_index:11,11,11,,267,-1.5126457812465333,0.0,-1.5126457812465333,1.5126457812465333,nan,m,map,map
example12_mf6_vs_nwt_different_meshes_demonstrative,nwt_demo_structured,mf6_demo_triangular,depth_map_last,time_index:11,exact_time_key,time_index:11,11,11,,268,-1.5370941269736704,0.0,-1.5370941269736704,1.5370941269736704,nan,m,map,map
example12_mf6_vs_nwt_different_meshes_demonstrative,nwt_demo_structured,mf6_demo_triangular,depth_map_last,time_index:11,exact_time_key,time_index:11,11,11,,269,-1.4770692112849417,0.0,-1.4770692112849417,1.4770692112849417,nan,m,map,map
example12_mf6_vs_nwt_different_meshes_demonstrative,nwt_demo_structured,mf6_demo_triangular,depth_map_last,time_index:11,exact_time_key,time_index:11,11,11,,273,-1.4296017350225725,0.0,-1.4296017350225725,1.4296017350225725,nan,m,map,map
example12_mf6_vs_nwt_different_meshes_demonstrative,nwt_demo_structured,mf6_demo_triangular,depth_map_last,time_index:11,exact_time_key,time_index:11,11,11,,274,-1.3367909329544716,0.0,-1.3367909329544716,1.3367909329544716,nan,m,map,map
example12_mf6_vs_nwt_different_meshes_demonstrative,nwt_demo_structured,mf6_demo_triangular,depth_map_last,time_index:11,exact_time_key,time_index:11,11,11,,275,-1.1099321605551893,0.0,-1.1099321605551893,1.1099321605551893,nan,m,map,map
example12_mf6_vs_nwt_different_meshes_demonstrative,nwt_demo_structured,mf6_demo_triangular,depth_map_last,time_index:11,exact_time_key,time_index:11,11,11,,276,-1.0889521881945399,0.0,-1.0889521881945399,1.0889521881945399,nan,m,map,map
example12_mf6_vs_nwt_different_meshes_demonstrative,nwt_demo_structured,mf6_demo_triangular,depth_map_last,time_index:11,exact_time_key,time_index:11,11,11,,282,-3.371478578280062,0.0,-3.371478578280062,3.371478578280062,nan,m,map,map
example12_mf6_vs_nwt_different_meshes_demonstrative,nwt_demo_structured,mf6_demo_triangular,depth_map_last,time_index:11,exact_time_key,time_index:11,11,11,,284,-3.964241047218181,0.0,-3.964241047218181,3.964241047218181,nan,m,map,map
example12_mf6_vs_nwt_different_meshes_demonstrative,nwt_demo_structured,mf6_demo_triangular,depth_map_last,time_index:11,exact_time_key,time_index:11,11,11,,285,-4.416743412738782,0.0,-4.416743412738782,4.416743412738782,nan,m,map,map
example12_mf6_vs_nwt_different_meshes_demonstrative,nwt_demo_structured,mf6_demo_triangular,depth_map_last,time_index:11,exact_time_key,time_index:11,11,11,,287,-5.184295342387216,0.0,-5.184295342387216,5.184295342387216,nan,m,map,map
example12_mf6_vs_nwt_different_meshes_demonstrative,nwt_demo_structured,mf6_demo_triangular,depth_map_last,time_index:11,exact_time_key,time_index:11,11,11,,288,-5.7103746139673035,0.0,-5.7103746139673035,5.7103746139673035,nan,m,map,map
example12_mf6_vs_nwt_different_meshes_demonstrative,nwt_demo_structured,mf6_demo_triangular,depth_map_last,time_index:11,exact_time_key,time_index:11,11,11,,289,-6.003360443943947,0.0,-6.003360443943947,6.003360443943947,nan,m,map,map
example12_mf6_vs_nwt_different_meshes_demonstrative,nwt_demo_structured,mf6_demo_triangular,depth_map_last,time_index:11,exact_time_key,time_index:11,11,11,,294,-6.1025503055413,0.0,-6.1025503055413,6.1025503055413,nan,m,map,map
example12_mf6_vs_nwt_different_meshes_demonstrative,nwt_demo_structured,mf6_demo_triangular,depth_map_last,time_index:11,exact_time_key,time_index:11,11,11,,295,-5.810230404441711,0.0,-5.810230404441711,5.810230404441711,nan,m,map,map
example12_mf6_vs_nwt_different_meshes_demonstrative,nwt_demo_structured,mf6_demo_triangular,depth_map_last,time_index:11,exact_time_key,time_index:11,11,11,,296,-4.734480641730798,0.0,-4.734480641730798,4.734480641730798,nan,m,map,map
example12_mf6_vs_nwt_different_meshes_demonstrative,nwt_demo_structured,mf6_demo_triangular,depth_map_last,time_index:11,exact_time_key,time_index:11,11,11,,297,-3.8485268765389407,0.0,-3.8485268765389407,3.8485268765389407,nan,m,map,map
example12_mf6_vs_nwt_different_meshes_demonstrative,nwt_demo_structured,mf6_demo_triangular,depth_map_last,time_index:11,exact_time_key,time_index:11,11,11,,298,-2.9640220735924885,0.0,-2.9640220735924885,2.9640220735924885,nan,m,map,map
example12_mf6_vs_nwt_different_meshes_demonstrative,nwt_demo_structured,mf6_demo_triangular,depth_map_last,time_index:11,exact_time_key,time_index:11,11,11,,299,-2.229761923568546,0.0,-2.229761923568546,2.229761923568546,nan,m,map,map
example12_mf6_vs_nwt_different_meshes_demonstrative,nwt_demo_structured,mf6_demo_triangular,depth_map_last,time_index:11,exact_time_key,time_index:11,11,11,,300,-2.5535575488123925,0.0,-2.5535575488123925,2.5535575488123925,nan,m,map,map
example12_mf6_vs_nwt_different_meshes_demonstrative,nwt_demo_structured,mf6_demo_triangular,depth_map_last,time_index:11,exact_time_key,time_index:11,11,11,,301,-2.11865807933728,0.0,-2.11865807933728,2.11865807933728,nan,m,map,map
example12_mf6_vs_nwt_different_meshes_demonstrative,nwt_demo_structured,mf6_demo_triangular,depth_map_last,time_index:11,exact_time_key,time_index:11,11,11,,304,-1.056079608025442,0.0,-1.056079608025442,1.056079608025442,nan,m,map,map
example12_mf6_vs_nwt_different_meshes_demonstrative,nwt_demo_structured,mf6_demo_triangular,depth_map_last,time_index:11,exact_time_key,time_index:11,11,11,,307,-1.1187464464991024,0.0,-1.1187464464991024,1.1187464464991024,nan,m,map,map
example12_mf6_vs_nwt_different_meshes_demonstrative,nwt_demo_structured,mf6_demo_triangular,depth_map_last,time_index:11,exact_time_key,time_index:11,11,11,,309,-1.304783429097057,0.0,-1.304783429097057,1.304783429097057,nan,m,map,map
example12_mf6_vs_nwt_different_meshes_demonstrative,nwt_demo_structured,mf6_demo_triangular,depth_map_last,time_index:11,exact_time_key,time_index:11,11,11,,310,-1.7830795353116002,0.0,-1.7830795353116002,1.7830795353116002,nan,m,map,map
example12_mf6_vs_nwt_different_meshes_demonstrative,nwt_demo_structured,mf6_demo_triangular,depth_map_last,time_index:11,exact_time_key,time_index:11,11,11,,311,-1.7916155731729475,0.0,-1.7916155731729475,1.7916155731729475,nan,m,map,map
example12_mf6_vs_nwt_different_meshes_demonstrative,nwt_demo_structured,mf6_demo_triangular,depth_map_last,time_index:11,exact_time_key,time_index:11,11,11,,312,-1.6588810107221832,0.0,-1.6588810107221832,1.6588810107221832,nan,m,map,map
example12_mf6_vs_nwt_different_meshes_demonstrative,nwt_demo_structured,mf6_demo_triangular,depth_map_last,time_index:11,exact_time_key,time_index:11,11,11,,313,-1.8222961065093273,0.0,-1.8222961065093273,1.8222961065093273,nan,m,map,map
example12_mf6_vs_nwt_different_meshes_demonstrative,nwt_demo_structured,mf6_demo_triangular,depth_map_last,time_index:11,exact_time_key,time_index:11,11,11,,315,-1.8732381747730926,0.0,-1.8732381747730926,1.8732381747730926,nan,m,map,map
example12_mf6_vs_nwt_different_meshes_demonstrative,nwt_demo_structured,mf6_demo_triangular,depth_map_last,time_index:11,exact_time_key,time_index:11,11,11,,316,-1.7266895555800943,0.0,-1.7266895555800943,1.7266895555800943,nan,m,map,map
example12_mf6_vs_nwt_different_meshes_demonstrative,nwt_demo_structured,mf6_demo_triangular,depth_map_last,time_index:11,exact_time_key,time_index:11,11,11,,317,-1.869984462607846,0.0,-1.869984462607846,1.869984462607846,nan,m,map,map
example12_mf6_vs_nwt_different_meshes_demonstrative,nwt_demo_structured,mf6_demo_triangular,depth_map_last,time_index:11,exact_time_key,time_index:11,11,11,,318,-1.9318185432101416,0.0,-1.9318185432101416,1.9318185432101416,nan,m,map,map
example12_mf6_vs_nwt_different_meshes_demonstrative,nwt_demo_structured,mf6_demo_triangular,depth_map_last,time_index:11,exact_time_key,time_index:11,11,11,,319,-1.688876940145036,0.0,-1.688876940145036,1.688876940145036,nan,m,map,map
example12_mf6_vs_nwt_different_meshes_demonstrative,nwt_demo_structured,mf6_demo_triangular,depth_map_last,time_index:11,exact_time_key,time_index:11,11,11,,321,-1.0386454408682653,0.0,-1.0386454408682653,1.0386454408682653,nan,m,map,map
example12_mf6_vs_nwt_different_meshes_demonstrative,nwt_demo_structured,mf6_demo_triangular,depth_map_last,time_index:11,exact_time_key,time_index:11,11,11,,324,-1.2496192964709678,0.0,-1.2496192964709678,1.2496192964709678,nan,m,map,map
example12_mf6_vs_nwt_different_meshes_demonstrative,nwt_demo_structured,mf6_demo_triangular,depth_map_last,time_index:11,exact_time_key,time_index:11,11,11,,325,-1.465257074889081,0.0,-1.465257074889081,1.465257074889081,nan,m,map,map
example12_mf6_vs_nwt_different_meshes_demonstrative,nwt_demo_structured,mf6_demo_triangular,depth_map_last,time_index:11,exact_time_key,time_index:11,11,11,,328,-1.480907070440793,0.0,-1.480907070440793,1.480907070440793,nan,m,map,map
example12_mf6_vs_nwt_different_meshes_demonstrative,nwt_demo_structured,mf6_demo_triangular,depth_map_last,time_index:11,exact_time_key,time_index:11,11,11,,329,-1.4849517302825177,0.0,-1.4849517302825177,1.4849517302825177,nan,m,map,map
example12_mf6_vs_nwt_different_meshes_demonstrative,nwt_demo_structured,mf6_demo_triangular,depth_map_last,time_index:11,exact_time_key,time_index:11,11,11,,334,-1.2708294937456515,0.0,-1.2708294937456515,1.2708294937456515,nan,m,map,map
example12_mf6_vs_nwt_different_meshes_demonstrative,nwt_demo_structured,mf6_demo_triangular,depth_map_last,time_index:11,exact_time_key,time_index:11,11,11,,337,-1.18149440625848,0.0,-1.18149440625848,1.18149440625848,nan,m,map,map
example12_mf6_vs_nwt_different_meshes_demonstrative,nwt_demo_structured,mf6_demo_triangular,depth_map_last,time_index:11,exact_time_key,time_index:11,11,11,,338,-1.466986545725831,0.0,-1.466986545725831,1.466986545725831,nan,m,map,map
example12_mf6_vs_nwt_different_meshes_demonstrative,nwt_demo_structured,mf6_demo_triangular,depth_map_last,time_index:11,exact_time_key,time_index:11,11,11,,339,-1.7136390069254048,0.0,-1.7136390069254048,1.7136390069254048,nan,m,map,map
example12_mf6_vs_nwt_different_meshes_demonstrative,nwt_demo_structured,mf6_demo_triangular,depth_map_last,time_index:11,exact_time_key,time_index:11,11,11,,340,-2.093288158665686,0.0,-2.093288158665686,2.093288158665686,nan,m,map,map
example12_mf6_vs_nwt_different_meshes_demonstrative,nwt_demo_structured,mf6_demo_triangular,depth_map_last,time_index:11,exact_time_key,time_index:11,11,11,,341,-2.7454354721348153,0.0,-2.7454354721348153,2.7454354721348153,nan,m,map,map
example12_mf6_vs_nwt_different_meshes_demonstrative,nwt_demo_structured,mf6_demo_triangular,depth_map_last,time_index:11,exact_time_key,time_index:11,11,11,,345,-4.141832957182729,0.0,-4.141832957182729,4.141832957182729,nan,m,map,map
example12_mf6_vs_nwt_different_meshes_demonstrative,nwt_demo_structured,mf6_demo_triangular,depth_map_last,time_index:11,exact_time_key,time_index:11,11,11,,347,-5.20860950463323,0.0,-5.20860950463323,5.20860950463323,nan,m,map,map
example12_mf6_vs_nwt_different_meshes_demonstrative,nwt_demo_structured,mf6_demo_triangular,depth_map_last,time_index:11,exact_time_key,time_index:11,11,11,,349,-6.123231077814552,0.0,-6.123231077814552,6.123231077814552,nan,m,map,map
example12_mf6_vs_nwt_different_meshes_demonstrative,nwt_demo_structured,mf6_demo_triangular,depth_map_last,time_index:11,exact_time_key,time_index:11,11,11,,350,-6.225966368341744,0.0,-6.225966368341744,6.225966368341744,nan,m,map,map
example12_mf6_vs_nwt_different_meshes_demonstrative,nwt_demo_structured,mf6_demo_triangular,depth_map_last,time_index:11,exact_time_key,time_index:11,11,11,,351,-6.153617566702351,0.0,-6.153617566702351,6.153617566702351,nan,m,map,map
example12_mf6_vs_nwt_different_meshes_demonstrative,nwt_demo_structured,mf6_demo_triangular,depth_map_last,time_index:11,exact_time_key,time_index:11,11,11,,359,-1.9088937854358647,0.0,-1.9088937854358647,1.9088937854358647,nan,m,map,map
example12_mf6_vs_nwt_different_meshes_demonstrative,nwt_demo_structured,mf6_demo_triangular,depth_map_last,time_index:11,exact_time_key,time_index:11,11,11,,363,-1.0986038901184827,0.0,-1.0986038901184827,1.0986038901184827,nan,m,map,map
example12_mf6_vs_nwt_different_meshes_demonstrative,nwt_demo_structured,mf6_demo_triangular,depth_map_last,time_index:11,exact_time_key,time_index:11,11,11,,365,-0.8894910449691338,0.0,-0.8894910449691338,0.8894910449691338,nan,m,map,map
example12_mf6_vs_nwt_different_meshes_demonstrative,nwt_demo_structured,mf6_demo_triangular,depth_map_last,time_index:11,exact_time_key,time_index:11,11,11,,369,-1.2168205343940883,0.0,-1.2168205343940883,1.2168205343940883,nan,m,map,map
example12_mf6_vs_nwt_different_meshes_demonstrative,nwt_demo_structured,mf6_demo_triangular,depth_map_last,time_index:11,exact_time_key,time_index:11,11,11,,371,-1.7023975207367812,0.0,-1.7023975207367812,1.7023975207367812,nan,m,map,map
example12_mf6_vs_nwt_different_meshes_demonstrative,nwt_demo_structured,mf6_demo_triangular,depth_map_last,time_index:11,exact_time_key,time_index:11,11,11,,377,-1.6392366620251266,0.0,-1.6392366620251266,1.6392366620251266,nan,m,map,map
example12_mf6_vs_nwt_different_meshes_demonstrative,nwt_demo_structured,mf6_demo_triangular,depth_map_last,time_index:11,exact_time_key,time_index:11,11,11,,378,-1.5890165799771125,0.0,-1.5890165799771125,1.5890165799771125,nan,m,map,map
example12_mf6_vs_nwt_different_meshes_demonstrative,nwt_demo_structured,mf6_demo_triangular,depth_map_last,time_index:11,exact_time_key,time_index:11,11,11,,379,-1.39551090033342,0.0,-1.39551090033342,1.39551090033342,nan,m,map,map
example12_mf6_vs_nwt_different_meshes_demonstrative,nwt_demo_structured,mf6_demo_triangular,depth_map_last,time_index:11,exact_time_key,time_index:11,11,11,,380,-1.0900229167437772,0.0,-1.0900229167437772,1.0900229167437772,nan,m,map,map
example12_mf6_vs_nwt_different_meshes_demonstrative,nwt_demo_structured,mf6_demo_triangular,depth_map_last,time_index:11,exact_time_key,time_index:11,11,11,,387,-1.5255803560487493,0.0,-1.5255803560487493,1.5255803560487493,nan,m,map,map
example12_mf6_vs_nwt_different_meshes_demonstrative,nwt_demo_structured,mf6_demo_triangular,depth_map_last,time_index:11,exact_time_key,time_index:11,11,11,,390,-1.604014811399594,0.0,-1.604014811399594,1.604014811399594,nan,m,map,map
example12_mf6_vs_nwt_different_meshes_demonstrative,nwt_demo_structured,mf6_demo_triangular,depth_map_last,time_index:11,exact_time_key,time_index:11,11,11,,392,-1.4748195062248328,0.0,-1.4748195062248328,1.4748195062248328,nan,m,map,map
example12_mf6_vs_nwt_different_meshes_demonstrative,nwt_demo_structured,mf6_demo_triangular,depth_map_last,time_index:11,exact_time_key,time_index:11,11,11,,398,-1.3258588134256968,0.0,-1.3258588134256968,1.3258588134256968,nan,m,map,map
example12_mf6_vs_nwt_different_meshes_demonstrative,nwt_demo_structured,mf6_demo_triangular,depth_map_last,time_index:11,exact_time_key,time_index:11,11,11,,401,-2.8700671750890763,0.0,-2.8700671750890763,2.8700671750890763,nan,m,map,map
example12_mf6_vs_nwt_different_meshes_demonstrative,nwt_demo_structured,mf6_demo_triangular,depth_map_last,time_index:11,exact_time_key,time_index:11,11,11,,412,-5.743017976496958,0.0,-5.743017976496958,5.743017976496958,nan,m,map,map
example12_mf6_vs_nwt_different_meshes_demonstrative,nwt_demo_structured,mf6_demo_triangular,depth_map_last,time_index:11,exact_time_key,time_index:11,11,11,,414,-4.90870515568443,0.0,-4.90870515568443,4.90870515568443,nan,m,map,map
example12_mf6_vs_nwt_different_meshes_demonstrative,nwt_demo_structured,mf6_demo_triangular,depth_map_last,time_index:11,exact_time_key,time_index:11,11,11,,415,-4.890462817854129,0.0,-4.890462817854129,4.890462817854129,nan,m,map,map
example12_mf6_vs_nwt_different_meshes_demonstrative,nwt_demo_structured,mf6_demo_triangular,depth_map_last,time_index:11,exact_time_key,time_index:11,11,11,,422,-1.015064974966009,0.0,-1.015064974966009,1.015064974966009,nan,m,map,map
example12_mf6_vs_nwt_different_meshes_demonstrative,nwt_demo_structured,mf6_demo_triangular,depth_map_last,time_index:11,exact_time_key,time_index:11,11,11,,426,-0.8555529215103945,0.0,-0.8555529215103945,0.8555529215103945,nan,m,map,map
example12_mf6_vs_nwt_different_meshes_demonstrative,nwt_demo_structured,mf6_demo_triangular,depth_map_last,time_index:11,exact_time_key,time_index:11,11,11,,428,-1.2891910849883175,0.0,-1.2891910849883175,1.2891910849883175,nan,m,map,map
example12_mf6_vs_nwt_different_meshes_demonstrative,nwt_demo_structured,mf6_demo_triangular,depth_map_last,time_index:11,exact_time_key,time_index:11,11,11,,431,-1.7593460386055426,0.0,-1.7593460386055426,1.7593460386055426,nan,m,map,map
example12_mf6_vs_nwt_different_meshes_demonstrative,nwt_demo_structured,mf6_demo_triangular,depth_map_last,time_index:11,exact_time_key,time_index:11,11,11,,433,-1.9213162809691084,0.0,-1.9213162809691084,1.9213162809691084,nan,m,map,map
example12_mf6_vs_nwt_different_meshes_demonstrative,nwt_demo_structured,mf6_demo_triangular,depth_map_last,time_index:11,exact_time_key,time_index:11,11,11,,436,-1.519150486289277,0.0,-1.519150486289277,1.519150486289277,nan,m,map,map
example12_mf6_vs_nwt_different_meshes_demonstrative,nwt_demo_structured,mf6_demo_triangular,depth_map_last,time_index:11,exact_time_key,time_index:11,11,11,,437,-1.3710612863733616,0.0,-1.3710612863733616,1.3710612863733616,nan,m,map,map
example12_mf6_vs_nwt_different_meshes_demonstrative,nwt_demo_structured,mf6_demo_triangular,depth_map_last,time_index:11,exact_time_key,time_index:11,11,11,,441,-0.6827013688386785,0.0,-0.6827013688386785,0.6827013688386785,nan,m,map,map
example12_mf6_vs_nwt_different_meshes_demonstrative,nwt_demo_structured,mf6_demo_triangular,depth_map_last,time_index:11,exact_time_key,time_index:11,11,11,,442,-0.6184716359952915,0.0,-0.6184716359952915,0.6184716359952915,nan,m,map,map
example12_mf6_vs_nwt_different_meshes_demonstrative,nwt_demo_structured,mf6_demo_triangular,depth_map_last,time_index:11,exact_time_key,time_index:11,11,11,,443,-0.6172363215727046,0.0,-0.6172363215727046,0.6172363215727046,nan,m,map,map
example12_mf6_vs_nwt_different_meshes_demonstrative,nwt_demo_structured,mf6_demo_triangular,depth_map_last,time_index:11,exact_time_key,time_index:11,11,11,,445,-1.0215373370040197,0.0,-1.0215373370040197,1.0215373370040197,nan,m,map,map
example12_mf6_vs_nwt_different_meshes_demonstrative,nwt_demo_structured,mf6_demo_triangular,depth_map_last,time_index:11,exact_time_key,time_index:11,11,11,,451,-1.3763563482725374,0.0,-1.3763563482725374,1.3763563482725374,nan,m,map,map
example12_mf6_vs_nwt_different_meshes_demonstrative,nwt_demo_structured,mf6_demo_triangular,depth_map_last,time_index:11,exact_time_key,time_index:11,11,11,,452,-1.4149545742434952,0.0,-1.4149545742434952,1.4149545742434952,nan,m,map,map
example12_mf6_vs_nwt_different_meshes_demonstrative,nwt_demo_structured,mf6_demo_triangular,depth_map_last,time_index:11,exact_time_key,time_index:11,11,11,,457,-1.362984310748871,0.0,-1.362984310748871,1.362984310748871,nan,m,map,map
example12_mf6_vs_nwt_different_meshes_demonstrative,nwt_demo_structured,mf6_demo_triangular,depth_map_last,time_index:11,exact_time_key,time_index:11,11,11,,459,-1.88069673694946,0.0,-1.88069673694946,1.88069673694946,nan,m,map,map
example12_mf6_vs_nwt_different_meshes_demonstrative,nwt_demo_structured,mf6_demo_triangular,depth_map_last,time_index:11,exact_time_key,time_index:11,11,11,,461,-2.9922114144468708,0.0,-2.9922114144468708,2.9922114144468708,nan,m,map,map
example12_mf6_vs_nwt_different_meshes_demonstrative,nwt_demo_structured,mf6_demo_triangular,depth_map_last,time_index:11,exact_time_key,time_index:11,11,11,,463,-3.7216378392680696,0.0,-3.7216378392680696,3.7216378392680696,nan,m,map,map
example12_mf6_vs_nwt_different_meshes_demonstrative,nwt_demo_structured,mf6_demo_triangular,depth_map_last,time_index:11,exact_time_key,time_index:11,11,11,,467,-4.7408287554291775,0.0,-4.7408287554291775,4.7408287554291775,nan,m,map,map
example12_mf6_vs_nwt_different_meshes_demonstrative,nwt_demo_structured,mf6_demo_triangular,depth_map_last,time_index:11,exact_time_key,time_index:11,11,11,,468,-4.9297523019398,0.0,-4.9297523019398,4.9297523019398,nan,m,map,map
example12_mf6_vs_nwt_different_meshes_demonstrative,nwt_demo_structured,mf6_demo_triangular,depth_map_last,time_index:11,exact_time_key,time_index:11,11,11,,470,-5.4045893248044194,0.0,-5.4045893248044194,5.4045893248044194,nan,m,map,map
example12_mf6_vs_nwt_different_meshes_demonstrative,nwt_demo_structured,mf6_demo_triangular,depth_map_last,time_index:11,exact_time_key,time_index:11,11,11,,472,-4.902087512244407,0.0,-4.902087512244407,4.902087512244407,nan,m,map,map
example12_mf6_vs_nwt_different_meshes_demonstrative,nwt_demo_structured,mf6_demo_triangular,depth_map_last,time_index:11,exact_time_key,time_index:11,11,11,,473,-4.582819009761309,0.0,-4.582819009761309,4.582819009761309,nan,m,map,map
example12_mf6_vs_nwt_different_meshes_demonstrative,nwt_demo_structured,mf6_demo_triangular,depth_map_last,time_index:11,exact_time_key,time_index:11,11,11,,474,-4.339187176837939,0.0,-4.339187176837939,4.339187176837939,nan,m,map,map
example12_mf6_vs_nwt_different_meshes_demonstrative,nwt_demo_structured,mf6_demo_triangular,depth_map_last,time_index:11,exact_time_key,time_index:11,11,11,,475,-4.403593584880767,0.0,-4.403593584880767,4.403593584880767,nan,m,map,map
example12_mf6_vs_nwt_different_meshes_demonstrative,nwt_demo_structured,mf6_demo_triangular,depth_map_last,time_index:11,exact_time_key,time_index:11,11,11,,478,-1.9740663308319029,0.0,-1.9740663308319029,1.9740663308319029,nan,m,map,map
example12_mf6_vs_nwt_different_meshes_demonstrative,nwt_demo_structured,mf6_demo_triangular,depth_map_last,time_index:11,exact_time_key,time_index:11,11,11,,482,-0.6006508567137132,0.0,-0.6006508567137132,0.6006508567137132,nan,m,map,map
example12_mf6_vs_nwt_different_meshes_demonstrative,nwt_demo_structured,mf6_demo_triangular,depth_map_last,time_index:11,exact_time_key,time_index:11,11,11,,483,-0.5934405026998775,0.0,-0.5934405026998775,0.5934405026998775,nan,m,map,map
example12_mf6_vs_nwt_different_meshes_demonstrative,nwt_demo_structured,mf6_demo_triangular,depth_map_last,time_index:11,exact_time_key,time_index:11,11,11,,484,-0.5549268227439654,0.0,-0.5549268227439654,0.5549268227439654,nan,m,map,map
example12_mf6_vs_nwt_different_meshes_demonstrative,nwt_demo_structured,mf6_demo_triangular,depth_map_last,time_index:11,exact_time_key,time_index:11,11,11,,485,-0.689713732130599,0.0,-0.689713732130599,0.689713732130599,nan,m,map,map
example12_mf6_vs_nwt_different_meshes_demonstrative,nwt_demo_structured,mf6_demo_triangular,depth_map_last,time_index:11,exact_time_key,time_index:11,11,11,,486,-0.923021789982954,0.0,-0.923021789982954,0.923021789982954,nan,m,map,map
example12_mf6_vs_nwt_different_meshes_demonstrative,nwt_demo_structured,mf6_demo_triangular,depth_map_last,time_index:11,exact_time_key,time_index:11,11,11,,487,-1.16028247589648,0.0,-1.16028247589648,1.16028247589648,nan,m,map,map
example12_mf6_vs_nwt_different_meshes_demonstrative,nwt_demo_structured,mf6_demo_triangular,depth_map_last,time_index:11,exact_time_key,time_index:11,11,11,,488,-1.380042903529727,0.0,-1.380042903529727,1.380042903529727,nan,m,map,map
example12_mf6_vs_nwt_different_meshes_demonstrative,nwt_demo_structured,mf6_demo_triangular,depth_map_last,time_index:11,exact_time_key,time_index:11,11,11,,489,-1.6216692985369434,0.0,-1.6216692985369434,1.6216692985369434,nan,m,map,map
example12_mf6_vs_nwt_different_meshes_demonstrative,nwt_demo_structured,mf6_demo_triangular,depth_map_last,time_index:11,exact_time_key,time_index:11,11,11,,490,-1.8734489668170227,0.0,-1.8734489668170227,1.8734489668170227,nan,m,map,map
example12_mf6_vs_nwt_different_meshes_demonstrative,nwt_demo_structured,mf6_demo_triangular,depth_map_last,time_index:11,exact_time_key,time_index:11,11,11,,491,-1.824791427143083,0.0,-1.824791427143083,1.824791427143083,nan,m,map,map
example12_mf6_vs_nwt_different_meshes_demonstrative,nwt_demo_structured,mf6_demo_triangular,depth_map_last,time_index:11,exact_time_key,time_index:11,11,11,,499,-0.8054291290929143,0.0,-0.8054291290929143,0.8054291290929143,nan,m,map,map
example12_mf6_vs_nwt_different_meshes_demonstrative,nwt_demo_structured,mf6_demo_triangular,depth_map_last,time_index:11,exact_time_key,time_index:11,11,11,,502,-0.49166663518519726,0.0,-0.49166663518519726,0.49166663518519726,nan,m,map,map
example12_mf6_vs_nwt_different_meshes_demonstrative,nwt_demo_structured,mf6_demo_triangular,depth_map_last,time_index:11,exact_time_key,time_index:11,11,11,,503,-0.5904372772147894,0.0,-0.5904372772147894,0.5904372772147894,nan,m,map,map
example12_mf6_vs_nwt_different_meshes_demonstrative,nwt_demo_structured,mf6_demo_triangular,depth_map_last,time_index:11,exact_time_key,time_index:11,11,11,,504,-0.6667383202082533,0.0,-0.6667383202082533,0.6667383202082533,nan,m,map,map
example12_mf6_vs_nwt_different_meshes_demonstrative,nwt_demo_structured,mf6_demo_triangular,depth_map_last,time_index:11,exact_time_key,time_index:11,11,11,,505,-0.8508791010422101,0.0,-0.8508791010422101,0.8508791010422101,nan,m,map,map
example12_mf6_vs_nwt_different_meshes_demonstrative,nwt_demo_structured,mf6_demo_triangular,depth_map_last,time_index:11,exact_time_key,time_index:11,11,11,,508,-1.29588983774633,0.0,-1.29588983774633,1.29588983774633,nan,m,map,map
example12_mf6_vs_nwt_different_meshes_demonstrative,nwt_demo_structured,mf6_demo_triangular,depth_map_last,time_index:11,exact_time_key,time_index:11,11,11,,512,-1.0455244702581012,0.0,-1.0455244702581012,1.0455244702581012,nan,m,map,map
example12_mf6_vs_nwt_different_meshes_demonstrative,nwt_demo_structured,mf6_demo_triangular,depth_map_last,time_index:11,exact_time_key,time_index:11,11,11,,515,-0.9944592285162059,0.0,-0.9944592285162059,0.9944592285162059,nan,m,map,map
example12_mf6_vs_nwt_different_meshes_demonstrative,nwt_demo_structured,mf6_demo_triangular,depth_map_last,time_index:11,exact_time_key,time_index:11,11,11,,516,-1.276213243273446,0.0,-1.276213243273446,1.276213243273446,nan,m,map,map
example12_mf6_vs_nwt_different_meshes_demonstrative,nwt_demo_structured,mf6_demo_triangular,depth_map_last,time_index:11,exact_time_key,time_index:11,11,11,,517,-1.5055152376571783,0.0,-1.5055152376571783,1.5055152376571783,nan,m,map,map
example12_mf6_vs_nwt_different_meshes_demonstrative,nwt_demo_structured,mf6_demo_triangular,depth_map_last,time_index:11,exact_time_key,time_index:11,11,11,,519,-2.0492037119773414,0.0,-2.0492037119773414,2.0492037119773414,nan,m,map,map
example12_mf6_vs_nwt_different_meshes_demonstrative,nwt_demo_structured,mf6_demo_triangular,depth_map_last,time_index:11,exact_time_key,time_index:11,11,11,,520,-2.524717153996278,0.0,-2.524717153996278,2.524717153996278,nan,m,map,map
example12_mf6_vs_nwt_different_meshes_demonstrative,nwt_demo_structured,mf6_demo_triangular,depth_map_last,time_index:11,exact_time_key,time_index:11,11,11,,521,-2.5405942407373914,0.0,-2.5405942407373914,2.5405942407373914,nan,m,map,map
example12_mf6_vs_nwt_different_meshes_demonstrative,nwt_demo_structured,mf6_demo_triangular,depth_map_last,time_index:11,exact_time_key,time_index:11,11,11,,524,-4.031163063863403,0.0,-4.031163063863403,4.031163063863403,nan,m,map,map
example12_mf6_vs_nwt_different_meshes_demonstrative,nwt_demo_structured,mf6_demo_triangular,depth_map_last,time_index:11,exact_time_key,time_index:11,11,11,,526,-4.18170341329926,0.0,-4.18170341329926,4.18170341329926,nan,m,map,map
example12_mf6_vs_nwt_different_meshes_demonstrative,nwt_demo_structured,mf6_demo_triangular,depth_map_last,time_index:11,exact_time_key,time_index:11,11,11,,528,-4.197811207878786,0.0,-4.197811207878786,4.197811207878786,nan,m,map,map
example12_mf6_vs_nwt_different_meshes_demonstrative,nwt_demo_structured,mf6_demo_triangular,depth_map_last,time_index:11,exact_time_key,time_index:11,11,11,,531,-5.368476200332594,0.0,-5.368476200332594,5.368476200332594,nan,m,map,map
example12_mf6_vs_nwt_different_meshes_demonstrative,nwt_demo_structured,mf6_demo_triangular,depth_map_last,time_index:11,exact_time_key,time_index:11,11,11,,538,-1.7434025397011084,0.0,-1.7434025397011084,1.7434025397011084,nan,m,map,map
example12_mf6_vs_nwt_different_meshes_demonstrative,nwt_demo_structured,mf6_demo_triangular,depth_map_last,time_index:11,exact_time_key,time_index:11,11,11,,539,-0.92485665396066,0.0,-0.92485665396066,0.92485665396066,nan,m,map,map
example12_mf6_vs_nwt_different_meshes_demonstrative,nwt_demo_structured,mf6_demo_triangular,depth_map_last,time_index:11,exact_time_key,time_index:11,11,11,,540,-0.39971551557258067,0.0,-0.39971551557258067,0.39971551557258067,nan,m,map,map
example12_mf6_vs_nwt_different_meshes_demonstrative,nwt_demo_structured,mf6_demo_triangular,depth_map_last,time_index:11,exact_time_key,time_index:11,11,11,,542,-0.24018476770345387,0.0,-0.24018476770345387,0.24018476770345387,nan,m,map,map
example12_mf6_vs_nwt_different_meshes_demonstrative,nwt_demo_structured,mf6_demo_triangular,depth_map_last,time_index:11,exact_time_key,time_index:11,11,11,,544,-0.34472517297666627,0.0,-0.34472517297666627,0.34472517297666627,nan,m,map,map
example12_mf6_vs_nwt_different_meshes_demonstrative,nwt_demo_structured,mf6_demo_triangular,depth_map_last,time_index:11,exact_time_key,time_index:11,11,11,,547,-1.393697039896523,0.0,-1.393697039896523,1.393697039896523,nan,m,map,map
example12_mf6_vs_nwt_different_meshes_demonstrative,nwt_demo_structured,mf6_demo_triangular,depth_map_last,time_index:11,exact_time_key,time_index:11,11,11,,548,-1.4789856750597608,0.0,-1.4789856750597608,1.4789856750597608,nan,m,map,map
example12_mf6_vs_nwt_different_meshes_demonstrative,nwt_demo_structured,mf6_demo_triangular,depth_map_last,time_index:11,exact_time_key,time_index:11,11,11,,549,-1.6188048926801457,0.0,-1.6188048926801457,1.6188048926801457,nan,m,map,map
example12_mf6_vs_nwt_different_meshes_demonstrative,nwt_demo_structured,mf6_demo_triangular,depth_map_last,time_index:11,exact_time_key,time_index:11,11,11,,551,-1.6779268377501069,0.0,-1.6779268377501069,1.6779268377501069,nan,m,map,map
example12_mf6_vs_nwt_different_meshes_demonstrative,nwt_demo_structured,mf6_demo_triangular,depth_map_last,time_index:11,exact_time_key,time_index:11,11,11,,555,-1.663561154630088,0.0,-1.663561154630088,1.663561154630088,nan,m,map,map
example12_mf6_vs_nwt_different_meshes_demonstrative,nwt_demo_structured,mf6_demo_triangular,depth_map_last,time_index:11,exact_time_key,time_index:11,11,11,,556,-1.6158545888640958,0.0,-1.6158545888640958,1.6158545888640958,nan,m,map,map
example12_mf6_vs_nwt_different_meshes_demonstrative,nwt_demo_structured,mf6_demo_triangular,depth_map_last,time_index:11,exact_time_key,time_index:11,11,11,,559,-0.9024434710547382,0.0,-0.9024434710547382,0.9024434710547382,nan,m,map,map
example12_mf6_vs_nwt_different_meshes_demonstrative,nwt_demo_structured,mf6_demo_triangular,depth_map_last,time_index:11,exact_time_key,time_index:11,11,11,,560,-0.7595277956669975,0.0,-0.7595277956669975,0.7595277956669975,nan,m,map,map
example12_mf6_vs_nwt_different_meshes_demonstrative,nwt_demo_structured,mf6_demo_triangular,depth_map_last,time_index:11,exact_time_key,time_index:11,11,11,,563,-0.547718728067224,0.0,-0.547718728067224,0.547718728067224,nan,m,map,map
example12_mf6_vs_nwt_different_meshes_demonstrative,nwt_demo_structured,mf6_demo_triangular,depth_map_last,time_index:11,exact_time_key,time_index:11,11,11,,565,-0.843483211437615,0.0,-0.843483211437615,0.843483211437615,nan,m,map,map
example12_mf6_vs_nwt_different_meshes_demonstrative,nwt_demo_structured,mf6_demo_triangular,depth_map_last,time_index:11,exact_time_key,time_index:11,11,11,,566,-0.8993255398816871,0.0,-0.8993255398816871,0.8993255398816871,nan,m,map,map
example12_mf6_vs_nwt_different_meshes_demonstrative,nwt_demo_structured,mf6_demo_triangular,depth_map_last,time_index:11,exact_time_key,time_index:11,11,11,,567,-1.1931002412125622,0.0,-1.1931002412125622,1.1931002412125622,nan,m,map,map
example12_mf6_vs_nwt_different_meshes_demonstrative,nwt_demo_structured,mf6_demo_triangular,depth_map_last,time_index:11,exact_time_key,time_index:11,11,11,,568,-1.382385138472415,0.0,-1.382385138472415,1.382385138472415,nan,m,map,map
example12_mf6_vs_nwt_different_meshes_demonstrative,nwt_demo_structured,mf6_demo_triangular,depth_map_last,time_index:11,exact_time_key,time_index:11,11,11,,569,-1.3351777811252532,0.0,-1.3351777811252532,1.3351777811252532,nan,m,map,map
example12_mf6_vs_nwt_different_meshes_demonstrative,nwt_demo_structured,mf6_demo_triangular,depth_map_last,time_index:11,exact_time_key,time_index:11,11,11,,571,-0.9418532206922237,0.0,-0.9418532206922237,0.9418532206922237,nan,m,map,map
example12_mf6_vs_nwt_different_meshes_demonstrative,nwt_demo_structured,mf6_demo_triangular,depth_map_last,time_index:11,exact_time_key,time_index:11,11,11,,572,-0.9565487180946946,0.0,-0.9565487180946946,0.9565487180946946,nan,m,map,map
example12_mf6_vs_nwt_different_meshes_demonstrative,nwt_demo_structured,mf6_demo_triangular,depth_map_last,time_index:11,exact_time_key,time_index:11,11,11,,576,-1.1679322659832252,0.0,-1.1679322659832252,1.1679322659832252,nan,m,map,map
example12_mf6_vs_nwt_different_meshes_demonstrative,nwt_demo_structured,mf6_demo_triangular,depth_map_last,time_index:11,exact_time_key,time_index:11,11,11,,579,-2.1173607229672626,0.0,-2.1173607229672626,2.1173607229672626,nan,m,map,map
example12_mf6_vs_nwt_different_meshes_demonstrative,nwt_demo_structured,mf6_demo_triangular,depth_map_last,time_index:11,exact_time_key,time_index:11,11,11,,580,-2.4806411548391054,0.0,-2.4806411548391054,2.4806411548391054,nan,m,map,map
example12_mf6_vs_nwt_different_meshes_demonstrative,nwt_demo_structured,mf6_demo_triangular,depth_map_last,time_index:11,exact_time_key,time_index:11,11,11,,583,-3.5474971437595997,0.0,-3.5474971437595997,3.5474971437595997,nan,m,map,map
example12_mf6_vs_nwt_different_meshes_demonstrative,nwt_demo_structured,mf6_demo_triangular,depth_map_last,time_index:11,exact_time_key,time_index:11,11,11,,584,-3.851178329148439,0.0,-3.851178329148439,3.851178329148439,nan,m,map,map
example12_mf6_vs_nwt_different_meshes_demonstrative,nwt_demo_structured,mf6_demo_triangular,depth_map_last,time_index:11,exact_time_key,time_index:11,11,11,,586,-3.436561075857284,0.0,-3.436561075857284,3.436561075857284,nan,m,map,map
example12_mf6_vs_nwt_different_meshes_demonstrative,nwt_demo_structured,mf6_demo_triangular,depth_map_last,time_index:11,exact_time_key,time_index:11,11,11,,588,-3.6712158636077135,0.0,-3.6712158636077135,3.6712158636077135,nan,m,map,map
example12_mf6_vs_nwt_different_meshes_demonstrative,nwt_demo_structured,mf6_demo_triangular,depth_map_last,time_index:11,exact_time_key,time_index:11,11,11,,589,-4.230107259556192,0.0,-4.230107259556192,4.230107259556192,nan,m,map,map
example12_mf6_vs_nwt_different_meshes_demonstrative,nwt_demo_structured,mf6_demo_triangular,depth_map_last,time_index:11,exact_time_key,time_index:11,11,11,,591,-5.048403728666045,0.0,-5.048403728666045,5.048403728666045,nan,m,map,map
example12_mf6_vs_nwt_different_meshes_demonstrative,nwt_demo_structured,mf6_demo_triangular,depth_map_last,time_index:11,exact_time_key,time_index:11,11,11,,592,-4.273219077968278,0.0,-4.273219077968278,4.273219077968278,nan,m,map,map
example12_mf6_vs_nwt_different_meshes_demonstrative,nwt_demo_structured,mf6_demo_triangular,depth_map_last,time_index:11,exact_time_key,time_index:11,11,11,,593,-3.4611960553199737,0.0,-3.4611960553199737,3.4611960553199737,nan,m,map,map
example12_mf6_vs_nwt_different_meshes_demonstrative,nwt_demo_structured,mf6_demo_triangular,depth_map_last,time_index:11,exact_time_key,time_index:11,11,11,,595,-4.418353128647411,0.0,-4.418353128647411,4.418353128647411,nan,m,map,map
example12_mf6_vs_nwt_different_meshes_demonstrative,nwt_demo_structured,mf6_demo_triangular,depth_map_last,time_index:11,exact_time_key,time_index:11,11,11,,596,-3.997152893941717,0.0,-3.997152893941717,3.997152893941717,nan,m,map,map
example12_mf6_vs_nwt_different_meshes_demonstrative,nwt_demo_structured,mf6_demo_triangular,depth_map_last,time_index:11,exact_time_key,time_index:11,11,11,,598,-1.675668634371533,0.0,-1.675668634371533,1.675668634371533,nan,m,map,map
example12_mf6_vs_nwt_different_meshes_demonstrative,nwt_demo_structured,mf6_demo_triangular,depth_map_last,time_index:11,exact_time_key,time_index:11,11,11,,601,-0.2576458377874076,0.0,-0.2576458377874076,0.2576458377874076,nan,m,map,map
example12_mf6_vs_nwt_different_meshes_demonstrative,nwt_demo_structured,mf6_demo_triangular,depth_map_last,time_index:11,exact_time_key,time_index:11,11,11,,602,-0.21915831606528968,0.0,-0.21915831606528968,0.21915831606528968,nan,m,map,map
example12_mf6_vs_nwt_different_meshes_demonstrative,nwt_demo_structured,mf6_demo_triangular,depth_map_last,time_index:11,exact_time_key,time_index:11,11,11,,603,-0.5007068682302531,0.0,-0.5007068682302531,0.5007068682302531,nan,m,map,map
example12_mf6_vs_nwt_different_meshes_demonstrative,nwt_demo_structured,mf6_demo_triangular,depth_map_last,time_index:11,exact_time_key,time_index:11,11,11,,604,-0.7521216461185816,0.0,-0.7521216461185816,0.7521216461185816,nan,m,map,map
example12_mf6_vs_nwt_different_meshes_demonstrative,nwt_demo_structured,mf6_demo_triangular,depth_map_last,time_index:11,exact_time_key,time_index:11,11,11,,606,-1.0170818899751737,0.0,-1.0170818899751737,1.0170818899751737,nan,m,map,map
example12_mf6_vs_nwt_different_meshes_demonstrative,nwt_demo_structured,mf6_demo_triangular,depth_map_last,time_index:11,exact_time_key,time_index:11,11,11,,607,-1.3735111944366736,0.0,-1.3735111944366736,1.3735111944366736,nan,m,map,map
example12_mf6_vs_nwt_different_meshes_demonstrative,nwt_demo_structured,mf6_demo_triangular,depth_map_last,time_index:11,exact_time_key,time_index:11,11,11,,608,-1.548674931709371,0.0,-1.548674931709371,1.548674931709371,nan,m,map,map
example12_mf6_vs_nwt_different_meshes_demonstrative,nwt_demo_structured,mf6_demo_triangular,depth_map_last,time_index:11,exact_time_key,time_index:11,11,11,,610,-1.7566445574440763,0.0,-1.7566445574440763,1.7566445574440763,nan,m,map,map
example12_mf6_vs_nwt_different_meshes_demonstrative,nwt_demo_structured,mf6_demo_triangular,depth_map_last,time_index:11,exact_time_key,time_index:11,11,11,,611,-1.6804295246108722,0.0,-1.6804295246108722,1.6804295246108722,nan,m,map,map
example12_mf6_vs_nwt_different_meshes_demonstrative,nwt_demo_structured,mf6_demo_triangular,depth_map_last,time_index:11,exact_time_key,time_index:11,11,11,,613,-1.3719192559062492,0.0,-1.3719192559062492,1.3719192559062492,nan,m,map,map
example12_mf6_vs_nwt_different_meshes_demonstrative,nwt_demo_structured,mf6_demo_triangular,depth_map_last,time_index:11,exact_time_key,time_index:11,11,11,,614,-1.297376820470646,0.0,-1.297376820470646,1.297376820470646,nan,m,map,map
example12_mf6_vs_nwt_different_meshes_demonstrative,nwt_demo_structured,mf6_demo_triangular,depth_map_last,time_index:11,exact_time_key,time_index:11,11,11,,616,-1.2518937790764824,0.0,-1.2518937790764824,1.2518937790764824,nan,m,map,map
example12_mf6_vs_nwt_different_meshes_demonstrative,nwt_demo_structured,mf6_demo_triangular,depth_map_last,time_index:11,exact_time_key,time_index:11,11,11,,617,-1.201889138169264,0.0,-1.201889138169264,1.201889138169264,nan,m,map,map
example12_mf6_vs_nwt_different_meshes_demonstrative,nwt_demo_structured,mf6_demo_triangular,depth_map_last,time_index:11,exact_time_key,time_index:11,11,11,,618,-1.0463037220879698,0.0,-1.0463037220879698,1.0463037220879698,nan,m,map,map
example12_mf6_vs_nwt_different_meshes_demonstrative,nwt_demo_structured,mf6_demo_triangular,depth_map_last,time_index:11,exact_time_key,time_index:11,11,11,,621,-0.9379969209247179,0.0,-0.9379969209247179,0.9379969209247179,nan,m,map,map
example12_mf6_vs_nwt_different_meshes_demonstrative,nwt_demo_structured,mf6_demo_triangular,depth_map_last,time_index:11,exact_time_key,time_index:11,11,11,,623,-0.7141467833202171,0.0,-0.7141467833202171,0.7141467833202171,nan,m,map,map
example12_mf6_vs_nwt_different_meshes_demonstrative,nwt_demo_structured,mf6_demo_triangular,depth_map_last,time_index:11,exact_time_key,time_index:11,11,11,,624,-0.5169098429923338,0.0,-0.5169098429923338,0.5169098429923338,nan,m,map,map
example12_mf6_vs_nwt_different_meshes_demonstrative,nwt_demo_structured,mf6_demo_triangular,depth_map_last,time_index:11,exact_time_key,time_index:11,11,11,,625,-0.6275047490381951,0.0,-0.6275047490381951,0.6275047490381951,nan,m,map,map
example12_mf6_vs_nwt_different_meshes_demonstrative,nwt_demo_structured,mf6_demo_triangular,depth_map_last,time_index:11,exact_time_key,time_index:11,11,11,,626,-0.7317586139154741,0.0,-0.7317586139154741,0.7317586139154741,nan,m,map,map
example12_mf6_vs_nwt_different_meshes_demonstrative,nwt_demo_structured,mf6_demo_triangular,depth_map_last,time_index:11,exact_time_key,time_index:11,11,11,,628,-1.3729190867045418,0.0,-1.3729190867045418,1.3729190867045418,nan,m,map,map
example12_mf6_vs_nwt_different_meshes_demonstrative,nwt_demo_structured,mf6_demo_triangular,depth_map_last,time_index:11,exact_time_key,time_index:11,11,11,,630,-1.1066391367412507,0.0,-1.1066391367412507,1.1066391367412507,nan,m,map,map
example12_mf6_vs_nwt_different_meshes_demonstrative,nwt_demo_structured,mf6_demo_triangular,depth_map_last,time_index:11,exact_time_key,time_index:11,11,11,,632,-1.0469127270162346,0.0,-1.0469127270162346,1.0469127270162346,nan,m,map,map
example12_mf6_vs_nwt_different_meshes_demonstrative,nwt_demo_structured,mf6_demo_triangular,depth_map_last,time_index:11,exact_time_key,time_index:11,11,11,,633,-0.9986032316521971,0.0,-0.9986032316521971,0.9986032316521971,nan,m,map,map
example12_mf6_vs_nwt_different_meshes_demonstrative,nwt_demo_structured,mf6_demo_triangular,depth_map_last,time_index:11,exact_time_key,time_index:11,11,11,,635,-1.0283078323373331,0.0,-1.0283078323373331,1.0283078323373331,nan,m,map,map
example12_mf6_vs_nwt_different_meshes_demonstrative,nwt_demo_structured,mf6_demo_triangular,depth_map_last,time_index:11,exact_time_key,time_index:11,11,11,,636,-1.132223149203213,0.0,-1.132223149203213,1.132223149203213,nan,m,map,map
example12_mf6_vs_nwt_different_meshes_demonstrative,nwt_demo_structured,mf6_demo_triangular,depth_map_last,time_index:11,exact_time_key,time_index:11,11,11,,637,-1.2655172541982012,0.0,-1.2655172541982012,1.2655172541982012,nan,m,map,map
example12_mf6_vs_nwt_different_meshes_demonstrative,nwt_demo_structured,mf6_demo_triangular,depth_map_last,time_index:11,exact_time_key,time_index:11,11,11,,638,-1.6500386006307082,0.0,-1.6500386006307082,1.6500386006307082,nan,m,map,map
example12_mf6_vs_nwt_different_meshes_demonstrative,nwt_demo_structured,mf6_demo_triangular,depth_map_last,time_index:11,exact_time_key,time_index:11,11,11,,639,-2.135720858639644,0.0,-2.135720858639644,2.135720858639644,nan,m,map,map
example12_mf6_vs_nwt_different_meshes_demonstrative,nwt_demo_structured,mf6_demo_triangular,depth_map_last,time_index:11,exact_time_key,time_index:11,11,11,,640,-2.351300224411446,0.0,-2.351300224411446,2.351300224411446,nan,m,map,map
example12_mf6_vs_nwt_different_meshes_demonstrative,nwt_demo_structured,mf6_demo_triangular,depth_map_last,time_index:11,exact_time_key,time_index:11,11,11,,641,-2.505368215403905,0.0,-2.505368215403905,2.505368215403905,nan,m,map,map
example12_mf6_vs_nwt_different_meshes_demonstrative,nwt_demo_structured,mf6_demo_triangular,depth_map_last,time_index:11,exact_time_key,time_index:11,11,11,,642,-2.992050198134308,0.0,-2.992050198134308,2.992050198134308,nan,m,map,map
example12_mf6_vs_nwt_different_meshes_demonstrative,nwt_demo_structured,mf6_demo_triangular,depth_map_last,time_index:11,exact_time_key,time_index:11,11,11,,643,-3.2358997912188414,0.0,-3.2358997912188414,3.2358997912188414,nan,m,map,map
example12_mf6_vs_nwt_different_meshes_demonstrative,nwt_demo_structured,mf6_demo_triangular,depth_map_last,time_index:11,exact_time_key,time_index:11,11,11,,644,-3.137560401139382,0.0,-3.137560401139382,3.137560401139382,nan,m,map,map
example12_mf6_vs_nwt_different_meshes_demonstrative,nwt_demo_structured,mf6_demo_triangular,depth_map_last,time_index:11,exact_time_key,time_index:11,11,11,,645,-2.8294058060551635,0.0,-2.8294058060551635,2.8294058060551635,nan,m,map,map
example12_mf6_vs_nwt_different_meshes_demonstrative,nwt_demo_structured,mf6_demo_triangular,depth_map_last,time_index:11,exact_time_key,time_index:11,11,11,,646,-2.767058707636025,0.0,-2.767058707636025,2.767058707636025,nan,m,map,map
example12_mf6_vs_nwt_different_meshes_demonstrative,nwt_demo_structured,mf6_demo_triangular,depth_map_last,time_index:11,exact_time_key,time_index:11,11,11,,647,-3.005361927094853,0.0,-3.005361927094853,3.005361927094853,nan,m,map,map
example12_mf6_vs_nwt_different_meshes_demonstrative,nwt_demo_structured,mf6_demo_triangular,depth_map_last,time_index:11,exact_time_key,time_index:11,11,11,,648,-3.4814952956940033,0.0,-3.4814952956940033,3.4814952956940033,nan,m,map,map
example12_mf6_vs_nwt_different_meshes_demonstrative,nwt_demo_structured,mf6_demo_triangular,depth_map_last,time_index:11,exact_time_key,time_index:11,11,11,,649,-3.910260096180366,0.0,-3.910260096180366,3.910260096180366,nan,m,map,map
example12_mf6_vs_nwt_different_meshes_demonstrative,nwt_demo_structured,mf6_demo_triangular,depth_map_last,time_index:11,exact_time_key,time_index:11,11,11,,650,-4.425220980733727,0.0,-4.425220980733727,4.425220980733727,nan,m,map,map
example12_mf6_vs_nwt_different_meshes_demonstrative,nwt_demo_structured,mf6_demo_triangular,depth_map_last,time_index:11,exact_time_key,time_index:11,11,11,,651,-4.564616378581661,0.0,-4.564616378581661,4.564616378581661,nan,m,map,map
example12_mf6_vs_nwt_different_meshes_demonstrative,nwt_demo_structured,mf6_demo_triangular,depth_map_last,time_index:11,exact_time_key,time_index:11,11,11,,652,-4.088884892526892,0.0,-4.088884892526892,4.088884892526892,nan,m,map,map
example12_mf6_vs_nwt_different_meshes_demonstrative,nwt_demo_structured,mf6_demo_triangular,depth_map_last,time_index:11,exact_time_key,time_index:11,11,11,,653,-3.027377574833082,0.0,-3.027377574833082,3.027377574833082,nan,m,map,map
example12_mf6_vs_nwt_different_meshes_demonstrative,nwt_demo_structured,mf6_demo_triangular,depth_map_last,time_index:11,exact_time_key,time_index:11,11,11,,654,-3.3442411532697776,0.0,-3.3442411532697776,3.3442411532697776,nan,m,map,map
example12_mf6_vs_nwt_different_meshes_demonstrative,nwt_demo_structured,mf6_demo_triangular,depth_map_last,time_index:11,exact_time_key,time_index:11,11,11,,655,-3.8549177460946424,0.0,-3.8549177460946424,3.8549177460946424,nan,m,map,map
example12_mf6_vs_nwt_different_meshes_demonstrative,nwt_demo_structured,mf6_demo_triangular,depth_map_last,time_index:11,exact_time_key,time_index:11,11,11,,656,-3.336215185215906,0.0,-3.336215185215906,3.336215185215906,nan,m,map,map
example12_mf6_vs_nwt_different_meshes_demonstrative,nwt_demo_structured,mf6_demo_triangular,depth_map_last,time_index:11,exact_time_key,time_index:11,11,11,,657,-2.4492054528999887,0.0,-2.4492054528999887,2.4492054528999887,nan,m,map,map
example12_mf6_vs_nwt_different_meshes_demonstrative,nwt_demo_structured,mf6_demo_triangular,depth_map_last,time_index:11,exact_time_key,time_index:11,11,11,,658,-1.5059943529818582,0.0,-1.5059943529818582,1.5059943529818582,nan,m,map,map
example12_mf6_vs_nwt_different_meshes_demonstrative,nwt_demo_structured,mf6_demo_triangular,depth_map_last,time_index:11,exact_time_key,time_index:11,11,11,,659,-0.8335306780343643,0.0,-0.8335306780343643,0.8335306780343643,nan,m,map,map
example12_mf6_vs_nwt_different_meshes_demonstrative,nwt_demo_structured,mf6_demo_triangular,depth_map_last,time_index:11,exact_time_key,time_index:11,11,11,,660,-0.19517756755601567,0.0,-0.19517756755601567,0.19517756755601567,nan,m,map,map
example12_mf6_vs_nwt_different_meshes_demonstrative,nwt_demo_structured,mf6_demo_triangular,depth_map_last,time_index:11,exact_time_key,time_index:11,11,11,,661,-0.45214194695276433,0.0,-0.45214194695276433,0.45214194695276433,nan,m,map,map
example12_mf6_vs_nwt_different_meshes_demonstrative,nwt_demo_structured,mf6_demo_triangular,depth_map_last,time_index:11,exact_time_key,time_index:11,11,11,,662,-0.6018247114850226,0.0,-0.6018247114850226,0.6018247114850226,nan,m,map,map
example12_mf6_vs_nwt_different_meshes_demonstrative,nwt_demo_structured,mf6_demo_triangular,depth_map_last,time_index:11,exact_time_key,time_index:11,11,11,,663,-0.7293478405822498,0.0,-0.7293478405822498,0.7293478405822498,nan,m,map,map
example12_mf6_vs_nwt_different_meshes_demonstrative,nwt_demo_structured,mf6_demo_triangular,depth_map_last,time_index:11,exact_time_key,time_index:11,11,11,,664,-0.824298977665535,0.0,-0.824298977665535,0.824298977665535,nan,m,map,map
example12_mf6_vs_nwt_different_meshes_demonstrative,nwt_demo_structured,mf6_demo_triangular,depth_map_last,time_index:11,exact_time_key,time_index:11,11,11,,665,-1.0397416902490022,0.0,-1.0397416902490022,1.0397416902490022,nan,m,map,map
example12_mf6_vs_nwt_different_meshes_demonstrative,nwt_demo_structured,mf6_demo_triangular,depth_map_last,time_index:11,exact_time_key,time_index:11,11,11,,666,-1.2820081070393314,0.0,-1.2820081070393314,1.2820081070393314,nan,m,map,map
example12_mf6_vs_nwt_different_meshes_demonstrative,nwt_demo_structured,mf6_demo_triangular,depth_map_last,time_index:11,exact_time_key,time_index:11,11,11,,667,-1.4102091422816159,0.0,-1.4102091422816159,1.4102091422816159,nan,m,map,map
example12_mf6_vs_nwt_different_meshes_demonstrative,nwt_demo_structured,mf6_demo_triangular,depth_map_last,time_index:11,exact_time_key,time_index:11,11,11,,668,-1.392777059121272,0.0,-1.392777059121272,1.392777059121272,nan,m,map,map
example12_mf6_vs_nwt_different_meshes_demonstrative,nwt_demo_structured,mf6_demo_triangular,outflow_drain_map_last,time_index:11,exact_time_key,time_index:11,11,11,,0,0.00010651605407474563,0.0006583891299872056,-0.0005518730759124599,0.0005518730759124599,0.8382171739730643,m/day,map,map
example12_mf6_vs_nwt_different_meshes_demonstrative,nwt_demo_structured,mf6_demo_triangular,outflow_drain_map_last,time_index:11,exact_time_key,time_index:11,11,11,,1,9.376213711220771e-05,0.0,9.376213711220771e-05,9.376213711220771e-05,nan,m/day,map,map
example12_mf6_vs_nwt_different_meshes_demonstrative,nwt_demo_structured,mf6_demo_triangular,outflow_drain_map_last,time_index:11,exact_time_key,time_index:11,11,11,,3,5.629105362459086e-05,0.0,5.629105362459086e-05,5.629105362459086e-05,nan,m/day,map,map
example12_mf6_vs_nwt_different_meshes_demonstrative,nwt_demo_structured,mf6_demo_triangular,outflow_drain_map_last,time_index:11,exact_time_key,time_index:11,11,11,,5,3.6258592444937676e-05,0.0,3.6258592444937676e-05,3.6258592444937676e-05,nan,m/day,map,map
example12_mf6_vs_nwt_different_meshes_demonstrative,nwt_demo_structured,mf6_demo_triangular,outflow_drain_map_last,time_index:11,exact_time_key,time_index:11,11,11,,6,3.724556154338643e-05,0.000752426455064824,-0.0007151808935214376,0.0007151808935214376,0.9504993992533428,m/day,map,map
example12_mf6_vs_nwt_different_meshes_demonstrative,nwt_demo_structured,mf6_demo_triangular,outflow_drain_map_last,time_index:11,exact_time_key,time_index:11,11,11,,8,3.182310683769174e-05,0.0006251281376239365,-0.0005933050307862448,0.0005933050307862448,0.9490934659274035,m/day,map,map
example12_mf6_vs_nwt_different_meshes_demonstrative,nwt_demo_structured,mf6_demo_triangular,outflow_drain_map_last,time_index:11,exact_time_key,time_index:11,11,11,,9,3.641094735939987e-05,0.0,3.641094735939987e-05,3.641094735939987e-05,nan,m/day,map,map
example12_mf6_vs_nwt_different_meshes_demonstrative,nwt_demo_structured,mf6_demo_triangular,outflow_drain_map_last,time_index:11,exact_time_key,time_index:11,11,11,,10,4.1411680285818875e-05,0.0,4.1411680285818875e-05,4.1411680285818875e-05,nan,m/day,map,map
example12_mf6_vs_nwt_different_meshes_demonstrative,nwt_demo_structured,mf6_demo_triangular,outflow_drain_map_last,time_index:11,exact_time_key,time_index:11,11,11,,11,4.2979598219972104e-05,0.0007592821972249499,-0.0007163025990049778,0.0007163025990049778,0.9433944344052114,m/day,map,map
example12_mf6_vs_nwt_different_meshes_demonstrative,nwt_demo_structured,mf6_demo_triangular,outflow_drain_map_last,time_index:11,exact_time_key,time_index:11,11,11,,12,4.6419198042713106e-05,0.0,4.6419198042713106e-05,4.6419198042713106e-05,nan,m/day,map,map
example12_mf6_vs_nwt_different_meshes_demonstrative,nwt_demo_structured,mf6_demo_triangular,outflow_drain_map_last,time_index:11,exact_time_key,time_index:11,11,11,,13,5.277412856230512e-05,0.0007314396933220096,-0.0006786655647597045,0.0006786655647597045,0.9278489682141549,m/day,map,map
example12_mf6_vs_nwt_different_meshes_demonstrative,nwt_demo_structured,mf6_demo_triangular,outflow_drain_map_last,time_index:11,exact_time_key,time_index:11,11,11,,15,7.993998588062823e-05,0.0008168975878212223,-0.000736957601940594,0.000736957601940594,0.9021419733973763,m/day,map,map
example12_mf6_vs_nwt_different_meshes_demonstrative,nwt_demo_structured,mf6_demo_triangular,outflow_drain_map_last,time_index:11,exact_time_key,time_index:11,11,11,,16,9.650844731368124e-05,0.0,9.650844731368124e-05,9.650844731368124e-05,nan,m/day,map,map
example12_mf6_vs_nwt_different_meshes_demonstrative,nwt_demo_structured,mf6_demo_triangular,outflow_drain_map_last,time_index:11,exact_time_key,time_index:11,11,11,,17,0.00010237686365144327,0.0005016647239222257,-0.00039928786027078247,0.00039928786027078247,0.7959257273443149,m/day,map,map
example12_mf6_vs_nwt_different_meshes_demonstrative,nwt_demo_structured,mf6_demo_triangular,outflow_drain_map_last,time_index:11,exact_time_key,time_index:11,11,11,,19,7.888944674050435e-05,0.0006856792823054969,-0.0006067898355649926,0.0006067898355649926,0.8849470171021501,m/day,map,map
example12_mf6_vs_nwt_different_meshes_demonstrative,nwt_demo_structured,mf6_demo_triangular,outflow_drain_map_last,time_index:11,exact_time_key,time_index:11,11,11,,20,6.85073682689108e-05,0.0007447629012098654,-0.0006762555329409546,0.0006762555329409546,0.9080145262906882,m/day,map,map
example12_mf6_vs_nwt_different_meshes_demonstrative,nwt_demo_structured,mf6_demo_triangular,outflow_drain_map_last,time_index:11,exact_time_key,time_index:11,11,11,,21,6.384364678524435e-05,0.0,6.384364678524435e-05,6.384364678524435e-05,nan,m/day,map,map
example12_mf6_vs_nwt_different_meshes_demonstrative,nwt_demo_structured,mf6_demo_triangular,outflow_drain_map_last,time_index:11,exact_time_key,time_index:11,11,11,,23,6.0501126426970586e-05,0.0,6.0501126426970586e-05,6.0501126426970586e-05,nan,m/day,map,map
example12_mf6_vs_nwt_different_meshes_demonstrative,nwt_demo_structured,mf6_demo_triangular,outflow_drain_map_last,time_index:11,exact_time_key,time_index:11,11,11,,24,6.062769898562692e-05,0.0005861566907160343,-0.0005255289917304074,0.0005255289917304074,0.8965674196918819,m/day,map,map
example12_mf6_vs_nwt_different_meshes_demonstrative,nwt_demo_structured,mf6_demo_triangular,outflow_drain_map_last,time_index:11,exact_time_key,time_index:11,11,11,,25,5.8686084230430424e-05,0.0,5.8686084230430424e-05,5.8686084230430424e-05,nan,m/day,map,map
example12_mf6_vs_nwt_different_meshes_demonstrative,nwt_demo_structured,mf6_demo_triangular,outflow_drain_map_last,time_index:11,exact_time_key,time_index:11,11,11,,27,4.1355739085702226e-05,0.0,4.1355739085702226e-05,4.1355739085702226e-05,nan,m/day,map,map
example12_mf6_vs_nwt_different_meshes_demonstrative,nwt_demo_structured,mf6_demo_triangular,outflow_drain_map_last,time_index:11,exact_time_key,time_index:11,11,11,,29,3.378286783117801e-05,0.0009174297549701571,-0.0008836468871389791,0.0008836468871389791,0.9631766163587349,m/day,map,map
example12_mf6_vs_nwt_different_meshes_demonstrative,nwt_demo_structured,mf6_demo_triangular,outflow_drain_map_last,time_index:11,exact_time_key,time_index:11,11,11,,30,2.9692067982978188e-05,0.0,2.9692067982978188e-05,2.9692067982978188e-05,nan,m/day,map,map
example12_mf6_vs_nwt_different_meshes_demonstrative,nwt_demo_structured,mf6_demo_triangular,outflow_drain_map_last,time_index:11,exact_time_key,time_index:11,11,11,,31,2.741589014476631e-05,0.0008399240169740434,-0.0008125081268292771,0.0008125081268292771,0.9673590829757002,m/day,map,map
example12_mf6_vs_nwt_different_meshes_demonstrative,nwt_demo_structured,mf6_demo_triangular,outflow_drain_map_last,time_index:11,exact_time_key,time_index:11,11,11,,32,2.9743796403636225e-05,0.0,2.9743796403636225e-05,2.9743796403636225e-05,nan,m/day,map,map
example12_mf6_vs_nwt_different_meshes_demonstrative,nwt_demo_structured,mf6_demo_triangular,outflow_drain_map_last,time_index:11,exact_time_key,time_index:11,11,11,,33,2.8786609618691728e-05,0.0,2.8786609618691728e-05,2.8786609618691728e-05,nan,m/day,map,map
example12_mf6_vs_nwt_different_meshes_demonstrative,nwt_demo_structured,mf6_demo_triangular,outflow_drain_map_last,time_index:11,exact_time_key,time_index:11,11,11,,34,2.379506804572884e-05,0.0006823723898914738,-0.000658577321845745,0.000658577321845745,0.9651289114298525,m/day,map,map
example12_mf6_vs_nwt_different_meshes_demonstrative,nwt_demo_structured,mf6_demo_triangular,outflow_drain_map_last,time_index:11,exact_time_key,time_index:11,11,11,,35,1.975467057491187e-05,0.0007005067981156864,-0.0006807521275407746,0.0006807521275407746,0.9717994591515021,m/day,map,map
example12_mf6_vs_nwt_different_meshes_demonstrative,nwt_demo_structured,mf6_demo_triangular,outflow_drain_map_last,time_index:11,exact_time_key,time_index:11,11,11,,37,1.2226979379192926e-05,0.000666367905967964,-0.0006541409265887711,0.0006541409265887711,0.9816513081292052,m/day,map,map
example12_mf6_vs_nwt_different_meshes_demonstrative,nwt_demo_structured,mf6_demo_triangular,outflow_drain_map_last,time_index:11,exact_time_key,time_index:11,11,11,,38,1.344163956673583e-05,0.00046745068472972724,-0.0004540090451629914,0.0004540090451629914,0.9712447964976079,m/day,map,map
example12_mf6_vs_nwt_different_meshes_demonstrative,nwt_demo_structured,mf6_demo_triangular,outflow_drain_map_last,time_index:11,exact_time_key,time_index:11,11,11,,39,1.6312462321366183e-05,0.0004966074775110737,-0.0004802950151897075,0.0004802950151897075,0.9671522015674795,m/day,map,map
example12_mf6_vs_nwt_different_meshes_demonstrative,nwt_demo_structured,mf6_demo_triangular,outflow_drain_map_last,time_index:11,exact_time_key,time_index:11,11,11,,40,2.0154195226496086e-05,0.000868770190938901,-0.0008486159957124049,0.0008486159957124049,0.976801465523679,m/day,map,map
example12_mf6_vs_nwt_different_meshes_demonstrative,nwt_demo_structured,mf6_demo_triangular,outflow_drain_map_last,time_index:11,exact_time_key,time_index:11,11,11,,41,2.21577374759363e-05,0.0,2.21577374759363e-05,2.21577374759363e-05,nan,m/day,map,map
example12_mf6_vs_nwt_different_meshes_demonstrative,nwt_demo_structured,mf6_demo_triangular,outflow_drain_map_last,time_index:11,exact_time_key,time_index:11,11,11,,45,2.242208574898541e-05,0.0004021919546706781,-0.0003797698689216927,0.0003797698689216927,0.9442502877330179,m/day,map,map
example12_mf6_vs_nwt_different_meshes_demonstrative,nwt_demo_structured,mf6_demo_triangular,outflow_drain_map_last,time_index:11,exact_time_key,time_index:11,11,11,,46,2.538395710871555e-05,0.0006970244252254782,-0.0006716404681167626,0.0006716404681167626,0.9635823994252365,m/day,map,map
example12_mf6_vs_nwt_different_meshes_demonstrative,nwt_demo_structured,mf6_demo_triangular,outflow_drain_map_last,time_index:11,exact_time_key,time_index:11,11,11,,47,3.1901632610242814e-05,0.0,3.1901632610242814e-05,3.1901632610242814e-05,nan,m/day,map,map
example12_mf6_vs_nwt_different_meshes_demonstrative,nwt_demo_structured,mf6_demo_triangular,outflow_drain_map_last,time_index:11,exact_time_key,time_index:11,11,11,,48,3.1038583983900025e-05,0.0,3.1038583983900025e-05,3.1038583983900025e-05,nan,m/day,map,map
example12_mf6_vs_nwt_different_meshes_demonstrative,nwt_demo_structured,mf6_demo_triangular,outflow_drain_map_last,time_index:11,exact_time_key,time_index:11,11,11,,49,4.238665496814065e-05,0.0,4.238665496814065e-05,4.238665496814065e-05,nan,m/day,map,map
example12_mf6_vs_nwt_different_meshes_demonstrative,nwt_demo_structured,mf6_demo_triangular,outflow_drain_map_last,time_index:11,exact_time_key,time_index:11,11,11,,50,5.264814171823673e-05,0.0,5.264814171823673e-05,5.264814171823673e-05,nan,m/day,map,map
example12_mf6_vs_nwt_different_meshes_demonstrative,nwt_demo_structured,mf6_demo_triangular,outflow_drain_map_last,time_index:11,exact_time_key,time_index:11,11,11,,51,5.647731450153515e-05,0.0009987142201064647,-0.0009422369056049295,0.0009422369056049295,0.9434499746128432,m/day,map,map
example12_mf6_vs_nwt_different_meshes_demonstrative,nwt_demo_structured,mf6_demo_triangular,outflow_drain_map_last,time_index:11,exact_time_key,time_index:11,11,11,,52,4.319875006331131e-05,0.0,4.319875006331131e-05,4.319875006331131e-05,nan,m/day,map,map
example12_mf6_vs_nwt_different_meshes_demonstrative,nwt_demo_structured,mf6_demo_triangular,outflow_drain_map_last,time_index:11,exact_time_key,time_index:11,11,11,,53,3.4493710700189695e-05,0.0,3.4493710700189695e-05,3.4493710700189695e-05,nan,m/day,map,map
example12_mf6_vs_nwt_different_meshes_demonstrative,nwt_demo_structured,mf6_demo_triangular,outflow_drain_map_last,time_index:11,exact_time_key,time_index:11,11,11,,54,4.557935244520195e-05,0.0,4.557935244520195e-05,4.557935244520195e-05,nan,m/day,map,map
example12_mf6_vs_nwt_different_meshes_demonstrative,nwt_demo_structured,mf6_demo_triangular,outflow_drain_map_last,time_index:11,exact_time_key,time_index:11,11,11,,55,6.888913048896939e-05,0.00041612605285641603,-0.00034723692236744664,0.00034723692236744664,0.834451291823491,m/day,map,map
example12_mf6_vs_nwt_different_meshes_demonstrative,nwt_demo_structured,mf6_demo_triangular,outflow_drain_map_last,time_index:11,exact_time_key,time_index:11,11,11,,56,0.00010478058538865298,0.0,0.00010478058538865298,0.00010478058538865298,nan,m/day,map,map
example12_mf6_vs_nwt_different_meshes_demonstrative,nwt_demo_structured,mf6_demo_triangular,outflow_drain_map_last,time_index:11,exact_time_key,time_index:11,11,11,,57,0.00014004693366587162,0.0,0.00014004693366587162,0.00014004693366587162,nan,m/day,map,map
example12_mf6_vs_nwt_different_meshes_demonstrative,nwt_demo_structured,mf6_demo_triangular,outflow_drain_map_last,time_index:11,exact_time_key,time_index:11,11,11,,58,0.00013970743748359382,0.0,0.00013970743748359382,0.00013970743748359382,nan,m/day,map,map
example12_mf6_vs_nwt_different_meshes_demonstrative,nwt_demo_structured,mf6_demo_triangular,outflow_drain_map_last,time_index:11,exact_time_key,time_index:11,11,11,,59,0.00011383875244064257,0.0,0.00011383875244064257,0.00011383875244064257,nan,m/day,map,map
example12_mf6_vs_nwt_different_meshes_demonstrative,nwt_demo_structured,mf6_demo_triangular,outflow_drain_map_last,time_index:11,exact_time_key,time_index:11,11,11,,60,9.629679698264226e-05,0.0004588363272133773,-0.000362539530230735,0.000362539530230735,0.790128219429626,m/day,map,map
example12_mf6_vs_nwt_different_meshes_demonstrative,nwt_demo_structured,mf6_demo_triangular,outflow_drain_map_last,time_index:11,exact_time_key,time_index:11,11,11,,61,8.330345735885203e-05,0.0,8.330345735885203e-05,8.330345735885203e-05,nan,m/day,map,map
example12_mf6_vs_nwt_different_meshes_demonstrative,nwt_demo_structured,mf6_demo_triangular,outflow_drain_map_last,time_index:11,exact_time_key,time_index:11,11,11,,63,4.753918619826436e-05,0.0,4.753918619826436e-05,4.753918619826436e-05,nan,m/day,map,map
example12_mf6_vs_nwt_different_meshes_demonstrative,nwt_demo_structured,mf6_demo_triangular,outflow_drain_map_last,time_index:11,exact_time_key,time_index:11,11,11,,64,3.5187786124879494e-05,0.0007025530648378706,-0.0006673652787129911,0.0006673652787129911,0.9499144080554259,m/day,map,map
example12_mf6_vs_nwt_different_meshes_demonstrative,nwt_demo_structured,mf6_demo_triangular,outflow_drain_map_last,time_index:11,exact_time_key,time_index:11,11,11,,65,3.168347757309675e-05,0.0006229554004070089,-0.0005912719228339121,0.0005912719228339121,0.949140054725593,m/day,map,map
example12_mf6_vs_nwt_different_meshes_demonstrative,nwt_demo_structured,mf6_demo_triangular,outflow_drain_map_last,time_index:11,exact_time_key,time_index:11,11,11,,68,3.17674785037525e-05,0.0015826167804030289,-0.0015508493018992764,0.0015508493018992764,0.9799272452452686,m/day,map,map
example12_mf6_vs_nwt_different_meshes_demonstrative,nwt_demo_structured,mf6_demo_triangular,outflow_drain_map_last,time_index:11,exact_time_key,time_index:11,11,11,,70,3.901383752236143e-05,0.0,3.901383752236143e-05,3.901383752236143e-05,nan,m/day,map,map
example12_mf6_vs_nwt_different_meshes_demonstrative,nwt_demo_structured,mf6_demo_triangular,outflow_drain_map_last,time_index:11,exact_time_key,time_index:11,11,11,,71,3.892673703376204e-05,0.0005038560901310498,-0.00046492935309728773,0.00046492935309728773,0.9227423508493517,m/day,map,map
example12_mf6_vs_nwt_different_meshes_demonstrative,nwt_demo_structured,mf6_demo_triangular,outflow_drain_map_last,time_index:11,exact_time_key,time_index:11,11,11,,72,4.197456655674614e-05,0.000428450551605202,-0.00038647598504845584,0.00038647598504845584,0.9020317131125465,m/day,map,map
example12_mf6_vs_nwt_different_meshes_demonstrative,nwt_demo_structured,mf6_demo_triangular,outflow_drain_map_last,time_index:11,exact_time_key,time_index:11,11,11,,73,4.9177509936271235e-05,0.0004556870238428424,-0.00040650951390657115,0.00040650951390657115,0.8920805128011905,m/day,map,map
example12_mf6_vs_nwt_different_meshes_demonstrative,nwt_demo_structured,mf6_demo_triangular,outflow_drain_map_last,time_index:11,exact_time_key,time_index:11,11,11,,74,6.0680406022584066e-05,0.0006957805961182876,-0.0006351001900957035,0.0006351001900957035,0.9127880162782407,m/day,map,map
example12_mf6_vs_nwt_different_meshes_demonstrative,nwt_demo_structured,mf6_demo_triangular,outflow_drain_map_last,time_index:11,exact_time_key,time_index:11,11,11,,75,7.513353193644434e-05,0.0006766510539321824,-0.0006015175219957381,0.0006015175219957381,0.8889626617740041,m/day,map,map
example12_mf6_vs_nwt_different_meshes_demonstrative,nwt_demo_structured,mf6_demo_triangular,outflow_drain_map_last,time_index:11,exact_time_key,time_index:11,11,11,,76,8.32463992992416e-05,0.0,8.32463992992416e-05,8.32463992992416e-05,nan,m/day,map,map
example12_mf6_vs_nwt_different_meshes_demonstrative,nwt_demo_structured,mf6_demo_triangular,outflow_drain_map_last,time_index:11,exact_time_key,time_index:11,11,11,,77,8.35717873997055e-05,0.000453651879178567,-0.0003700800917788615,0.0003700800917788615,0.8157799157560419,m/day,map,map
example12_mf6_vs_nwt_different_meshes_demonstrative,nwt_demo_structured,mf6_demo_triangular,outflow_drain_map_last,time_index:11,exact_time_key,time_index:11,11,11,,78,7.626719161635265e-05,0.0,7.626719161635265e-05,7.626719161635265e-05,nan,m/day,map,map
example12_mf6_vs_nwt_different_meshes_demonstrative,nwt_demo_structured,mf6_demo_triangular,outflow_drain_map_last,time_index:11,exact_time_key,time_index:11,11,11,,79,6.427955668186769e-05,0.0,6.427955668186769e-05,6.427955668186769e-05,nan,m/day,map,map
example12_mf6_vs_nwt_different_meshes_demonstrative,nwt_demo_structured,mf6_demo_triangular,outflow_drain_map_last,time_index:11,exact_time_key,time_index:11,11,11,,80,5.654587221215479e-05,0.0006100684548241316,-0.0005535225826119768,0.0005535225826119768,0.9073122503466342,m/day,map,map
example12_mf6_vs_nwt_different_meshes_demonstrative,nwt_demo_structured,mf6_demo_triangular,outflow_drain_map_last,time_index:11,exact_time_key,time_index:11,11,11,,81,5.387024430092424e-05,0.0005460556195445408,-0.0004921853752436166,0.0004921853752436166,0.9013465984548299,m/day,map,map
example12_mf6_vs_nwt_different_meshes_demonstrative,nwt_demo_structured,mf6_demo_triangular,outflow_drain_map_last,time_index:11,exact_time_key,time_index:11,11,11,,82,5.3016101446701214e-05,0.0005112227885356257,-0.00045820668708892445,0.00045820668708892445,0.8962955043562056,m/day,map,map
example12_mf6_vs_nwt_different_meshes_demonstrative,nwt_demo_structured,mf6_demo_triangular,outflow_drain_map_last,time_index:11,exact_time_key,time_index:11,11,11,,83,5.019627496949397e-05,0.0,5.019627496949397e-05,5.019627496949397e-05,nan,m/day,map,map
example12_mf6_vs_nwt_different_meshes_demonstrative,nwt_demo_structured,mf6_demo_triangular,outflow_drain_map_last,time_index:11,exact_time_key,time_index:11,11,11,,84,4.841589543502778e-05,0.0008932434535111116,-0.0008448275580760839,0.0008448275580760839,0.9457976487320257,m/day,map,map
example12_mf6_vs_nwt_different_meshes_demonstrative,nwt_demo_structured,mf6_demo_triangular,outflow_drain_map_last,time_index:11,exact_time_key,time_index:11,11,11,,85,4.741772136185318e-05,0.0004480101272503643,-0.00040059240588851113,0.00040059240588851113,0.8941592645396731,m/day,map,map
example12_mf6_vs_nwt_different_meshes_demonstrative,nwt_demo_structured,mf6_demo_triangular,outflow_drain_map_last,time_index:11,exact_time_key,time_index:11,11,11,,86,4.22387347498443e-05,0.0,4.22387347498443e-05,4.22387347498443e-05,nan,m/day,map,map
example12_mf6_vs_nwt_different_meshes_demonstrative,nwt_demo_structured,mf6_demo_triangular,outflow_drain_map_last,time_index:11,exact_time_key,time_index:11,11,11,,87,3.690682569867931e-05,0.0008226733178563856,-0.0007857664921577063,0.0007857664921577063,0.9551379327643125,m/day,map,map
example12_mf6_vs_nwt_different_meshes_demonstrative,nwt_demo_structured,mf6_demo_triangular,outflow_drain_map_last,time_index:11,exact_time_key,time_index:11,11,11,,89,3.062888208660297e-05,0.0005377972987666594,-0.0005071684166800565,0.0005071684166800565,0.9430475345323512,m/day,map,map
example12_mf6_vs_nwt_different_meshes_demonstrative,nwt_demo_structured,mf6_demo_triangular,outflow_drain_map_last,time_index:11,exact_time_key,time_index:11,11,11,,92,2.918775862781331e-05,0.0,2.918775862781331e-05,2.918775862781331e-05,nan,m/day,map,map
example12_mf6_vs_nwt_different_meshes_demonstrative,nwt_demo_structured,mf6_demo_triangular,outflow_drain_map_last,time_index:11,exact_time_key,time_index:11,11,11,,93,2.7550882805371657e-05,0.0,2.7550882805371657e-05,2.7550882805371657e-05,nan,m/day,map,map
example12_mf6_vs_nwt_different_meshes_demonstrative,nwt_demo_structured,mf6_demo_triangular,outflow_drain_map_last,time_index:11,exact_time_key,time_index:11,11,11,,94,2.420508644718211e-05,0.0007233965566225643,-0.0006991914701753822,0.0006991914701753822,0.9665396714629217,m/day,map,map
example12_mf6_vs_nwt_different_meshes_demonstrative,nwt_demo_structured,mf6_demo_triangular,outflow_drain_map_last,time_index:11,exact_time_key,time_index:11,11,11,,95,2.1015832317061722e-05,0.0,2.1015832317061722e-05,2.1015832317061722e-05,nan,m/day,map,map
example12_mf6_vs_nwt_different_meshes_demonstrative,nwt_demo_structured,mf6_demo_triangular,outflow_drain_map_last,time_index:11,exact_time_key,time_index:11,11,11,,97,1.501813494542148e-05,0.0005059480421229817,-0.0004909299071775603,0.0004909299071775603,0.9703168434402776,m/day,map,map
example12_mf6_vs_nwt_different_meshes_demonstrative,nwt_demo_structured,mf6_demo_triangular,outflow_drain_map_last,time_index:11,exact_time_key,time_index:11,11,11,,99,2.108177068294026e-05,0.0,2.108177068294026e-05,2.108177068294026e-05,nan,m/day,map,map
example12_mf6_vs_nwt_different_meshes_demonstrative,nwt_demo_structured,mf6_demo_triangular,outflow_drain_map_last,time_index:11,exact_time_key,time_index:11,11,11,,100,2.5703131541376933e-05,0.0007814436194905332,-0.0007557404879491563,0.0007557404879491563,0.9671081433128417,m/day,map,map
example12_mf6_vs_nwt_different_meshes_demonstrative,nwt_demo_structured,mf6_demo_triangular,outflow_drain_map_last,time_index:11,exact_time_key,time_index:11,11,11,,101,2.8726115488098003e-05,0.0006608901344540945,-0.0006321640189659965,0.0006321640189659965,0.9565342044153432,m/day,map,map
example12_mf6_vs_nwt_different_meshes_demonstrative,nwt_demo_structured,mf6_demo_triangular,outflow_drain_map_last,time_index:11,exact_time_key,time_index:11,11,11,,102,3.161481799907051e-05,0.0007450738973069993,-0.0007134590793079288,0.0007134590793079288,0.9575682115380242,m/day,map,map
example12_mf6_vs_nwt_different_meshes_demonstrative,nwt_demo_structured,mf6_demo_triangular,outflow_drain_map_last,time_index:11,exact_time_key,time_index:11,11,11,,103,3.262377140345052e-05,0.0013432674560845373,-0.0013106436846810868,0.0013106436846810868,0.9757131230599863,m/day,map,map
example12_mf6_vs_nwt_different_meshes_demonstrative,nwt_demo_structured,mf6_demo_triangular,outflow_drain_map_last,time_index:11,exact_time_key,time_index:11,11,11,,104,3.139958789688535e-05,0.0007332131259920214,-0.0007018135380951361,0.0007018135380951361,0.9571753603641473,m/day,map,map
example12_mf6_vs_nwt_different_meshes_demonstrative,nwt_demo_structured,mf6_demo_triangular,outflow_drain_map_last,time_index:11,exact_time_key,time_index:11,11,11,,105,3.4482738556107506e-05,0.00047151265127991834,-0.00043702991272381083,0.00043702991272381083,0.9268678402106405,m/day,map,map
example12_mf6_vs_nwt_different_meshes_demonstrative,nwt_demo_structured,mf6_demo_triangular,outflow_drain_map_last,time_index:11,exact_time_key,time_index:11,11,11,,107,4.7927711420925334e-05,0.0007501873725461283,-0.000702259661125203,0.000702259661125203,0.9361123458286705,m/day,map,map
example12_mf6_vs_nwt_different_meshes_demonstrative,nwt_demo_structured,mf6_demo_triangular,outflow_drain_map_last,time_index:11,exact_time_key,time_index:11,11,11,,108,5.0482402002671733e-05,0.0006446261468142298,-0.000594143744811558,0.000594143744811558,0.9216873186851666,m/day,map,map
example12_mf6_vs_nwt_different_meshes_demonstrative,nwt_demo_structured,mf6_demo_triangular,outflow_drain_map_last,time_index:11,exact_time_key,time_index:11,11,11,,109,5.856867574038915e-05,0.0005751091962972956,-0.0005165405205569064,0.0005165405205569064,0.8981607734366452,m/day,map,map
example12_mf6_vs_nwt_different_meshes_demonstrative,nwt_demo_structured,mf6_demo_triangular,outflow_drain_map_last,time_index:11,exact_time_key,time_index:11,11,11,,110,7.136712520150468e-05,0.0005875756370213553,-0.0005162085118198506,0.0005162085118198506,0.8785396794814505,m/day,map,map
example12_mf6_vs_nwt_different_meshes_demonstrative,nwt_demo_structured,mf6_demo_triangular,outflow_drain_map_last,time_index:11,exact_time_key,time_index:11,11,11,,111,7.821581675671041e-05,0.0,7.821581675671041e-05,7.821581675671041e-05,nan,m/day,map,map
example12_mf6_vs_nwt_different_meshes_demonstrative,nwt_demo_structured,mf6_demo_triangular,outflow_drain_map_last,time_index:11,exact_time_key,time_index:11,11,11,,112,7.816740253474563e-05,0.0012600222433335187,-0.001181854840798773,0.001181854840798773,0.9379634740987225,m/day,map,map
example12_mf6_vs_nwt_different_meshes_demonstrative,nwt_demo_structured,mf6_demo_triangular,outflow_drain_map_last,time_index:11,exact_time_key,time_index:11,11,11,,113,7.135673513403162e-05,0.0006808541377695968,-0.0006094974026355652,0.0006094974026355652,0.8951952684494384,m/day,map,map
example12_mf6_vs_nwt_different_meshes_demonstrative,nwt_demo_structured,mf6_demo_triangular,outflow_drain_map_last,time_index:11,exact_time_key,time_index:11,11,11,,114,8.023977716220543e-05,0.0007424006707678421,-0.0006621608936056367,0.0006621608936056367,0.8919185012599519,m/day,map,map
example12_mf6_vs_nwt_different_meshes_demonstrative,nwt_demo_structured,mf6_demo_triangular,outflow_drain_map_last,time_index:11,exact_time_key,time_index:11,11,11,,115,0.00010750748333521187,0.0,0.00010750748333521187,0.00010750748333521187,nan,m/day,map,map
example12_mf6_vs_nwt_different_meshes_demonstrative,nwt_demo_structured,mf6_demo_triangular,outflow_drain_map_last,time_index:11,exact_time_key,time_index:11,11,11,,116,0.0001492143201176077,0.0,0.0001492143201176077,0.0001492143201176077,nan,m/day,map,map
example12_mf6_vs_nwt_different_meshes_demonstrative,nwt_demo_structured,mf6_demo_triangular,outflow_drain_map_last,time_index:11,exact_time_key,time_index:11,11,11,,117,0.00014507492596749216,0.0,0.00014507492596749216,0.00014507492596749216,nan,m/day,map,map
example12_mf6_vs_nwt_different_meshes_demonstrative,nwt_demo_structured,mf6_demo_triangular,outflow_drain_map_last,time_index:11,exact_time_key,time_index:11,11,11,,118,0.0001129383672378026,0.0,0.0001129383672378026,0.0001129383672378026,nan,m/day,map,map
example12_mf6_vs_nwt_different_meshes_demonstrative,nwt_demo_structured,mf6_demo_triangular,outflow_drain_map_last,time_index:11,exact_time_key,time_index:11,11,11,,119,9.285171836381778e-05,0.0,9.285171836381778e-05,9.285171836381778e-05,nan,m/day,map,map
example12_mf6_vs_nwt_different_meshes_demonstrative,nwt_demo_structured,mf6_demo_triangular,outflow_drain_map_last,time_index:11,exact_time_key,time_index:11,11,11,,120,8.623040048405528e-05,0.0,8.623040048405528e-05,8.623040048405528e-05,nan,m/day,map,map
example12_mf6_vs_nwt_different_meshes_demonstrative,nwt_demo_structured,mf6_demo_triangular,outflow_drain_map_last,time_index:11,exact_time_key,time_index:11,11,11,,121,7.15742280590348e-05,0.0006368945422971064,-0.0005653203142380716,0.0005653203142380716,0.8876199695464717,m/day,map,map
example12_mf6_vs_nwt_different_meshes_demonstrative,nwt_demo_structured,mf6_demo_triangular,outflow_drain_map_last,time_index:11,exact_time_key,time_index:11,11,11,,122,5.4978325351839885e-05,0.0006796692300197558,-0.0006246909046679159,0.0006246909046679159,0.919110174591482,m/day,map,map
example12_mf6_vs_nwt_different_meshes_demonstrative,nwt_demo_structured,mf6_demo_triangular,outflow_drain_map_last,time_index:11,exact_time_key,time_index:11,11,11,,123,4.25498656113632e-05,0.0007917740042317082,-0.000749224138620345,0.000749224138620345,0.9462600876210238,m/day,map,map
example12_mf6_vs_nwt_different_meshes_demonstrative,nwt_demo_structured,mf6_demo_triangular,outflow_drain_map_last,time_index:11,exact_time_key,time_index:11,11,11,,124,3.195423778379336e-05,0.0,3.195423778379336e-05,3.195423778379336e-05,nan,m/day,map,map
example12_mf6_vs_nwt_different_meshes_demonstrative,nwt_demo_structured,mf6_demo_triangular,outflow_drain_map_last,time_index:11,exact_time_key,time_index:11,11,11,,125,2.9890225050621666e-05,0.00040661890068893975,-0.0003767286756383181,0.0003767286756383181,0.926490812404494,m/day,map,map
example12_mf6_vs_nwt_different_meshes_demonstrative,nwt_demo_structured,mf6_demo_triangular,outflow_drain_map_last,time_index:11,exact_time_key,time_index:11,11,11,,126,2.775711072899867e-05,0.0008281931139152124,-0.0008004360031862137,0.0008004360031862137,0.9664847361531669,m/day,map,map
example12_mf6_vs_nwt_different_meshes_demonstrative,nwt_demo_structured,mf6_demo_triangular,outflow_drain_map_last,time_index:11,exact_time_key,time_index:11,11,11,,128,3.221487349946983e-05,0.0008375449242011513,-0.0008053300507016815,0.0008053300507016815,0.9615365426156737,m/day,map,map
example12_mf6_vs_nwt_different_meshes_demonstrative,nwt_demo_structured,mf6_demo_triangular,outflow_drain_map_last,time_index:11,exact_time_key,time_index:11,11,11,,130,3.950043537770398e-05,0.0,3.950043537770398e-05,3.950043537770398e-05,nan,m/day,map,map
example12_mf6_vs_nwt_different_meshes_demonstrative,nwt_demo_structured,mf6_demo_triangular,outflow_drain_map_last,time_index:11,exact_time_key,time_index:11,11,11,,131,3.723387635545805e-05,0.000719136378616841,-0.000681902502261383,0.000681902502261383,0.9482241790812026,m/day,map,map
example12_mf6_vs_nwt_different_meshes_demonstrative,nwt_demo_structured,mf6_demo_triangular,outflow_drain_map_last,time_index:11,exact_time_key,time_index:11,11,11,,132,3.707554787979461e-05,0.0006246841754635169,-0.0005876086275837223,0.0005876086275837223,0.9406491322558563,m/day,map,map
example12_mf6_vs_nwt_different_meshes_demonstrative,nwt_demo_structured,mf6_demo_triangular,outflow_drain_map_last,time_index:11,exact_time_key,time_index:11,11,11,,133,4.60846749774646e-05,0.00046423529356195026,-0.00041815061858448566,0.00041815061858448566,0.9007299194684887,m/day,map,map
example12_mf6_vs_nwt_different_meshes_demonstrative,nwt_demo_structured,mf6_demo_triangular,outflow_drain_map_last,time_index:11,exact_time_key,time_index:11,11,11,,135,6.638631748501211e-05,0.0,6.638631748501211e-05,6.638631748501211e-05,nan,m/day,map,map
example12_mf6_vs_nwt_different_meshes_demonstrative,nwt_demo_structured,mf6_demo_triangular,outflow_drain_map_last,time_index:11,exact_time_key,time_index:11,11,11,,136,6.895809201523662e-05,0.0,6.895809201523662e-05,6.895809201523662e-05,nan,m/day,map,map
example12_mf6_vs_nwt_different_meshes_demonstrative,nwt_demo_structured,mf6_demo_triangular,outflow_drain_map_last,time_index:11,exact_time_key,time_index:11,11,11,,137,6.854574894532561e-05,0.001566313514086052,-0.0014977677651407265,0.0014977677651407265,0.9562375295055012,m/day,map,map
example12_mf6_vs_nwt_different_meshes_demonstrative,nwt_demo_structured,mf6_demo_triangular,outflow_drain_map_last,time_index:11,exact_time_key,time_index:11,11,11,,139,5.3707834013039246e-05,0.0003876919020380787,-0.00033398406802503944,0.00033398406802503944,0.8614677435079258,m/day,map,map
example12_mf6_vs_nwt_different_meshes_demonstrative,nwt_demo_structured,mf6_demo_triangular,outflow_drain_map_last,time_index:11,exact_time_key,time_index:11,11,11,,140,4.761902164318599e-05,0.0,4.761902164318599e-05,4.761902164318599e-05,nan,m/day,map,map
example12_mf6_vs_nwt_different_meshes_demonstrative,nwt_demo_structured,mf6_demo_triangular,outflow_drain_map_last,time_index:11,exact_time_key,time_index:11,11,11,,141,4.6372766519198194e-05,0.0,4.6372766519198194e-05,4.6372766519198194e-05,nan,m/day,map,map
example12_mf6_vs_nwt_different_meshes_demonstrative,nwt_demo_structured,mf6_demo_triangular,outflow_drain_map_last,time_index:11,exact_time_key,time_index:11,11,11,,142,4.527334021986462e-05,0.0007827140542285452,-0.0007374407140086805,0.0007374407140086805,0.9421585188418691,m/day,map,map
example12_mf6_vs_nwt_different_meshes_demonstrative,nwt_demo_structured,mf6_demo_triangular,outflow_drain_map_last,time_index:11,exact_time_key,time_index:11,11,11,,144,4.0496182919014245e-05,0.0,4.0496182919014245e-05,4.0496182919014245e-05,nan,m/day,map,map
example12_mf6_vs_nwt_different_meshes_demonstrative,nwt_demo_structured,mf6_demo_triangular,outflow_drain_map_last,time_index:11,exact_time_key,time_index:11,11,11,,146,3.756102159968577e-05,0.0005918858823884847,-0.0005543248607887989,0.0005543248607887989,0.9365400954519936,m/day,map,map
example12_mf6_vs_nwt_different_meshes_demonstrative,nwt_demo_structured,mf6_demo_triangular,outflow_drain_map_last,time_index:11,exact_time_key,time_index:11,11,11,,147,3.500751336105168e-05,0.0005118814327990562,-0.0004768739194380045,0.0004768739194380045,0.9316101129716221,m/day,map,map
example12_mf6_vs_nwt_different_meshes_demonstrative,nwt_demo_structured,mf6_demo_triangular,outflow_drain_map_last,time_index:11,exact_time_key,time_index:11,11,11,,148,3.267249121563509e-05,0.0,3.267249121563509e-05,3.267249121563509e-05,nan,m/day,map,map
example12_mf6_vs_nwt_different_meshes_demonstrative,nwt_demo_structured,mf6_demo_triangular,outflow_drain_map_last,time_index:11,exact_time_key,time_index:11,11,11,,149,2.9616256142617203e-05,0.0005464269969164362,-0.000516810740773819,0.000516810740773819,0.9458001593813156,m/day,map,map
example12_mf6_vs_nwt_different_meshes_demonstrative,nwt_demo_structured,mf6_demo_triangular,outflow_drain_map_last,time_index:11,exact_time_key,time_index:11,11,11,,150,2.9092718250467442e-05,0.0004929197634998416,-0.0004638270452493741,0.0004638270452493741,0.9409787953238017,m/day,map,map
example12_mf6_vs_nwt_different_meshes_demonstrative,nwt_demo_structured,mf6_demo_triangular,outflow_drain_map_last,time_index:11,exact_time_key,time_index:11,11,11,,151,3.071878381888382e-05,0.0,3.071878381888382e-05,3.071878381888382e-05,nan,m/day,map,map
example12_mf6_vs_nwt_different_meshes_demonstrative,nwt_demo_structured,mf6_demo_triangular,outflow_drain_map_last,time_index:11,exact_time_key,time_index:11,11,11,,153,2.5292089048889466e-05,0.0,2.5292089048889466e-05,2.5292089048889466e-05,nan,m/day,map,map
example12_mf6_vs_nwt_different_meshes_demonstrative,nwt_demo_structured,mf6_demo_triangular,outflow_drain_map_last,time_index:11,exact_time_key,time_index:11,11,11,,154,2.4919674615375698e-05,0.0007510119361572257,-0.00072609226154185,0.00072609226154185,0.9668185372087632,m/day,map,map
example12_mf6_vs_nwt_different_meshes_demonstrative,nwt_demo_structured,mf6_demo_triangular,outflow_drain_map_last,time_index:11,exact_time_key,time_index:11,11,11,,155,2.3600401618750766e-05,0.0,2.3600401618750766e-05,2.3600401618750766e-05,nan,m/day,map,map
example12_mf6_vs_nwt_different_meshes_demonstrative,nwt_demo_structured,mf6_demo_triangular,outflow_drain_map_last,time_index:11,exact_time_key,time_index:11,11,11,,156,1.991937642742414e-05,0.0007868756101425162,-0.000766956233715092,0.000766956233715092,0.9746854824693112,m/day,map,map
example12_mf6_vs_nwt_different_meshes_demonstrative,nwt_demo_structured,mf6_demo_triangular,outflow_drain_map_last,time_index:11,exact_time_key,time_index:11,11,11,,157,2.292997669428587e-05,0.0,2.292997669428587e-05,2.292997669428587e-05,nan,m/day,map,map
example12_mf6_vs_nwt_different_meshes_demonstrative,nwt_demo_structured,mf6_demo_triangular,outflow_drain_map_last,time_index:11,exact_time_key,time_index:11,11,11,,158,2.944029438367579e-05,0.0007843840073243685,-0.0007549437129406927,0.0007549437129406927,0.9624669879691959,m/day,map,map
example12_mf6_vs_nwt_different_meshes_demonstrative,nwt_demo_structured,mf6_demo_triangular,outflow_drain_map_last,time_index:11,exact_time_key,time_index:11,11,11,,159,3.41320046572946e-05,0.0008494202172577769,-0.0008152882126004823,0.0008152882126004823,0.959817291884711,m/day,map,map
example12_mf6_vs_nwt_different_meshes_demonstrative,nwt_demo_structured,mf6_demo_triangular,outflow_drain_map_last,time_index:11,exact_time_key,time_index:11,11,11,,160,3.7305147998267785e-05,0.00048438704926876677,-0.000447081901270499,0.000447081901270499,0.9229848360839047,m/day,map,map
example12_mf6_vs_nwt_different_meshes_demonstrative,nwt_demo_structured,mf6_demo_triangular,outflow_drain_map_last,time_index:11,exact_time_key,time_index:11,11,11,,161,3.86509855161421e-05,0.00042493506564020506,-0.00038628408012406296,0.00038628408012406296,0.909042607585442,m/day,map,map
example12_mf6_vs_nwt_different_meshes_demonstrative,nwt_demo_structured,mf6_demo_triangular,outflow_drain_map_last,time_index:11,exact_time_key,time_index:11,11,11,,162,4.124988117837347e-05,0.000709407252379635,-0.0006681573712012615,0.0006681573712012615,0.9418530314709852,m/day,map,map
example12_mf6_vs_nwt_different_meshes_demonstrative,nwt_demo_structured,mf6_demo_triangular,outflow_drain_map_last,time_index:11,exact_time_key,time_index:11,11,11,,164,4.54387154604774e-05,0.000659839711490817,-0.0006144009960303396,0.0006144009960303396,0.9311367371966521,m/day,map,map
example12_mf6_vs_nwt_different_meshes_demonstrative,nwt_demo_structured,mf6_demo_triangular,outflow_drain_map_last,time_index:11,exact_time_key,time_index:11,11,11,,165,4.93768384330906e-05,0.0006487048219528976,-0.000599327983519807,0.000599327983519807,0.9238839657697567,m/day,map,map
example12_mf6_vs_nwt_different_meshes_demonstrative,nwt_demo_structured,mf6_demo_triangular,outflow_drain_map_last,time_index:11,exact_time_key,time_index:11,11,11,,166,5.425612471299246e-05,0.0,5.425612471299246e-05,5.425612471299246e-05,nan,m/day,map,map
example12_mf6_vs_nwt_different_meshes_demonstrative,nwt_demo_structured,mf6_demo_triangular,outflow_drain_map_last,time_index:11,exact_time_key,time_index:11,11,11,,167,5.947419413132593e-05,0.0,5.947419413132593e-05,5.947419413132593e-05,nan,m/day,map,map
example12_mf6_vs_nwt_different_meshes_demonstrative,nwt_demo_structured,mf6_demo_triangular,outflow_drain_map_last,time_index:11,exact_time_key,time_index:11,11,11,,168,6.872198719065636e-05,0.0,6.872198719065636e-05,6.872198719065636e-05,nan,m/day,map,map
example12_mf6_vs_nwt_different_meshes_demonstrative,nwt_demo_structured,mf6_demo_triangular,outflow_drain_map_last,time_index:11,exact_time_key,time_index:11,11,11,,169,7.874471339164302e-05,0.0006500286944049393,-0.0005712839810132963,0.0005712839810132963,0.8788596348600751,m/day,map,map
example12_mf6_vs_nwt_different_meshes_demonstrative,nwt_demo_structured,mf6_demo_triangular,outflow_drain_map_last,time_index:11,exact_time_key,time_index:11,11,11,,170,8.62303568283096e-05,0.0,8.62303568283096e-05,8.62303568283096e-05,nan,m/day,map,map
example12_mf6_vs_nwt_different_meshes_demonstrative,nwt_demo_structured,mf6_demo_triangular,outflow_drain_map_last,time_index:11,exact_time_key,time_index:11,11,11,,171,9.82750061666593e-05,0.0004830816770282709,-0.0003848066708616116,0.0003848066708616116,0.7965664796661124,m/day,map,map
example12_mf6_vs_nwt_different_meshes_demonstrative,nwt_demo_structured,mf6_demo_triangular,outflow_drain_map_last,time_index:11,exact_time_key,time_index:11,11,11,,172,0.00010223610297543928,0.0,0.00010223610297543928,0.00010223610297543928,nan,m/day,map,map
example12_mf6_vs_nwt_different_meshes_demonstrative,nwt_demo_structured,mf6_demo_triangular,outflow_drain_map_last,time_index:11,exact_time_key,time_index:11,11,11,,173,0.00010738472337834537,0.0,0.00010738472337834537,0.00010738472337834537,nan,m/day,map,map
example12_mf6_vs_nwt_different_meshes_demonstrative,nwt_demo_structured,mf6_demo_triangular,outflow_drain_map_last,time_index:11,exact_time_key,time_index:11,11,11,,174,0.00012043880997225642,0.0008523779436735721,-0.0007319391337013157,0.0007319391337013157,0.8587025733523909,m/day,map,map
example12_mf6_vs_nwt_different_meshes_demonstrative,nwt_demo_structured,mf6_demo_triangular,outflow_drain_map_last,time_index:11,exact_time_key,time_index:11,11,11,,179,7.470231503248215e-05,0.0,7.470231503248215e-05,7.470231503248215e-05,nan,m/day,map,map
example12_mf6_vs_nwt_different_meshes_demonstrative,nwt_demo_structured,mf6_demo_triangular,outflow_drain_map_last,time_index:11,exact_time_key,time_index:11,11,11,,180,7.5334137363825e-05,0.0006793365202306762,-0.0006040023828668513,0.0006040023828668513,0.8891063042831195,m/day,map,map
example12_mf6_vs_nwt_different_meshes_demonstrative,nwt_demo_structured,mf6_demo_triangular,outflow_drain_map_last,time_index:11,exact_time_key,time_index:11,11,11,,181,5.7874000049196184e-05,0.0,5.7874000049196184e-05,5.7874000049196184e-05,nan,m/day,map,map
example12_mf6_vs_nwt_different_meshes_demonstrative,nwt_demo_structured,mf6_demo_triangular,outflow_drain_map_last,time_index:11,exact_time_key,time_index:11,11,11,,182,4.258967601344921e-05,0.0004260572449938521,-0.0003834675689804029,0.0003834675689804029,0.9000376674405249,m/day,map,map
example12_mf6_vs_nwt_different_meshes_demonstrative,nwt_demo_structured,mf6_demo_triangular,outflow_drain_map_last,time_index:11,exact_time_key,time_index:11,11,11,,183,3.356717570568435e-05,0.0010849209371036942,-0.0010513537613980098,0.0010513537613980098,0.9690602563212621,m/day,map,map
example12_mf6_vs_nwt_different_meshes_demonstrative,nwt_demo_structured,mf6_demo_triangular,outflow_drain_map_last,time_index:11,exact_time_key,time_index:11,11,11,,184,2.892141492338851e-05,0.000508697241778914,-0.00047977582685552545,0.00047977582685552545,0.9431461141360815,m/day,map,map
example12_mf6_vs_nwt_different_meshes_demonstrative,nwt_demo_structured,mf6_demo_triangular,outflow_drain_map_last,time_index:11,exact_time_key,time_index:11,11,11,,185,2.743329605436884e-05,0.0,2.743329605436884e-05,2.743329605436884e-05,nan,m/day,map,map
example12_mf6_vs_nwt_different_meshes_demonstrative,nwt_demo_structured,mf6_demo_triangular,outflow_drain_map_last,time_index:11,exact_time_key,time_index:11,11,11,,186,2.150006366719026e-05,0.0,2.150006366719026e-05,2.150006366719026e-05,nan,m/day,map,map
example12_mf6_vs_nwt_different_meshes_demonstrative,nwt_demo_structured,mf6_demo_triangular,outflow_drain_map_last,time_index:11,exact_time_key,time_index:11,11,11,,187,2.6656638510758057e-05,0.000662832089083814,-0.000636175450573056,0.000636175450573056,0.9597837235858577,m/day,map,map
example12_mf6_vs_nwt_different_meshes_demonstrative,nwt_demo_structured,mf6_demo_triangular,outflow_drain_map_last,time_index:11,exact_time_key,time_index:11,11,11,,188,3.2173938961932436e-05,0.000659331907032015,-0.0006271579680700826,0.0006271579680700826,0.951202211482888,m/day,map,map
example12_mf6_vs_nwt_different_meshes_demonstrative,nwt_demo_structured,mf6_demo_triangular,outflow_drain_map_last,time_index:11,exact_time_key,time_index:11,11,11,,189,3.810949419857934e-05,0.0,3.810949419857934e-05,3.810949419857934e-05,nan,m/day,map,map
example12_mf6_vs_nwt_different_meshes_demonstrative,nwt_demo_structured,mf6_demo_triangular,outflow_drain_map_last,time_index:11,exact_time_key,time_index:11,11,11,,190,4.1593862988520414e-05,0.0006563557525763046,-0.0006147618895877842,0.0006147618895877842,0.9366290874647512,m/day,map,map
example12_mf6_vs_nwt_different_meshes_demonstrative,nwt_demo_structured,mf6_demo_triangular,outflow_drain_map_last,time_index:11,exact_time_key,time_index:11,11,11,,191,3.8101657992228866e-05,0.0008638476614065598,-0.0008257460034143309,0.0008257460034143309,0.9558930819698118,m/day,map,map
example12_mf6_vs_nwt_different_meshes_demonstrative,nwt_demo_structured,mf6_demo_triangular,outflow_drain_map_last,time_index:11,exact_time_key,time_index:11,11,11,,193,4.205558798275888e-05,0.000410317520052239,-0.0003682619320694801,0.0003682619320694801,0.8975047714818402,m/day,map,map
example12_mf6_vs_nwt_different_meshes_demonstrative,nwt_demo_structured,mf6_demo_triangular,outflow_drain_map_last,time_index:11,exact_time_key,time_index:11,11,11,,194,4.8895708459895104e-05,0.00040827903468453487,-0.00035938332622463976,0.00035938332622463976,0.8802394825448842,m/day,map,map
example12_mf6_vs_nwt_different_meshes_demonstrative,nwt_demo_structured,mf6_demo_triangular,outflow_drain_map_last,time_index:11,exact_time_key,time_index:11,11,11,,195,5.210382005316205e-05,0.0007356517587393408,-0.0006835479386861788,0.0006835479386861788,0.9291732542820934,m/day,map,map
example12_mf6_vs_nwt_different_meshes_demonstrative,nwt_demo_structured,mf6_demo_triangular,outflow_drain_map_last,time_index:11,exact_time_key,time_index:11,11,11,,197,4.977613934897818e-05,0.0010730478972490105,-0.0010232717579000323,0.0010232717579000323,0.9536123788354741,m/day,map,map
example12_mf6_vs_nwt_different_meshes_demonstrative,nwt_demo_structured,mf6_demo_triangular,outflow_drain_map_last,time_index:11,exact_time_key,time_index:11,11,11,,198,5.077596506453119e-05,0.00039882917534256063,-0.00034805321027802944,0.00034805321027802944,0.8726874356147117,m/day,map,map
example12_mf6_vs_nwt_different_meshes_demonstrative,nwt_demo_structured,mf6_demo_triangular,outflow_drain_map_last,time_index:11,exact_time_key,time_index:11,11,11,,199,4.622444248525426e-05,0.000523676713127886,-0.00047745227064263174,0.00047745227064263174,0.9117309566637807,m/day,map,map
example12_mf6_vs_nwt_different_meshes_demonstrative,nwt_demo_structured,mf6_demo_triangular,outflow_drain_map_last,time_index:11,exact_time_key,time_index:11,11,11,,200,4.236773747834377e-05,0.0004495451673013455,-0.00040717742982300173,0.00040717742982300173,0.9057542143480697,m/day,map,map
example12_mf6_vs_nwt_different_meshes_demonstrative,nwt_demo_structured,mf6_demo_triangular,outflow_drain_map_last,time_index:11,exact_time_key,time_index:11,11,11,,201,3.93575792259071e-05,0.00044068966643680567,-0.00040133208721089856,0.00040133208721089856,0.9106909414415532,m/day,map,map
example12_mf6_vs_nwt_different_meshes_demonstrative,nwt_demo_structured,mf6_demo_triangular,outflow_drain_map_last,time_index:11,exact_time_key,time_index:11,11,11,,203,3.743056004168466e-05,0.0006304082560460961,-0.0005929776960044114,0.0005929776960044114,0.9406248892163181,m/day,map,map
example12_mf6_vs_nwt_different_meshes_demonstrative,nwt_demo_structured,mf6_demo_triangular,outflow_drain_map_last,time_index:11,exact_time_key,time_index:11,11,11,,205,3.4170989238191396e-05,0.0,3.4170989238191396e-05,3.4170989238191396e-05,nan,m/day,map,map
example12_mf6_vs_nwt_different_meshes_demonstrative,nwt_demo_structured,mf6_demo_triangular,outflow_drain_map_last,time_index:11,exact_time_key,time_index:11,11,11,,206,3.484773696982302e-05,0.0,3.484773696982302e-05,3.484773696982302e-05,nan,m/day,map,map
example12_mf6_vs_nwt_different_meshes_demonstrative,nwt_demo_structured,mf6_demo_triangular,outflow_drain_map_last,time_index:11,exact_time_key,time_index:11,11,11,,207,3.3813870686572045e-05,0.0005870663776996032,-0.0005532525070130311,0.0005532525070130311,0.9424019634388356,m/day,map,map
example12_mf6_vs_nwt_different_meshes_demonstrative,nwt_demo_structured,mf6_demo_triangular,outflow_drain_map_last,time_index:11,exact_time_key,time_index:11,11,11,,208,3.185410605510697e-05,0.0005614069153699239,-0.000529552809314817,0.000529552809314817,0.9432602178864905,m/day,map,map
example12_mf6_vs_nwt_different_meshes_demonstrative,nwt_demo_structured,mf6_demo_triangular,outflow_drain_map_last,time_index:11,exact_time_key,time_index:11,11,11,,210,3.036454290850088e-05,0.0,3.036454290850088e-05,3.036454290850088e-05,nan,m/day,map,map
example12_mf6_vs_nwt_different_meshes_demonstrative,nwt_demo_structured,mf6_demo_triangular,outflow_drain_map_last,time_index:11,exact_time_key,time_index:11,11,11,,212,2.9587023163912818e-05,0.001138539870935918,-0.0011089528477720052,0.0011089528477720052,0.9740131866092742,m/day,map,map
example12_mf6_vs_nwt_different_meshes_demonstrative,nwt_demo_structured,mf6_demo_triangular,outflow_drain_map_last,time_index:11,exact_time_key,time_index:11,11,11,,214,2.5874034690787084e-05,0.0006309234953108156,-0.0006050494606200285,0.0006050494606200285,0.9589902184922744,m/day,map,map
example12_mf6_vs_nwt_different_meshes_demonstrative,nwt_demo_structured,mf6_demo_triangular,outflow_drain_map_last,time_index:11,exact_time_key,time_index:11,11,11,,215,2.1122339603607543e-05,0.0006372892654465355,-0.000616166925842928,0.000616166925842928,0.9668559620429076,m/day,map,map
example12_mf6_vs_nwt_different_meshes_demonstrative,nwt_demo_structured,mf6_demo_triangular,outflow_drain_map_last,time_index:11,exact_time_key,time_index:11,11,11,,216,2.2152764358907007e-05,0.0,2.2152764358907007e-05,2.2152764358907007e-05,nan,m/day,map,map
example12_mf6_vs_nwt_different_meshes_demonstrative,nwt_demo_structured,mf6_demo_triangular,outflow_drain_map_last,time_index:11,exact_time_key,time_index:11,11,11,,218,4.5506429160013795e-05,0.0,4.5506429160013795e-05,4.5506429160013795e-05,nan,m/day,map,map
example12_mf6_vs_nwt_different_meshes_demonstrative,nwt_demo_structured,mf6_demo_triangular,outflow_drain_map_last,time_index:11,exact_time_key,time_index:11,11,11,,220,5.386236443882808e-05,0.0006360477643271205,-0.0005821853998882924,0.0005821853998882924,0.9153171075197325,m/day,map,map
example12_mf6_vs_nwt_different_meshes_demonstrative,nwt_demo_structured,mf6_demo_triangular,outflow_drain_map_last,time_index:11,exact_time_key,time_index:11,11,11,,221,5.51444391021505e-05,0.0007558830109652202,-0.0007007385718630697,0.0007007385718630697,0.9270463308445918,m/day,map,map
example12_mf6_vs_nwt_different_meshes_demonstrative,nwt_demo_structured,mf6_demo_triangular,outflow_drain_map_last,time_index:11,exact_time_key,time_index:11,11,11,,222,5.985669849906117e-05,0.0,5.985669849906117e-05,5.985669849906117e-05,nan,m/day,map,map
example12_mf6_vs_nwt_different_meshes_demonstrative,nwt_demo_structured,mf6_demo_triangular,outflow_drain_map_last,time_index:11,exact_time_key,time_index:11,11,11,,223,6.555169966304675e-05,0.0006679148318750349,-0.0006023631322119882,0.0006023631322119882,0.9018562000202576,m/day,map,map
example12_mf6_vs_nwt_different_meshes_demonstrative,nwt_demo_structured,mf6_demo_triangular,outflow_drain_map_last,time_index:11,exact_time_key,time_index:11,11,11,,226,7.730197830824181e-05,0.0,7.730197830824181e-05,7.730197830824181e-05,nan,m/day,map,map
example12_mf6_vs_nwt_different_meshes_demonstrative,nwt_demo_structured,mf6_demo_triangular,outflow_drain_map_last,time_index:11,exact_time_key,time_index:11,11,11,,227,8.350577263627201e-05,0.0006883386789240907,-0.0006048329062878187,0.0006048329062878187,0.8786850496810729,m/day,map,map
example12_mf6_vs_nwt_different_meshes_demonstrative,nwt_demo_structured,mf6_demo_triangular,outflow_drain_map_last,time_index:11,exact_time_key,time_index:11,11,11,,229,9.864380990620703e-05,0.0004587317965965834,-0.00036008798669037636,0.00036008798669037636,0.7849640887375503,m/day,map,map
example12_mf6_vs_nwt_different_meshes_demonstrative,nwt_demo_structured,mf6_demo_triangular,outflow_drain_map_last,time_index:11,exact_time_key,time_index:11,11,11,,230,0.00010510678112041205,0.0011030854819745802,-0.0009979787008541682,0.0009979787008541682,0.9047156518348284,m/day,map,map
example12_mf6_vs_nwt_different_meshes_demonstrative,nwt_demo_structured,mf6_demo_triangular,outflow_drain_map_last,time_index:11,exact_time_key,time_index:11,11,11,,231,0.00011801697837654501,0.0006094221546102414,-0.0004914051762336964,0.0004914051762336964,0.8063460977193662,m/day,map,map
example12_mf6_vs_nwt_different_meshes_demonstrative,nwt_demo_structured,mf6_demo_triangular,outflow_drain_map_last,time_index:11,exact_time_key,time_index:11,11,11,,233,0.0001208539106301032,0.0,0.0001208539106301032,0.0001208539106301032,nan,m/day,map,map
example12_mf6_vs_nwt_different_meshes_demonstrative,nwt_demo_structured,mf6_demo_triangular,outflow_drain_map_last,time_index:11,exact_time_key,time_index:11,11,11,,234,0.00013040158955845982,0.0008882226037752786,-0.0007578210142168188,0.0007578210142168188,0.853188165889717,m/day,map,map
example12_mf6_vs_nwt_different_meshes_demonstrative,nwt_demo_structured,mf6_demo_triangular,outflow_drain_map_last,time_index:11,exact_time_key,time_index:11,11,11,,235,0.00014535505033563823,0.0009117804956154155,-0.0007664254452797773,0.0007664254452797773,0.8405810926701943,m/day,map,map
example12_mf6_vs_nwt_different_meshes_demonstrative,nwt_demo_structured,mf6_demo_triangular,outflow_drain_map_last,time_index:11,exact_time_key,time_index:11,11,11,,236,0.00011822867236332968,0.0006195141963958482,-0.0005012855240325185,0.0005012855240325185,0.8091590587412695,m/day,map,map
example12_mf6_vs_nwt_different_meshes_demonstrative,nwt_demo_structured,mf6_demo_triangular,outflow_drain_map_last,time_index:11,exact_time_key,time_index:11,11,11,,237,9.401229181094095e-05,0.0,9.401229181094095e-05,9.401229181094095e-05,nan,m/day,map,map
example12_mf6_vs_nwt_different_meshes_demonstrative,nwt_demo_structured,mf6_demo_triangular,outflow_drain_map_last,time_index:11,exact_time_key,time_index:11,11,11,,238,7.350679516093805e-05,0.000693640808413297,-0.0006201340132523589,0.0006201340132523589,0.8940275798808827,m/day,map,map
example12_mf6_vs_nwt_different_meshes_demonstrative,nwt_demo_structured,mf6_demo_triangular,outflow_drain_map_last,time_index:11,exact_time_key,time_index:11,11,11,,239,5.6387863878626376e-05,0.0,5.6387863878626376e-05,5.6387863878626376e-05,nan,m/day,map,map
example12_mf6_vs_nwt_different_meshes_demonstrative,nwt_demo_structured,mf6_demo_triangular,outflow_drain_map_last,time_index:11,exact_time_key,time_index:11,11,11,,240,6.421618309104815e-05,0.0,6.421618309104815e-05,6.421618309104815e-05,nan,m/day,map,map
example12_mf6_vs_nwt_different_meshes_demonstrative,nwt_demo_structured,mf6_demo_triangular,outflow_drain_map_last,time_index:11,exact_time_key,time_index:11,11,11,,241,5.0105853006243706e-05,0.0,5.0105853006243706e-05,5.0105853006243706e-05,nan,m/day,map,map
example12_mf6_vs_nwt_different_meshes_demonstrative,nwt_demo_structured,mf6_demo_triangular,outflow_drain_map_last,time_index:11,exact_time_key,time_index:11,11,11,,242,3.7061792681925e-05,0.0005007995842913841,-0.00046373779160945906,0.00046373779160945906,0.9259947614885378,m/day,map,map
example12_mf6_vs_nwt_different_meshes_demonstrative,nwt_demo_structured,mf6_demo_triangular,outflow_drain_map_last,time_index:11,exact_time_key,time_index:11,11,11,,243,2.873475204978604e-05,0.0,2.873475204978604e-05,2.873475204978604e-05,nan,m/day,map,map
example12_mf6_vs_nwt_different_meshes_demonstrative,nwt_demo_structured,mf6_demo_triangular,outflow_drain_map_last,time_index:11,exact_time_key,time_index:11,11,11,,244,2.3453752874047495e-05,0.0004996964062286735,-0.00047624265335462603,0.00047624265335462603,0.953063995294546,m/day,map,map
example12_mf6_vs_nwt_different_meshes_demonstrative,nwt_demo_structured,mf6_demo_triangular,outflow_drain_map_last,time_index:11,exact_time_key,time_index:11,11,11,,247,2.2145090042613447e-05,0.0,2.2145090042613447e-05,2.2145090042613447e-05,nan,m/day,map,map
example12_mf6_vs_nwt_different_meshes_demonstrative,nwt_demo_structured,mf6_demo_triangular,outflow_drain_map_last,time_index:11,exact_time_key,time_index:11,11,11,,248,2.723560646700207e-05,0.0008155872480245128,-0.0007883516415575107,0.0007883516415575107,0.9666061398912609,m/day,map,map
example12_mf6_vs_nwt_different_meshes_demonstrative,nwt_demo_structured,mf6_demo_triangular,outflow_drain_map_last,time_index:11,exact_time_key,time_index:11,11,11,,249,3.442673187237233e-05,0.00038140087722675787,-0.00034697414535438554,0.00034697414535438554,0.9097360967738303,m/day,map,map
example12_mf6_vs_nwt_different_meshes_demonstrative,nwt_demo_structured,mf6_demo_triangular,outflow_drain_map_last,time_index:11,exact_time_key,time_index:11,11,11,,250,4.1660547140054405e-05,0.0,4.1660547140054405e-05,4.1660547140054405e-05,nan,m/day,map,map
example12_mf6_vs_nwt_different_meshes_demonstrative,nwt_demo_structured,mf6_demo_triangular,outflow_drain_map_last,time_index:11,exact_time_key,time_index:11,11,11,,251,3.7891793908784166e-05,0.0,3.7891793908784166e-05,3.7891793908784166e-05,nan,m/day,map,map
example12_mf6_vs_nwt_different_meshes_demonstrative,nwt_demo_structured,mf6_demo_triangular,outflow_drain_map_last,time_index:11,exact_time_key,time_index:11,11,11,,252,3.344723518239334e-05,0.0011157496411293203,-0.001082302405946927,0.001082302405946927,0.9700226341560466,m/day,map,map
example12_mf6_vs_nwt_different_meshes_demonstrative,nwt_demo_structured,mf6_demo_triangular,outflow_drain_map_last,time_index:11,exact_time_key,time_index:11,11,11,,253,3.811577335000038e-05,0.0,3.811577335000038e-05,3.811577335000038e-05,nan,m/day,map,map
example12_mf6_vs_nwt_different_meshes_demonstrative,nwt_demo_structured,mf6_demo_triangular,outflow_drain_map_last,time_index:11,exact_time_key,time_index:11,11,11,,254,4.4402320781955495e-05,0.0008056798046898886,-0.0007612774839079331,0.0007612774839079331,0.9448883780833426,m/day,map,map
example12_mf6_vs_nwt_different_meshes_demonstrative,nwt_demo_structured,mf6_demo_triangular,outflow_drain_map_last,time_index:11,exact_time_key,time_index:11,11,11,,256,3.9030626794556156e-05,0.0004509182729973875,-0.00041188764620283137,0.00041188764620283137,0.9134419048154603,m/day,map,map
example12_mf6_vs_nwt_different_meshes_demonstrative,nwt_demo_structured,mf6_demo_triangular,outflow_drain_map_last,time_index:11,exact_time_key,time_index:11,11,11,,257,4.042708678753115e-05,0.0,4.042708678753115e-05,4.042708678753115e-05,nan,m/day,map,map
example12_mf6_vs_nwt_different_meshes_demonstrative,nwt_demo_structured,mf6_demo_triangular,outflow_drain_map_last,time_index:11,exact_time_key,time_index:11,11,11,,258,3.90183377021458e-05,0.0005706072536325181,-0.0005315889159303723,0.0005315889159303723,0.931619625488893,m/day,map,map
example12_mf6_vs_nwt_different_meshes_demonstrative,nwt_demo_structured,mf6_demo_triangular,outflow_drain_map_last,time_index:11,exact_time_key,time_index:11,11,11,,260,3.2217219995800406e-05,0.0,3.2217219995800406e-05,3.2217219995800406e-05,nan,m/day,map,map
example12_mf6_vs_nwt_different_meshes_demonstrative,nwt_demo_structured,mf6_demo_triangular,outflow_drain_map_last,time_index:11,exact_time_key,time_index:11,11,11,,261,2.890335781557951e-05,0.0005236106013788958,-0.0004947072435633163,0.0004947072435633163,0.9447998995064952,m/day,map,map
example12_mf6_vs_nwt_different_meshes_demonstrative,nwt_demo_structured,mf6_demo_triangular,outflow_drain_map_last,time_index:11,exact_time_key,time_index:11,11,11,,262,2.8983893571421504e-05,0.0005192635741796893,-0.0004902796806082678,0.0004902796806082678,0.944182694468394,m/day,map,map
example12_mf6_vs_nwt_different_meshes_demonstrative,nwt_demo_structured,mf6_demo_triangular,outflow_drain_map_last,time_index:11,exact_time_key,time_index:11,11,11,,263,2.8464455681387335e-05,0.0006898280212677857,-0.0006613635655863983,0.0006613635655863983,0.9587368810720757,m/day,map,map
example12_mf6_vs_nwt_different_meshes_demonstrative,nwt_demo_structured,mf6_demo_triangular,outflow_drain_map_last,time_index:11,exact_time_key,time_index:11,11,11,,264,3.031643973372411e-05,0.0,3.031643973372411e-05,3.031643973372411e-05,nan,m/day,map,map
example12_mf6_vs_nwt_different_meshes_demonstrative,nwt_demo_structured,mf6_demo_triangular,outflow_drain_map_last,time_index:11,exact_time_key,time_index:11,11,11,,265,3.2146643206942827e-05,0.0008539487361493088,-0.000821802092942366,0.000821802092942366,0.9623553009143138,m/day,map,map
example12_mf6_vs_nwt_different_meshes_demonstrative,nwt_demo_structured,mf6_demo_triangular,outflow_drain_map_last,time_index:11,exact_time_key,time_index:11,11,11,,266,3.221052247681655e-05,0.0,3.221052247681655e-05,3.221052247681655e-05,nan,m/day,map,map
example12_mf6_vs_nwt_different_meshes_demonstrative,nwt_demo_structured,mf6_demo_triangular,outflow_drain_map_last,time_index:11,exact_time_key,time_index:11,11,11,,267,3.0253053409978747e-05,0.0007215049551093054,-0.0006912519016993267,0.0006912519016993267,0.9580695140126994,m/day,map,map
example12_mf6_vs_nwt_different_meshes_demonstrative,nwt_demo_structured,mf6_demo_triangular,outflow_drain_map_last,time_index:11,exact_time_key,time_index:11,11,11,,268,3.074185224249959e-05,0.0004263703687771834,-0.0003956285165346838,0.0003956285165346838,0.9278987131993571,m/day,map,map
example12_mf6_vs_nwt_different_meshes_demonstrative,nwt_demo_structured,mf6_demo_triangular,outflow_drain_map_last,time_index:11,exact_time_key,time_index:11,11,11,,269,2.954127012344543e-05,0.001014638854682219,-0.0009850975845587737,0.0009850975845587737,0.9708849409944018,m/day,map,map
example12_mf6_vs_nwt_different_meshes_demonstrative,nwt_demo_structured,mf6_demo_triangular,outflow_drain_map_last,time_index:11,exact_time_key,time_index:11,11,11,,270,2.9305298085091636e-05,0.0,2.9305298085091636e-05,2.9305298085091636e-05,nan,m/day,map,map
example12_mf6_vs_nwt_different_meshes_demonstrative,nwt_demo_structured,mf6_demo_triangular,outflow_drain_map_last,time_index:11,exact_time_key,time_index:11,11,11,,272,2.90764855890302e-05,0.0,2.90764855890302e-05,2.90764855890302e-05,nan,m/day,map,map
example12_mf6_vs_nwt_different_meshes_demonstrative,nwt_demo_structured,mf6_demo_triangular,outflow_drain_map_last,time_index:11,exact_time_key,time_index:11,11,11,,273,2.859189589798916e-05,0.0004937408153073684,-0.0004651489194093792,0.0004651489194093792,0.9420912855256055,m/day,map,map
example12_mf6_vs_nwt_different_meshes_demonstrative,nwt_demo_structured,mf6_demo_triangular,outflow_drain_map_last,time_index:11,exact_time_key,time_index:11,11,11,,274,2.6735699066193774e-05,0.00045756999509407887,-0.0004308342960278851,0.0004308342960278851,0.9415702529605404,m/day,map,map
example12_mf6_vs_nwt_different_meshes_demonstrative,nwt_demo_structured,mf6_demo_triangular,outflow_drain_map_last,time_index:11,exact_time_key,time_index:11,11,11,,275,2.219880661868956e-05,0.0004433139511626932,-0.0004211151445440036,0.0004211151445440036,0.9499253146433401,m/day,map,map
example12_mf6_vs_nwt_different_meshes_demonstrative,nwt_demo_structured,mf6_demo_triangular,outflow_drain_map_last,time_index:11,exact_time_key,time_index:11,11,11,,276,2.177896021748893e-05,0.0005973229051082682,-0.0005755439448907793,0.0005755439448907793,0.9635390506018828,m/day,map,map
example12_mf6_vs_nwt_different_meshes_demonstrative,nwt_demo_structured,mf6_demo_triangular,outflow_drain_map_last,time_index:11,exact_time_key,time_index:11,11,11,,277,2.996668808918912e-05,0.0,2.996668808918912e-05,2.996668808918912e-05,nan,m/day,map,map
example12_mf6_vs_nwt_different_meshes_demonstrative,nwt_demo_structured,mf6_demo_triangular,outflow_drain_map_last,time_index:11,exact_time_key,time_index:11,11,11,,280,5.3295952966436744e-05,0.0,5.3295952966436744e-05,5.3295952966436744e-05,nan,m/day,map,map
example12_mf6_vs_nwt_different_meshes_demonstrative,nwt_demo_structured,mf6_demo_triangular,outflow_drain_map_last,time_index:11,exact_time_key,time_index:11,11,11,,282,6.742955156369135e-05,0.0006425609835773193,-0.000575131432013628,0.000575131432013628,0.8950612419878159,m/day,map,map
example12_mf6_vs_nwt_different_meshes_demonstrative,nwt_demo_structured,mf6_demo_triangular,outflow_drain_map_last,time_index:11,exact_time_key,time_index:11,11,11,,284,7.928479317342862e-05,0.0006588531143711307,-0.000579568321197702,0.000579568321197702,0.8796624142103279,m/day,map,map
example12_mf6_vs_nwt_different_meshes_demonstrative,nwt_demo_structured,mf6_demo_triangular,outflow_drain_map_last,time_index:11,exact_time_key,time_index:11,11,11,,285,8.833478204905987e-05,0.0007227337088746952,-0.0006343989268256353,0.0006343989268256353,0.8777768617066469,m/day,map,map
example12_mf6_vs_nwt_different_meshes_demonstrative,nwt_demo_structured,mf6_demo_triangular,outflow_drain_map_last,time_index:11,exact_time_key,time_index:11,11,11,,286,9.587685781298205e-05,0.0,9.587685781298205e-05,9.587685781298205e-05,nan,m/day,map,map
example12_mf6_vs_nwt_different_meshes_demonstrative,nwt_demo_structured,mf6_demo_triangular,outflow_drain_map_last,time_index:11,exact_time_key,time_index:11,11,11,,287,0.00010368591756559908,0.0006211328841065193,-0.0005174469665409202,0.0005174469665409202,0.8330696696009774,m/day,map,map
example12_mf6_vs_nwt_different_meshes_demonstrative,nwt_demo_structured,mf6_demo_triangular,outflow_drain_map_last,time_index:11,exact_time_key,time_index:11,11,11,,288,0.00011420737428124994,0.0003830139759792876,-0.00026880660169803765,0.00026880660169803765,0.7018193030965899,m/day,map,map
example12_mf6_vs_nwt_different_meshes_demonstrative,nwt_demo_structured,mf6_demo_triangular,outflow_drain_map_last,time_index:11,exact_time_key,time_index:11,11,11,,289,0.00012006727774860337,0.0008617708523815009,-0.0007417035746328975,0.0007417035746328975,0.8606737772381163,m/day,map,map
example12_mf6_vs_nwt_different_meshes_demonstrative,nwt_demo_structured,mf6_demo_triangular,outflow_drain_map_last,time_index:11,exact_time_key,time_index:11,11,11,,291,0.0001247695181518793,0.0,0.0001247695181518793,0.0001247695181518793,nan,m/day,map,map
example12_mf6_vs_nwt_different_meshes_demonstrative,nwt_demo_structured,mf6_demo_triangular,outflow_drain_map_last,time_index:11,exact_time_key,time_index:11,11,11,,293,0.00013101784861646593,0.0,0.00013101784861646593,0.00013101784861646593,nan,m/day,map,map
example12_mf6_vs_nwt_different_meshes_demonstrative,nwt_demo_structured,mf6_demo_triangular,outflow_drain_map_last,time_index:11,exact_time_key,time_index:11,11,11,,294,0.00012205088569317013,0.0011758009588151825,-0.0010537500731220124,0.0010537500731220124,0.8961976644276962,m/day,map,map
example12_mf6_vs_nwt_different_meshes_demonstrative,nwt_demo_structured,mf6_demo_triangular,outflow_drain_map_last,time_index:11,exact_time_key,time_index:11,11,11,,295,0.00011620474106166512,0.0006750190195179344,-0.0005588142784562693,0.0005588142784562693,0.8278496787473443,m/day,map,map
example12_mf6_vs_nwt_different_meshes_demonstrative,nwt_demo_structured,mf6_demo_triangular,outflow_drain_map_last,time_index:11,exact_time_key,time_index:11,11,11,,296,9.468968346482143e-05,0.0006599020909354093,-0.0005652124074705879,0.0005652124074705879,0.8565094962336017,m/day,map,map
example12_mf6_vs_nwt_different_meshes_demonstrative,nwt_demo_structured,mf6_demo_triangular,outflow_drain_map_last,time_index:11,exact_time_key,time_index:11,11,11,,297,7.697066030232236e-05,0.00037875768768555777,-0.0003017870273832354,0.0003017870273832354,0.7967812593516969,m/day,map,map
example12_mf6_vs_nwt_different_meshes_demonstrative,nwt_demo_structured,mf6_demo_triangular,outflow_drain_map_last,time_index:11,exact_time_key,time_index:11,11,11,,298,5.9280562709318474e-05,0.0004989514982176933,-0.00043967093550837484,0.00043967093550837484,0.8811897290196045,m/day,map,map
example12_mf6_vs_nwt_different_meshes_demonstrative,nwt_demo_structured,mf6_demo_triangular,outflow_drain_map_last,time_index:11,exact_time_key,time_index:11,11,11,,299,4.459530100575648e-05,0.0005190014063890837,-0.0004744061053833272,0.0004744061053833272,0.9140747973767062,m/day,map,map
example12_mf6_vs_nwt_different_meshes_demonstrative,nwt_demo_structured,mf6_demo_triangular,outflow_drain_map_last,time_index:11,exact_time_key,time_index:11,11,11,,300,5.107116521685384e-05,0.0006273163285685918,-0.0005762451633517379,0.0005762451633517379,0.9185878592808386,m/day,map,map
example12_mf6_vs_nwt_different_meshes_demonstrative,nwt_demo_structured,mf6_demo_triangular,outflow_drain_map_last,time_index:11,exact_time_key,time_index:11,11,11,,301,4.237316898070276e-05,0.0005226677502645203,-0.00048029458128381755,0.00048029458128381755,0.9189290539558681,m/day,map,map
example12_mf6_vs_nwt_different_meshes_demonstrative,nwt_demo_structured,mf6_demo_triangular,outflow_drain_map_last,time_index:11,exact_time_key,time_index:11,11,11,,303,2.469972605467774e-05,0.0,2.469972605467774e-05,2.469972605467774e-05,nan,m/day,map,map
example12_mf6_vs_nwt_different_meshes_demonstrative,nwt_demo_structured,mf6_demo_triangular,outflow_drain_map_last,time_index:11,exact_time_key,time_index:11,11,11,,304,2.112170659529511e-05,0.0016169556790878725,-0.0015958339724925774,0.0015958339724925774,0.9869373620634982,m/day,map,map
example12_mf6_vs_nwt_different_meshes_demonstrative,nwt_demo_structured,mf6_demo_triangular,outflow_drain_map_last,time_index:11,exact_time_key,time_index:11,11,11,,305,1.9720986529137008e-05,0.0,1.9720986529137008e-05,1.9720986529137008e-05,nan,m/day,map,map
example12_mf6_vs_nwt_different_meshes_demonstrative,nwt_demo_structured,mf6_demo_triangular,outflow_drain_map_last,time_index:11,exact_time_key,time_index:11,11,11,,307,2.2374806576408446e-05,0.0006633598544071679,-0.0006409850478307595,0.0006409850478307595,0.9662704843717075,m/day,map,map
example12_mf6_vs_nwt_different_meshes_demonstrative,nwt_demo_structured,mf6_demo_triangular,outflow_drain_map_last,time_index:11,exact_time_key,time_index:11,11,11,,308,2.268552088935394e-05,0.0,2.268552088935394e-05,2.268552088935394e-05,nan,m/day,map,map
example12_mf6_vs_nwt_different_meshes_demonstrative,nwt_demo_structured,mf6_demo_triangular,outflow_drain_map_last,time_index:11,exact_time_key,time_index:11,11,11,,309,2.6095447537954897e-05,0.001182335790346312,-0.001156240342808357,0.001156240342808357,0.9779289033191566,m/day,map,map
example12_mf6_vs_nwt_different_meshes_demonstrative,nwt_demo_structured,mf6_demo_triangular,outflow_drain_map_last,time_index:11,exact_time_key,time_index:11,11,11,,310,3.566160376067273e-05,0.00046045297640897416,-0.0004247913726483014,0.0004247913726483014,0.9225510408493959,m/day,map,map
example12_mf6_vs_nwt_different_meshes_demonstrative,nwt_demo_structured,mf6_demo_triangular,outflow_drain_map_last,time_index:11,exact_time_key,time_index:11,11,11,,311,3.583219222491607e-05,0.00046274378922509657,-0.0004269115970001805,0.0004269115970001805,0.922565806264153,m/day,map,map
example12_mf6_vs_nwt_different_meshes_demonstrative,nwt_demo_structured,mf6_demo_triangular,outflow_drain_map_last,time_index:11,exact_time_key,time_index:11,11,11,,312,3.3177486329805106e-05,0.0007407010000912389,-0.0007075235137614338,0.0007075235137614338,0.9552079903689635,m/day,map,map
example12_mf6_vs_nwt_different_meshes_demonstrative,nwt_demo_structured,mf6_demo_triangular,outflow_drain_map_last,time_index:11,exact_time_key,time_index:11,11,11,,313,3.6445740988710895e-05,0.0007988776067474512,-0.0007624318657587404,0.0007624318657587404,0.9543788176300297,m/day,map,map
example12_mf6_vs_nwt_different_meshes_demonstrative,nwt_demo_structured,mf6_demo_triangular,outflow_drain_map_last,time_index:11,exact_time_key,time_index:11,11,11,,314,3.938295049010776e-05,0.0,3.938295049010776e-05,3.938295049010776e-05,nan,m/day,map,map
example12_mf6_vs_nwt_different_meshes_demonstrative,nwt_demo_structured,mf6_demo_triangular,outflow_drain_map_last,time_index:11,exact_time_key,time_index:11,11,11,,315,3.746483344002627e-05,0.0004412946137029067,-0.00040382978026288043,0.00040382978026288043,0.9151024456753312,m/day,map,map
example12_mf6_vs_nwt_different_meshes_demonstrative,nwt_demo_structured,mf6_demo_triangular,outflow_drain_map_last,time_index:11,exact_time_key,time_index:11,11,11,,316,3.4533662983449176e-05,0.0004273284163175714,-0.0003927947533341222,0.0003927947533341222,0.9191870662825631,m/day,map,map
example12_mf6_vs_nwt_different_meshes_demonstrative,nwt_demo_structured,mf6_demo_triangular,outflow_drain_map_last,time_index:11,exact_time_key,time_index:11,11,11,,317,3.739961175597273e-05,0.0006096633681938056,-0.0005722637564378329,0.0005722637564378329,0.9386553076548241,m/day,map,map
example12_mf6_vs_nwt_different_meshes_demonstrative,nwt_demo_structured,mf6_demo_triangular,outflow_drain_map_last,time_index:11,exact_time_key,time_index:11,11,11,,318,3.8636342651443556e-05,0.000676872185471539,-0.0006382358428200954,0.0006382358428200954,0.9429192933603443,m/day,map,map
example12_mf6_vs_nwt_different_meshes_demonstrative,nwt_demo_structured,mf6_demo_triangular,outflow_drain_map_last,time_index:11,exact_time_key,time_index:11,11,11,,319,3.377741086296737e-05,0.00045422316902765224,-0.00042044575816468487,0.00042044575816468487,0.9256369706211286,m/day,map,map
example12_mf6_vs_nwt_different_meshes_demonstrative,nwt_demo_structured,mf6_demo_triangular,outflow_drain_map_last,time_index:11,exact_time_key,time_index:11,11,11,,321,2.0773230062332004e-05,0.000960428866374765,-0.000939655636312433,0.000939655636312433,0.9783708811869195,m/day,map,map
example12_mf6_vs_nwt_different_meshes_demonstrative,nwt_demo_structured,mf6_demo_triangular,outflow_drain_map_last,time_index:11,exact_time_key,time_index:11,11,11,,323,1.9427945517236367e-05,0.0,1.9427945517236367e-05,1.9427945517236367e-05,nan,m/day,map,map
example12_mf6_vs_nwt_different_meshes_demonstrative,nwt_demo_structured,mf6_demo_triangular,outflow_drain_map_last,time_index:11,exact_time_key,time_index:11,11,11,,324,2.499241236364469e-05,0.0003865517955730477,-0.000361559383209403,0.000361559383209403,0.9353452431217026,m/day,map,map
example12_mf6_vs_nwt_different_meshes_demonstrative,nwt_demo_structured,mf6_demo_triangular,outflow_drain_map_last,time_index:11,exact_time_key,time_index:11,11,11,,325,2.9305096177267842e-05,0.0006798967328226525,-0.0006505916366453847,0.0006505916366453847,0.9568977246653252,m/day,map,map
example12_mf6_vs_nwt_different_meshes_demonstrative,nwt_demo_structured,mf6_demo_triangular,outflow_drain_map_last,time_index:11,exact_time_key,time_index:11,11,11,,326,3.0434986911132e-05,0.0,3.0434986911132e-05,3.0434986911132e-05,nan,m/day,map,map
example12_mf6_vs_nwt_different_meshes_demonstrative,nwt_demo_structured,mf6_demo_triangular,outflow_drain_map_last,time_index:11,exact_time_key,time_index:11,11,11,,327,2.9207491024862975e-05,0.0,2.9207491024862975e-05,2.9207491024862975e-05,nan,m/day,map,map
example12_mf6_vs_nwt_different_meshes_demonstrative,nwt_demo_structured,mf6_demo_triangular,outflow_drain_map_last,time_index:11,exact_time_key,time_index:11,11,11,,328,2.9618273401865736e-05,0.0007727816280819499,-0.0007431633546800842,0.0007431633546800842,0.961673165709984,m/day,map,map
example12_mf6_vs_nwt_different_meshes_demonstrative,nwt_demo_structured,mf6_demo_triangular,outflow_drain_map_last,time_index:11,exact_time_key,time_index:11,11,11,,329,2.9699120204895735e-05,0.0006511835153714556,-0.0006214843951665599,0.0006214843951665599,0.954392088399298,m/day,map,map
example12_mf6_vs_nwt_different_meshes_demonstrative,nwt_demo_structured,mf6_demo_triangular,outflow_drain_map_last,time_index:11,exact_time_key,time_index:11,11,11,,330,3.0105613404884934e-05,0.0,3.0105613404884934e-05,3.0105613404884934e-05,nan,m/day,map,map
example12_mf6_vs_nwt_different_meshes_demonstrative,nwt_demo_structured,mf6_demo_triangular,outflow_drain_map_last,time_index:11,exact_time_key,time_index:11,11,11,,331,2.9897730200900696e-05,0.0,2.9897730200900696e-05,2.9897730200900696e-05,nan,m/day,map,map
example12_mf6_vs_nwt_different_meshes_demonstrative,nwt_demo_structured,mf6_demo_triangular,outflow_drain_map_last,time_index:11,exact_time_key,time_index:11,11,11,,332,2.9272323445184156e-05,0.0,2.9272323445184156e-05,2.9272323445184156e-05,nan,m/day,map,map
example12_mf6_vs_nwt_different_meshes_demonstrative,nwt_demo_structured,mf6_demo_triangular,outflow_drain_map_last,time_index:11,exact_time_key,time_index:11,11,11,,333,2.9297321816557087e-05,0.0,2.9297321816557087e-05,2.9297321816557087e-05,nan,m/day,map,map
example12_mf6_vs_nwt_different_meshes_demonstrative,nwt_demo_structured,mf6_demo_triangular,outflow_drain_map_last,time_index:11,exact_time_key,time_index:11,11,11,,334,2.541661888244562e-05,0.0006553110421708406,-0.000629894423288395,0.000629894423288395,0.961214419952015,m/day,map,map
example12_mf6_vs_nwt_different_meshes_demonstrative,nwt_demo_structured,mf6_demo_triangular,outflow_drain_map_last,time_index:11,exact_time_key,time_index:11,11,11,,335,1.7633741663303226e-05,0.0,1.7633741663303226e-05,1.7633741663303226e-05,nan,m/day,map,map
example12_mf6_vs_nwt_different_meshes_demonstrative,nwt_demo_structured,mf6_demo_triangular,outflow_drain_map_last,time_index:11,exact_time_key,time_index:11,11,11,,336,1.71392057382036e-05,0.0,1.71392057382036e-05,1.71392057382036e-05,nan,m/day,map,map
example12_mf6_vs_nwt_different_meshes_demonstrative,nwt_demo_structured,mf6_demo_triangular,outflow_drain_map_last,time_index:11,exact_time_key,time_index:11,11,11,,337,2.3629774659639224e-05,0.0007464261037534504,-0.0007227963290938112,0.0007227963290938112,0.9683427809654359,m/day,map,map
example12_mf6_vs_nwt_different_meshes_demonstrative,nwt_demo_structured,mf6_demo_triangular,outflow_drain_map_last,time_index:11,exact_time_key,time_index:11,11,11,,338,2.933977884822525e-05,0.0006097846845302558,-0.0005804449056820305,0.0005804449056820305,0.9518850184457699,m/day,map,map
example12_mf6_vs_nwt_different_meshes_demonstrative,nwt_demo_structured,mf6_demo_triangular,outflow_drain_map_last,time_index:11,exact_time_key,time_index:11,11,11,,339,3.4272838092874736e-05,0.0004286823806116829,-0.00039440954251880817,0.00039440954251880817,0.92005074236088,m/day,map,map
example12_mf6_vs_nwt_different_meshes_demonstrative,nwt_demo_structured,mf6_demo_triangular,outflow_drain_map_last,time_index:11,exact_time_key,time_index:11,11,11,,340,4.186571459285915e-05,0.000424939451991623,-0.00038307373739876385,0.00038307373739876385,0.9014784002835198,m/day,map,map
example12_mf6_vs_nwt_different_meshes_demonstrative,nwt_demo_structured,mf6_demo_triangular,outflow_drain_map_last,time_index:11,exact_time_key,time_index:11,11,11,,341,5.4908701713429764e-05,0.0006149432173420052,-0.0005600345156285755,0.0005600345156285755,0.9107093140229046,m/day,map,map
example12_mf6_vs_nwt_different_meshes_demonstrative,nwt_demo_structured,mf6_demo_triangular,outflow_drain_map_last,time_index:11,exact_time_key,time_index:11,11,11,,344,7.345575431827456e-05,0.0,7.345575431827456e-05,7.345575431827456e-05,nan,m/day,map,map
example12_mf6_vs_nwt_different_meshes_demonstrative,nwt_demo_structured,mf6_demo_triangular,outflow_drain_map_last,time_index:11,exact_time_key,time_index:11,11,11,,345,8.283666829811409e-05,0.0006056899870433823,-0.0005228533187452682,0.0005228533187452682,0.8632358631146053,m/day,map,map
example12_mf6_vs_nwt_different_meshes_demonstrative,nwt_demo_structured,mf6_demo_triangular,outflow_drain_map_last,time_index:11,exact_time_key,time_index:11,11,11,,347,0.00010417213343316689,0.0006502284158647117,-0.0005460562824315448,0.0005460562824315448,0.8397914780537041,m/day,map,map
example12_mf6_vs_nwt_different_meshes_demonstrative,nwt_demo_structured,mf6_demo_triangular,outflow_drain_map_last,time_index:11,exact_time_key,time_index:11,11,11,,348,0.00011536898819031194,0.0,0.00011536898819031194,0.00011536898819031194,nan,m/day,map,map
example12_mf6_vs_nwt_different_meshes_demonstrative,nwt_demo_structured,mf6_demo_triangular,outflow_drain_map_last,time_index:11,exact_time_key,time_index:11,11,11,,349,0.00012246456753928214,0.0005914658739649479,-0.0004690013064256658,0.0004690013064256658,0.7929473653005046,m/day,map,map
example12_mf6_vs_nwt_different_meshes_demonstrative,nwt_demo_structured,mf6_demo_triangular,outflow_drain_map_last,time_index:11,exact_time_key,time_index:11,11,11,,350,0.0001245193852810189,0.0006384787821099233,-0.0005139593968289044,0.0005139593968289044,0.8049749047736074,m/day,map,map
example12_mf6_vs_nwt_different_meshes_demonstrative,nwt_demo_structured,mf6_demo_triangular,outflow_drain_map_last,time_index:11,exact_time_key,time_index:11,11,11,,351,0.00012307240103837103,0.0006953736771079361,-0.0005723012760695651,0.0005723012760695651,0.8230125685081581,m/day,map,map
example12_mf6_vs_nwt_different_meshes_demonstrative,nwt_demo_structured,mf6_demo_triangular,outflow_drain_map_last,time_index:11,exact_time_key,time_index:11,11,11,,352,0.00012427147885318846,0.0,0.00012427147885318846,0.00012427147885318846,nan,m/day,map,map
example12_mf6_vs_nwt_different_meshes_demonstrative,nwt_demo_structured,mf6_demo_triangular,outflow_drain_map_last,time_index:11,exact_time_key,time_index:11,11,11,,353,0.00011924736463697627,0.0,0.00011924736463697627,0.00011924736463697627,nan,m/day,map,map
example12_mf6_vs_nwt_different_meshes_demonstrative,nwt_demo_structured,mf6_demo_triangular,outflow_drain_map_last,time_index:11,exact_time_key,time_index:11,11,11,,354,0.00011600022844504565,0.0,0.00011600022844504565,0.00011600022844504565,nan,m/day,map,map
example12_mf6_vs_nwt_different_meshes_demonstrative,nwt_demo_structured,mf6_demo_triangular,outflow_drain_map_last,time_index:11,exact_time_key,time_index:11,11,11,,357,7.270283822435886e-05,0.0,7.270283822435886e-05,7.270283822435886e-05,nan,m/day,map,map
example12_mf6_vs_nwt_different_meshes_demonstrative,nwt_demo_structured,mf6_demo_triangular,outflow_drain_map_last,time_index:11,exact_time_key,time_index:11,11,11,,359,3.8178011891432106e-05,0.0005697262407458226,-0.0005315482288543905,0.0005315482288543905,0.9329888476938438,m/day,map,map
example12_mf6_vs_nwt_different_meshes_demonstrative,nwt_demo_structured,mf6_demo_triangular,outflow_drain_map_last,time_index:11,exact_time_key,time_index:11,11,11,,363,2.1972155082039535e-05,0.0007355586696792702,-0.0007135865145972307,0.0007135865145972307,0.9701286165362987,m/day,map,map
example12_mf6_vs_nwt_different_meshes_demonstrative,nwt_demo_structured,mf6_demo_triangular,outflow_drain_map_last,time_index:11,exact_time_key,time_index:11,11,11,,364,1.9698840333148837e-05,0.0,1.9698840333148837e-05,1.9698840333148837e-05,nan,m/day,map,map
example12_mf6_vs_nwt_different_meshes_demonstrative,nwt_demo_structured,mf6_demo_triangular,outflow_drain_map_last,time_index:11,exact_time_key,time_index:11,11,11,,365,1.7789790945244022e-05,0.0005506700229544704,-0.0005328802320092264,0.0005328802320092264,0.9676942811417304,m/day,map,map
example12_mf6_vs_nwt_different_meshes_demonstrative,nwt_demo_structured,mf6_demo_triangular,outflow_drain_map_last,time_index:11,exact_time_key,time_index:11,11,11,,366,1.885580968519207e-05,0.0,1.885580968519207e-05,1.885580968519207e-05,nan,m/day,map,map
example12_mf6_vs_nwt_different_meshes_demonstrative,nwt_demo_structured,mf6_demo_triangular,outflow_drain_map_last,time_index:11,exact_time_key,time_index:11,11,11,,368,2.1694118913728744e-05,0.0,2.1694118913728744e-05,2.1694118913728744e-05,nan,m/day,map,map
example12_mf6_vs_nwt_different_meshes_demonstrative,nwt_demo_structured,mf6_demo_triangular,outflow_drain_map_last,time_index:11,exact_time_key,time_index:11,11,11,,369,2.4336373826372437e-05,0.00039277446415493045,-0.000368438090328558,0.000368438090328558,0.938039826803066,m/day,map,map
example12_mf6_vs_nwt_different_meshes_demonstrative,nwt_demo_structured,mf6_demo_triangular,outflow_drain_map_last,time_index:11,exact_time_key,time_index:11,11,11,,370,3.180957355652936e-05,0.0,3.180957355652936e-05,3.180957355652936e-05,nan,m/day,map,map
example12_mf6_vs_nwt_different_meshes_demonstrative,nwt_demo_structured,mf6_demo_triangular,outflow_drain_map_last,time_index:11,exact_time_key,time_index:11,11,11,,371,3.4048065572278574e-05,0.0006137257562766753,-0.0005796776907043967,0.0005796776907043967,0.9445223453243352,m/day,map,map
example12_mf6_vs_nwt_different_meshes_demonstrative,nwt_demo_structured,mf6_demo_triangular,outflow_drain_map_last,time_index:11,exact_time_key,time_index:11,11,11,,373,3.452203964116052e-05,0.0,3.452203964116052e-05,3.452203964116052e-05,nan,m/day,map,map
example12_mf6_vs_nwt_different_meshes_demonstrative,nwt_demo_structured,mf6_demo_triangular,outflow_drain_map_last,time_index:11,exact_time_key,time_index:11,11,11,,374,3.4908771340269595e-05,0.0,3.4908771340269595e-05,3.4908771340269595e-05,nan,m/day,map,map
example12_mf6_vs_nwt_different_meshes_demonstrative,nwt_demo_structured,mf6_demo_triangular,outflow_drain_map_last,time_index:11,exact_time_key,time_index:11,11,11,,377,3.278488293290138e-05,0.0004959468276653535,-0.0004631619447324521,0.0004631619447324521,0.9338943590238601,m/day,map,map
example12_mf6_vs_nwt_different_meshes_demonstrative,nwt_demo_structured,mf6_demo_triangular,outflow_drain_map_last,time_index:11,exact_time_key,time_index:11,11,11,,378,3.178036422468722e-05,0.0007217951737962989,-0.0006900148095716117,0.0006900148095716117,0.9559703841499277,m/day,map,map
example12_mf6_vs_nwt_different_meshes_demonstrative,nwt_demo_structured,mf6_demo_triangular,outflow_drain_map_last,time_index:11,exact_time_key,time_index:11,11,11,,379,2.7910231437999755e-05,0.00042511055163002185,-0.0003972003201920221,0.0003972003201920221,0.9343459452347579,m/day,map,map
example12_mf6_vs_nwt_different_meshes_demonstrative,nwt_demo_structured,mf6_demo_triangular,outflow_drain_map_last,time_index:11,exact_time_key,time_index:11,11,11,,380,2.1800666218041442e-05,0.0004199546959439719,-0.00039815402972593044,0.00039815402972593044,0.9480880522861209,m/day,map,map
example12_mf6_vs_nwt_different_meshes_demonstrative,nwt_demo_structured,mf6_demo_triangular,outflow_drain_map_last,time_index:11,exact_time_key,time_index:11,11,11,,381,1.7341069906251505e-05,0.0,1.7341069906251505e-05,1.7341069906251505e-05,nan,m/day,map,map
example12_mf6_vs_nwt_different_meshes_demonstrative,nwt_demo_structured,mf6_demo_triangular,outflow_drain_map_last,time_index:11,exact_time_key,time_index:11,11,11,,382,1.4960764929128345e-05,0.0,1.4960764929128345e-05,1.4960764929128345e-05,nan,m/day,map,map
example12_mf6_vs_nwt_different_meshes_demonstrative,nwt_demo_structured,mf6_demo_triangular,outflow_drain_map_last,time_index:11,exact_time_key,time_index:11,11,11,,383,1.4463893421634566e-05,0.0,1.4463893421634566e-05,1.4463893421634566e-05,nan,m/day,map,map
example12_mf6_vs_nwt_different_meshes_demonstrative,nwt_demo_structured,mf6_demo_triangular,outflow_drain_map_last,time_index:11,exact_time_key,time_index:11,11,11,,384,2.015645441133529e-05,0.0,2.015645441133529e-05,2.015645441133529e-05,nan,m/day,map,map
example12_mf6_vs_nwt_different_meshes_demonstrative,nwt_demo_structured,mf6_demo_triangular,outflow_drain_map_last,time_index:11,exact_time_key,time_index:11,11,11,,386,2.962175858556293e-05,0.0,2.962175858556293e-05,2.962175858556293e-05,nan,m/day,map,map
example12_mf6_vs_nwt_different_meshes_demonstrative,nwt_demo_structured,mf6_demo_triangular,outflow_drain_map_last,time_index:11,exact_time_key,time_index:11,11,11,,387,3.0511455406667665e-05,0.00040605765804226654,-0.0003755462026355989,0.0003755462026355989,0.9248593031005174,m/day,map,map
example12_mf6_vs_nwt_different_meshes_demonstrative,nwt_demo_structured,mf6_demo_triangular,outflow_drain_map_last,time_index:11,exact_time_key,time_index:11,11,11,,390,3.208056659786962e-05,0.0005813046635751145,-0.0005492240969772449,0.0005492240969772449,0.9448128174293853,m/day,map,map
example12_mf6_vs_nwt_different_meshes_demonstrative,nwt_demo_structured,mf6_demo_triangular,outflow_drain_map_last,time_index:11,exact_time_key,time_index:11,11,11,,391,3.0137691283016466e-05,0.0,3.0137691283016466e-05,3.0137691283016466e-05,nan,m/day,map,map
example12_mf6_vs_nwt_different_meshes_demonstrative,nwt_demo_structured,mf6_demo_triangular,outflow_drain_map_last,time_index:11,exact_time_key,time_index:11,11,11,,392,2.9496559363906272e-05,0.0007518991176815215,-0.0007224025583176153,0.0007224025583176153,0.9607705892050269,m/day,map,map
example12_mf6_vs_nwt_different_meshes_demonstrative,nwt_demo_structured,mf6_demo_triangular,outflow_drain_map_last,time_index:11,exact_time_key,time_index:11,11,11,,396,1.6342508388333954e-05,0.0,1.6342508388333954e-05,1.6342508388333954e-05,nan,m/day,map,map
example12_mf6_vs_nwt_different_meshes_demonstrative,nwt_demo_structured,mf6_demo_triangular,outflow_drain_map_last,time_index:11,exact_time_key,time_index:11,11,11,,397,2.1228483092272654e-05,0.0,2.1228483092272654e-05,2.1228483092272654e-05,nan,m/day,map,map
example12_mf6_vs_nwt_different_meshes_demonstrative,nwt_demo_structured,mf6_demo_triangular,outflow_drain_map_last,time_index:11,exact_time_key,time_index:11,11,11,,398,2.651713293744251e-05,0.0006604452293492305,-0.000633928096411788,0.000633928096411788,0.9598496109002541,m/day,map,map
example12_mf6_vs_nwt_different_meshes_demonstrative,nwt_demo_structured,mf6_demo_triangular,outflow_drain_map_last,time_index:11,exact_time_key,time_index:11,11,11,,399,3.193513839505613e-05,0.0,3.193513839505613e-05,3.193513839505613e-05,nan,m/day,map,map
example12_mf6_vs_nwt_different_meshes_demonstrative,nwt_demo_structured,mf6_demo_triangular,outflow_drain_map_last,time_index:11,exact_time_key,time_index:11,11,11,,400,4.2510560888331383e-05,0.0,4.2510560888331383e-05,4.2510560888331383e-05,nan,m/day,map,map
example12_mf6_vs_nwt_different_meshes_demonstrative,nwt_demo_structured,mf6_demo_triangular,outflow_drain_map_last,time_index:11,exact_time_key,time_index:11,11,11,,401,5.740111009799875e-05,0.0005778993867009232,-0.0005204982766029245,0.0005204982766029245,0.9006728309132033,m/day,map,map
example12_mf6_vs_nwt_different_meshes_demonstrative,nwt_demo_structured,mf6_demo_triangular,outflow_drain_map_last,time_index:11,exact_time_key,time_index:11,11,11,,402,6.469751679105684e-05,0.0,6.469751679105684e-05,6.469751679105684e-05,nan,m/day,map,map
example12_mf6_vs_nwt_different_meshes_demonstrative,nwt_demo_structured,mf6_demo_triangular,outflow_drain_map_last,time_index:11,exact_time_key,time_index:11,11,11,,403,6.80373195791617e-05,0.0,6.80373195791617e-05,6.80373195791617e-05,nan,m/day,map,map
example12_mf6_vs_nwt_different_meshes_demonstrative,nwt_demo_structured,mf6_demo_triangular,outflow_drain_map_last,time_index:11,exact_time_key,time_index:11,11,11,,404,7.294359238585457e-05,0.0,7.294359238585457e-05,7.294359238585457e-05,nan,m/day,map,map
example12_mf6_vs_nwt_different_meshes_demonstrative,nwt_demo_structured,mf6_demo_triangular,outflow_drain_map_last,time_index:11,exact_time_key,time_index:11,11,11,,405,8.264699863502756e-05,0.0,8.264699863502756e-05,8.264699863502756e-05,nan,m/day,map,map
example12_mf6_vs_nwt_different_meshes_demonstrative,nwt_demo_structured,mf6_demo_triangular,outflow_drain_map_last,time_index:11,exact_time_key,time_index:11,11,11,,406,9.261496597900987e-05,0.0,9.261496597900987e-05,9.261496597900987e-05,nan,m/day,map,map
example12_mf6_vs_nwt_different_meshes_demonstrative,nwt_demo_structured,mf6_demo_triangular,outflow_drain_map_last,time_index:11,exact_time_key,time_index:11,11,11,,407,0.00010228654718957841,0.0,0.00010228654718957841,0.00010228654718957841,nan,m/day,map,map
example12_mf6_vs_nwt_different_meshes_demonstrative,nwt_demo_structured,mf6_demo_triangular,outflow_drain_map_last,time_index:11,exact_time_key,time_index:11,11,11,,408,0.00010829190432559699,0.0,0.00010829190432559699,0.00010829190432559699,nan,m/day,map,map
example12_mf6_vs_nwt_different_meshes_demonstrative,nwt_demo_structured,mf6_demo_triangular,outflow_drain_map_last,time_index:11,exact_time_key,time_index:11,11,11,,409,0.00011085625737905502,0.0,0.00011085625737905502,0.00011085625737905502,nan,m/day,map,map
example12_mf6_vs_nwt_different_meshes_demonstrative,nwt_demo_structured,mf6_demo_triangular,outflow_drain_map_last,time_index:11,exact_time_key,time_index:11,11,11,,411,0.0001170687610283494,0.0,0.0001170687610283494,0.0001170687610283494,nan,m/day,map,map
example12_mf6_vs_nwt_different_meshes_demonstrative,nwt_demo_structured,mf6_demo_triangular,outflow_drain_map_last,time_index:11,exact_time_key,time_index:11,11,11,,412,0.00011486052244435996,0.0012639909146183906,-0.0011491303921740306,0.0011491303921740306,0.9091286803441643,m/day,map,map
example12_mf6_vs_nwt_different_meshes_demonstrative,nwt_demo_structured,mf6_demo_triangular,outflow_drain_map_last,time_index:11,exact_time_key,time_index:11,11,11,,414,9.817409591050819e-05,0.00044412716044194044,-0.00034595306453143225,0.00034595306453143225,0.7789504793788845,m/day,map,map
example12_mf6_vs_nwt_different_meshes_demonstrative,nwt_demo_structured,mf6_demo_triangular,outflow_drain_map_last,time_index:11,exact_time_key,time_index:11,11,11,,415,9.780929394764826e-05,0.0007133350156790235,-0.0006155257217313752,0.0006155257217313752,0.8628844907402399,m/day,map,map
example12_mf6_vs_nwt_different_meshes_demonstrative,nwt_demo_structured,mf6_demo_triangular,outflow_drain_map_last,time_index:11,exact_time_key,time_index:11,11,11,,416,8.819498907541856e-05,0.0,8.819498907541856e-05,8.819498907541856e-05,nan,m/day,map,map
example12_mf6_vs_nwt_different_meshes_demonstrative,nwt_demo_structured,mf6_demo_triangular,outflow_drain_map_last,time_index:11,exact_time_key,time_index:11,11,11,,417,6.481923628598452e-05,0.0,6.481923628598452e-05,6.481923628598452e-05,nan,m/day,map,map
example12_mf6_vs_nwt_different_meshes_demonstrative,nwt_demo_structured,mf6_demo_triangular,outflow_drain_map_last,time_index:11,exact_time_key,time_index:11,11,11,,418,4.58121212432161e-05,0.0,4.58121212432161e-05,4.58121212432161e-05,nan,m/day,map,map
example12_mf6_vs_nwt_different_meshes_demonstrative,nwt_demo_structured,mf6_demo_triangular,outflow_drain_map_last,time_index:11,exact_time_key,time_index:11,11,11,,419,2.8077787646907382e-05,0.0,2.8077787646907382e-05,2.8077787646907382e-05,nan,m/day,map,map
example12_mf6_vs_nwt_different_meshes_demonstrative,nwt_demo_structured,mf6_demo_triangular,outflow_drain_map_last,time_index:11,exact_time_key,time_index:11,11,11,,420,2.6615927708917297e-05,0.0,2.6615927708917297e-05,2.6615927708917297e-05,nan,m/day,map,map
example12_mf6_vs_nwt_different_meshes_demonstrative,nwt_demo_structured,mf6_demo_triangular,outflow_drain_map_last,time_index:11,exact_time_key,time_index:11,11,11,,421,2.5573321181582287e-05,0.0,2.5573321181582287e-05,2.5573321181582287e-05,nan,m/day,map,map
example12_mf6_vs_nwt_different_meshes_demonstrative,nwt_demo_structured,mf6_demo_triangular,outflow_drain_map_last,time_index:11,exact_time_key,time_index:11,11,11,,422,2.0301029508118518e-05,0.0007093048961530845,-0.000689003866644966,0.000689003866644966,0.9713789801561766,m/day,map,map
example12_mf6_vs_nwt_different_meshes_demonstrative,nwt_demo_structured,mf6_demo_triangular,outflow_drain_map_last,time_index:11,exact_time_key,time_index:11,11,11,,424,1.4966693015594501e-05,0.0,1.4966693015594501e-05,1.4966693015594501e-05,nan,m/day,map,map
example12_mf6_vs_nwt_different_meshes_demonstrative,nwt_demo_structured,mf6_demo_triangular,outflow_drain_map_last,time_index:11,exact_time_key,time_index:11,11,11,,425,1.4836139598628506e-05,0.0,1.4836139598628506e-05,1.4836139598628506e-05,nan,m/day,map,map
example12_mf6_vs_nwt_different_meshes_demonstrative,nwt_demo_structured,mf6_demo_triangular,outflow_drain_map_last,time_index:11,exact_time_key,time_index:11,11,11,,426,1.711118056846317e-05,0.0007263255408785875,-0.0007092143603101243,0.0007092143603101243,0.9764414444964101,m/day,map,map
example12_mf6_vs_nwt_different_meshes_demonstrative,nwt_demo_structured,mf6_demo_triangular,outflow_drain_map_last,time_index:11,exact_time_key,time_index:11,11,11,,427,2.1652936993632466e-05,0.0,2.1652936993632466e-05,2.1652936993632466e-05,nan,m/day,map,map
example12_mf6_vs_nwt_different_meshes_demonstrative,nwt_demo_structured,mf6_demo_triangular,outflow_drain_map_last,time_index:11,exact_time_key,time_index:11,11,11,,428,2.5783590899663977e-05,0.000489724264898005,-0.000463940673998341,0.000463940673998341,0.9473507997300605,m/day,map,map
example12_mf6_vs_nwt_different_meshes_demonstrative,nwt_demo_structured,mf6_demo_triangular,outflow_drain_map_last,time_index:11,exact_time_key,time_index:11,11,11,,429,2.9781056582578458e-05,0.0,2.9781056582578458e-05,2.9781056582578458e-05,nan,m/day,map,map
example12_mf6_vs_nwt_different_meshes_demonstrative,nwt_demo_structured,mf6_demo_triangular,outflow_drain_map_last,time_index:11,exact_time_key,time_index:11,11,11,,430,3.390657002455555e-05,0.0,3.390657002455555e-05,3.390657002455555e-05,nan,m/day,map,map
example12_mf6_vs_nwt_different_meshes_demonstrative,nwt_demo_structured,mf6_demo_triangular,outflow_drain_map_last,time_index:11,exact_time_key,time_index:11,11,11,,431,3.518698940752074e-05,0.000668865473909196,-0.0006336784845016753,0.0006336784845016753,0.9473930247858814,m/day,map,map
example12_mf6_vs_nwt_different_meshes_demonstrative,nwt_demo_structured,mf6_demo_triangular,outflow_drain_map_last,time_index:11,exact_time_key,time_index:11,11,11,,432,3.737768201972358e-05,0.0,3.737768201972358e-05,3.737768201972358e-05,nan,m/day,map,map
example12_mf6_vs_nwt_different_meshes_demonstrative,nwt_demo_structured,mf6_demo_triangular,outflow_drain_map_last,time_index:11,exact_time_key,time_index:11,11,11,,433,3.8426318496931344e-05,0.0004828113896807721,-0.00044438507118384077,0.00044438507118384077,0.9204113255854667,m/day,map,map
example12_mf6_vs_nwt_different_meshes_demonstrative,nwt_demo_structured,mf6_demo_triangular,outflow_drain_map_last,time_index:11,exact_time_key,time_index:11,11,11,,434,3.49810034094844e-05,0.0,3.49810034094844e-05,3.49810034094844e-05,nan,m/day,map,map
example12_mf6_vs_nwt_different_meshes_demonstrative,nwt_demo_structured,mf6_demo_triangular,outflow_drain_map_last,time_index:11,exact_time_key,time_index:11,11,11,,436,3.0383094781427644e-05,0.00042128433158120614,-0.0003909012367997785,0.0003909012367997785,0.9278798367188478,m/day,map,map
example12_mf6_vs_nwt_different_meshes_demonstrative,nwt_demo_structured,mf6_demo_triangular,outflow_drain_map_last,time_index:11,exact_time_key,time_index:11,11,11,,437,2.7421234335633926e-05,0.00068380291671455,-0.0006563816823789161,0.0006563816823789161,0.9598989216551108,m/day,map,map
example12_mf6_vs_nwt_different_meshes_demonstrative,nwt_demo_structured,mf6_demo_triangular,outflow_drain_map_last,time_index:11,exact_time_key,time_index:11,11,11,,439,2.0082048649783246e-05,0.0,2.0082048649783246e-05,2.0082048649783246e-05,nan,m/day,map,map
example12_mf6_vs_nwt_different_meshes_demonstrative,nwt_demo_structured,mf6_demo_triangular,outflow_drain_map_last,time_index:11,exact_time_key,time_index:11,11,11,,440,1.636134766158648e-05,0.0,1.636134766158648e-05,1.636134766158648e-05,nan,m/day,map,map
example12_mf6_vs_nwt_different_meshes_demonstrative,nwt_demo_structured,mf6_demo_triangular,outflow_drain_map_last,time_index:11,exact_time_key,time_index:11,11,11,,441,1.3654326721734833e-05,0.0005929611900857461,-0.0005793068633640113,0.0005793068633640113,0.976972646861154,m/day,map,map
example12_mf6_vs_nwt_different_meshes_demonstrative,nwt_demo_structured,mf6_demo_triangular,outflow_drain_map_last,time_index:11,exact_time_key,time_index:11,11,11,,442,1.2369368960207794e-05,0.0003746315800875568,-0.000362262211127349,0.000362262211127349,0.9669825780375565,m/day,map,map
example12_mf6_vs_nwt_different_meshes_demonstrative,nwt_demo_structured,mf6_demo_triangular,outflow_drain_map_last,time_index:11,exact_time_key,time_index:11,11,11,,443,1.2344819879217539e-05,0.0006995674264192141,-0.0006872226065399965,0.0006872226065399965,0.9823536382441284,m/day,map,map
example12_mf6_vs_nwt_different_meshes_demonstrative,nwt_demo_structured,mf6_demo_triangular,outflow_drain_map_last,time_index:11,exact_time_key,time_index:11,11,11,,445,2.0430599761311896e-05,0.000618248123381526,-0.0005978175236202141,0.0005978175236202141,0.9669540448427629,m/day,map,map
example12_mf6_vs_nwt_different_meshes_demonstrative,nwt_demo_structured,mf6_demo_triangular,outflow_drain_map_last,time_index:11,exact_time_key,time_index:11,11,11,,446,2.1227002434898168e-05,0.0,2.1227002434898168e-05,2.1227002434898168e-05,nan,m/day,map,map
example12_mf6_vs_nwt_different_meshes_demonstrative,nwt_demo_structured,mf6_demo_triangular,outflow_drain_map_last,time_index:11,exact_time_key,time_index:11,11,11,,447,2.4137276341207325e-05,0.0,2.4137276341207325e-05,2.4137276341207325e-05,nan,m/day,map,map
example12_mf6_vs_nwt_different_meshes_demonstrative,nwt_demo_structured,mf6_demo_triangular,outflow_drain_map_last,time_index:11,exact_time_key,time_index:11,11,11,,449,2.9269316655700095e-05,0.0,2.9269316655700095e-05,2.9269316655700095e-05,nan,m/day,map,map
example12_mf6_vs_nwt_different_meshes_demonstrative,nwt_demo_structured,mf6_demo_triangular,outflow_drain_map_last,time_index:11,exact_time_key,time_index:11,11,11,,450,3.0700990464538336e-05,0.0,3.0700990464538336e-05,3.0700990464538336e-05,nan,m/day,map,map
example12_mf6_vs_nwt_different_meshes_demonstrative,nwt_demo_structured,mf6_demo_triangular,outflow_drain_map_last,time_index:11,exact_time_key,time_index:11,11,11,,451,2.7527246857061982e-05,0.0004923370702242733,-0.00046480982336721127,0.00046480982336721127,0.9440886162715261,m/day,map,map
example12_mf6_vs_nwt_different_meshes_demonstrative,nwt_demo_structured,mf6_demo_triangular,outflow_drain_map_last,time_index:11,exact_time_key,time_index:11,11,11,,452,2.8299020414124243e-05,0.0005912754569701514,-0.0005629764365560272,0.0005629764365560272,0.9521390240698714,m/day,map,map
example12_mf6_vs_nwt_different_meshes_demonstrative,nwt_demo_structured,mf6_demo_triangular,outflow_drain_map_last,time_index:11,exact_time_key,time_index:11,11,11,,454,1.974916085600853e-05,0.0,1.974916085600853e-05,1.974916085600853e-05,nan,m/day,map,map
example12_mf6_vs_nwt_different_meshes_demonstrative,nwt_demo_structured,mf6_demo_triangular,outflow_drain_map_last,time_index:11,exact_time_key,time_index:11,11,11,,455,1.9524037270457484e-05,0.0,1.9524037270457484e-05,1.9524037270457484e-05,nan,m/day,map,map
example12_mf6_vs_nwt_different_meshes_demonstrative,nwt_demo_structured,mf6_demo_triangular,outflow_drain_map_last,time_index:11,exact_time_key,time_index:11,11,11,,456,2.1232208382571116e-05,0.0,2.1232208382571116e-05,2.1232208382571116e-05,nan,m/day,map,map
example12_mf6_vs_nwt_different_meshes_demonstrative,nwt_demo_structured,mf6_demo_triangular,outflow_drain_map_last,time_index:11,exact_time_key,time_index:11,11,11,,457,2.7259611670160666e-05,0.0005928729987566507,-0.00056561338708649,0.00056561338708649,0.9540211618216238,m/day,map,map
example12_mf6_vs_nwt_different_meshes_demonstrative,nwt_demo_structured,mf6_demo_triangular,outflow_drain_map_last,time_index:11,exact_time_key,time_index:11,11,11,,458,3.3336127671645954e-05,0.0,3.3336127671645954e-05,3.3336127671645954e-05,nan,m/day,map,map
example12_mf6_vs_nwt_different_meshes_demonstrative,nwt_demo_structured,mf6_demo_triangular,outflow_drain_map_last,time_index:11,exact_time_key,time_index:11,11,11,,459,3.761404877877794e-05,0.0007605154853747766,-0.0007229014365959987,0.0007229014365959987,0.9505413768659267,m/day,map,map
example12_mf6_vs_nwt_different_meshes_demonstrative,nwt_demo_structured,mf6_demo_triangular,outflow_drain_map_last,time_index:11,exact_time_key,time_index:11,11,11,,461,5.984426388749853e-05,0.000810199525657663,-0.0007503552617701644,0.0007503552617701644,0.9261363874054096,m/day,map,map
example12_mf6_vs_nwt_different_meshes_demonstrative,nwt_demo_structured,mf6_demo_triangular,outflow_drain_map_last,time_index:11,exact_time_key,time_index:11,11,11,,462,6.817889516241848e-05,0.0,6.817889516241848e-05,6.817889516241848e-05,nan,m/day,map,map
example12_mf6_vs_nwt_different_meshes_demonstrative,nwt_demo_structured,mf6_demo_triangular,outflow_drain_map_last,time_index:11,exact_time_key,time_index:11,11,11,,463,7.443283539032564e-05,0.0006573968859853881,-0.0005829640505950625,0.0005829640505950625,0.8867764101456664,m/day,map,map
example12_mf6_vs_nwt_different_meshes_demonstrative,nwt_demo_structured,mf6_demo_triangular,outflow_drain_map_last,time_index:11,exact_time_key,time_index:11,11,11,,464,7.981024100445211e-05,0.0,7.981024100445211e-05,7.981024100445211e-05,nan,m/day,map,map
example12_mf6_vs_nwt_different_meshes_demonstrative,nwt_demo_structured,mf6_demo_triangular,outflow_drain_map_last,time_index:11,exact_time_key,time_index:11,11,11,,466,9.273510659113526e-05,0.0,9.273510659113526e-05,9.273510659113526e-05,nan,m/day,map,map
example12_mf6_vs_nwt_different_meshes_demonstrative,nwt_demo_structured,mf6_demo_triangular,outflow_drain_map_last,time_index:11,exact_time_key,time_index:11,11,11,,467,9.481660526944324e-05,0.0005672816988474033,-0.0004724650935779601,0.0004724650935779601,0.8328579866720703,m/day,map,map
example12_mf6_vs_nwt_different_meshes_demonstrative,nwt_demo_structured,mf6_demo_triangular,outflow_drain_map_last,time_index:11,exact_time_key,time_index:11,11,11,,468,9.859502461040393e-05,0.0007398437949472929,-0.000641248770336889,0.000641248770336889,0.8667353496998269,m/day,map,map
example12_mf6_vs_nwt_different_meshes_demonstrative,nwt_demo_structured,mf6_demo_triangular,outflow_drain_map_last,time_index:11,exact_time_key,time_index:11,11,11,,470,0.00010809166269609705,0.0003821367330238603,-0.00027404507032776325,0.00027404507032776325,0.7171387795128612,m/day,map,map
example12_mf6_vs_nwt_different_meshes_demonstrative,nwt_demo_structured,mf6_demo_triangular,outflow_drain_map_last,time_index:11,exact_time_key,time_index:11,11,11,,472,9.804164437809959e-05,0.0007243902669307771,-0.0006263486225526775,0.0006263486225526775,0.8646563201442511,m/day,map,map
example12_mf6_vs_nwt_different_meshes_demonstrative,nwt_demo_structured,mf6_demo_triangular,outflow_drain_map_last,time_index:11,exact_time_key,time_index:11,11,11,,473,9.165651863440871e-05,0.0005507433616624728,-0.00045908684302806407,0.00045908684302806407,0.8335767164623927,m/day,map,map
example12_mf6_vs_nwt_different_meshes_demonstrative,nwt_demo_structured,mf6_demo_triangular,outflow_drain_map_last,time_index:11,exact_time_key,time_index:11,11,11,,474,8.678375888848677e-05,0.0006744947391772484,-0.0005877109802887616,0.0005877109802887616,0.8713351582336343,m/day,map,map
example12_mf6_vs_nwt_different_meshes_demonstrative,nwt_demo_structured,mf6_demo_triangular,outflow_drain_map_last,time_index:11,exact_time_key,time_index:11,11,11,,475,8.807179983705282e-05,0.0004900419043074406,-0.00040197010447038783,0.00040197010447038783,0.8202770027156725,m/day,map,map
example12_mf6_vs_nwt_different_meshes_demonstrative,nwt_demo_structured,mf6_demo_triangular,outflow_drain_map_last,time_index:11,exact_time_key,time_index:11,11,11,,476,8.291323320008814e-05,0.0,8.291323320008814e-05,8.291323320008814e-05,nan,m/day,map,map
example12_mf6_vs_nwt_different_meshes_demonstrative,nwt_demo_structured,mf6_demo_triangular,outflow_drain_map_last,time_index:11,exact_time_key,time_index:11,11,11,,477,6.520657188957557e-05,0.0,6.520657188957557e-05,6.520657188957557e-05,nan,m/day,map,map
example12_mf6_vs_nwt_different_meshes_demonstrative,nwt_demo_structured,mf6_demo_triangular,outflow_drain_map_last,time_index:11,exact_time_key,time_index:11,11,11,,478,3.948125595343299e-05,0.0007401627949365224,-0.0007006815389830894,0.0007006815389830894,0.9466586861383394,m/day,map,map
example12_mf6_vs_nwt_different_meshes_demonstrative,nwt_demo_structured,mf6_demo_triangular,outflow_drain_map_last,time_index:11,exact_time_key,time_index:11,11,11,,480,1.461346255382523e-05,0.0,1.461346255382523e-05,1.461346255382523e-05,nan,m/day,map,map
example12_mf6_vs_nwt_different_meshes_demonstrative,nwt_demo_structured,mf6_demo_triangular,outflow_drain_map_last,time_index:11,exact_time_key,time_index:11,11,11,,481,1.598514791112393e-05,0.0,1.598514791112393e-05,1.598514791112393e-05,nan,m/day,map,map
example12_mf6_vs_nwt_different_meshes_demonstrative,nwt_demo_structured,mf6_demo_triangular,outflow_drain_map_last,time_index:11,exact_time_key,time_index:11,11,11,,482,1.2012897059321404e-05,0.0005491122584734115,-0.0005370993614140901,0.0005370993614140901,0.9781230579468059,m/day,map,map
example12_mf6_vs_nwt_different_meshes_demonstrative,nwt_demo_structured,mf6_demo_triangular,outflow_drain_map_last,time_index:11,exact_time_key,time_index:11,11,11,,483,1.1869075024151243e-05,0.0007074476402903125,-0.0006955785652661612,0.0006955785652661612,0.9832226805940287,m/day,map,map
example12_mf6_vs_nwt_different_meshes_demonstrative,nwt_demo_structured,mf6_demo_triangular,outflow_drain_map_last,time_index:11,exact_time_key,time_index:11,11,11,,484,1.1098816685262136e-05,0.0008313783642537151,-0.000820279547568453,0.000820279547568453,0.9866501016114065,m/day,map,map
example12_mf6_vs_nwt_different_meshes_demonstrative,nwt_demo_structured,mf6_demo_triangular,outflow_drain_map_last,time_index:11,exact_time_key,time_index:11,11,11,,485,1.3794262486044317e-05,0.0005637492249466001,-0.0005499549624605558,0.0005499549624605558,0.9755312080697743,m/day,map,map
example12_mf6_vs_nwt_different_meshes_demonstrative,nwt_demo_structured,mf6_demo_triangular,outflow_drain_map_last,time_index:11,exact_time_key,time_index:11,11,11,,486,1.8460228602634743e-05,0.00042607552413764186,-0.0004076152955350071,0.0004076152955350071,0.9566738111981499,m/day,map,map
example12_mf6_vs_nwt_different_meshes_demonstrative,nwt_demo_structured,mf6_demo_triangular,outflow_drain_map_last,time_index:11,exact_time_key,time_index:11,11,11,,487,2.3205615434562787e-05,0.0007030004122699357,-0.0006797947968353729,0.0006797947968353729,0.9669906090671646,m/day,map,map
example12_mf6_vs_nwt_different_meshes_demonstrative,nwt_demo_structured,mf6_demo_triangular,outflow_drain_map_last,time_index:11,exact_time_key,time_index:11,11,11,,488,2.7600573957897723e-05,0.0006153056784178094,-0.0005877051044599116,0.0005877051044599116,0.9551433134359014,m/day,map,map
example12_mf6_vs_nwt_different_meshes_demonstrative,nwt_demo_structured,mf6_demo_triangular,outflow_drain_map_last,time_index:11,exact_time_key,time_index:11,11,11,,489,3.2433516025776044e-05,0.00042363289380810973,-0.0003911993777823337,0.0003911993777823337,0.9234395711479684,m/day,map,map
example12_mf6_vs_nwt_different_meshes_demonstrative,nwt_demo_structured,mf6_demo_triangular,outflow_drain_map_last,time_index:11,exact_time_key,time_index:11,11,11,,490,3.746878428501077e-05,0.0004250695614530925,-0.0003876007771680817,0.0003876007771680817,0.9118525820646286,m/day,map,map
example12_mf6_vs_nwt_different_meshes_demonstrative,nwt_demo_structured,mf6_demo_triangular,outflow_drain_map_last,time_index:11,exact_time_key,time_index:11,11,11,,491,3.649608697742224e-05,0.0005341065416733163,-0.0004976104546958941,0.0004976104546958941,0.9316689009966388,m/day,map,map
example12_mf6_vs_nwt_different_meshes_demonstrative,nwt_demo_structured,mf6_demo_triangular,outflow_drain_map_last,time_index:11,exact_time_key,time_index:11,11,11,,492,3.6225359508534893e-05,0.0,3.6225359508534893e-05,3.6225359508534893e-05,nan,m/day,map,map
example12_mf6_vs_nwt_different_meshes_demonstrative,nwt_demo_structured,mf6_demo_triangular,outflow_drain_map_last,time_index:11,exact_time_key,time_index:11,11,11,,493,3.7733319913968444e-05,0.0,3.7733319913968444e-05,3.7733319913968444e-05,nan,m/day,map,map
example12_mf6_vs_nwt_different_meshes_demonstrative,nwt_demo_structured,mf6_demo_triangular,outflow_drain_map_last,time_index:11,exact_time_key,time_index:11,11,11,,494,3.4240962122567e-05,0.0,3.4240962122567e-05,3.4240962122567e-05,nan,m/day,map,map
example12_mf6_vs_nwt_different_meshes_demonstrative,nwt_demo_structured,mf6_demo_triangular,outflow_drain_map_last,time_index:11,exact_time_key,time_index:11,11,11,,495,3.429553544265218e-05,0.0,3.429553544265218e-05,3.429553544265218e-05,nan,m/day,map,map
example12_mf6_vs_nwt_different_meshes_demonstrative,nwt_demo_structured,mf6_demo_triangular,outflow_drain_map_last,time_index:11,exact_time_key,time_index:11,11,11,,497,2.9834314773324877e-05,0.0,2.9834314773324877e-05,2.9834314773324877e-05,nan,m/day,map,map
example12_mf6_vs_nwt_different_meshes_demonstrative,nwt_demo_structured,mf6_demo_triangular,outflow_drain_map_last,time_index:11,exact_time_key,time_index:11,11,11,,498,2.2797614292358048e-05,0.0,2.2797614292358048e-05,2.2797614292358048e-05,nan,m/day,map,map
example12_mf6_vs_nwt_different_meshes_demonstrative,nwt_demo_structured,mf6_demo_triangular,outflow_drain_map_last,time_index:11,exact_time_key,time_index:11,11,11,,499,1.610893741599284e-05,0.0007811346309970725,-0.0007650256935810796,0.0007650256935810796,0.9793775147372089,m/day,map,map
example12_mf6_vs_nwt_different_meshes_demonstrative,nwt_demo_structured,mf6_demo_triangular,outflow_drain_map_last,time_index:11,exact_time_key,time_index:11,11,11,,501,1.0539052709646057e-05,0.0,1.0539052709646057e-05,1.0539052709646057e-05,nan,m/day,map,map
example12_mf6_vs_nwt_different_meshes_demonstrative,nwt_demo_structured,mf6_demo_triangular,outflow_drain_map_last,time_index:11,exact_time_key,time_index:11,11,11,,502,9.833422154770233e-06,0.0006089926382752638,-0.0005991592161204936,0.0005991592161204936,0.9838529704026971,m/day,map,map
example12_mf6_vs_nwt_different_meshes_demonstrative,nwt_demo_structured,mf6_demo_triangular,outflow_drain_map_last,time_index:11,exact_time_key,time_index:11,11,11,,503,1.180860726890387e-05,0.00043963488607995935,-0.0004278262788110555,0.0004278262788110555,0.9731399676349702,m/day,map,map
example12_mf6_vs_nwt_different_meshes_demonstrative,nwt_demo_structured,mf6_demo_triangular,outflow_drain_map_last,time_index:11,exact_time_key,time_index:11,11,11,,504,1.33345629365067e-05,0.0007579452039872931,-0.0007446106410507864,0.0007446106410507864,0.9824069565103677,m/day,map,map
example12_mf6_vs_nwt_different_meshes_demonstrative,nwt_demo_structured,mf6_demo_triangular,outflow_drain_map_last,time_index:11,exact_time_key,time_index:11,11,11,,505,1.7017615391523577e-05,0.0011471214535073424,-0.0011301038381158189,0.0011301038381158189,0.9851649401730811,m/day,map,map
example12_mf6_vs_nwt_different_meshes_demonstrative,nwt_demo_structured,mf6_demo_triangular,outflow_drain_map_last,time_index:11,exact_time_key,time_index:11,11,11,,507,2.1718029529438354e-05,0.0,2.1718029529438354e-05,2.1718029529438354e-05,nan,m/day,map,map
example12_mf6_vs_nwt_different_meshes_demonstrative,nwt_demo_structured,mf6_demo_triangular,outflow_drain_map_last,time_index:11,exact_time_key,time_index:11,11,11,,508,2.591753946035169e-05,0.0007691199087447569,-0.0007432023692844052,0.0007432023692844052,0.9663023422412113,m/day,map,map
example12_mf6_vs_nwt_different_meshes_demonstrative,nwt_demo_structured,mf6_demo_triangular,outflow_drain_map_last,time_index:11,exact_time_key,time_index:11,11,11,,509,2.767954720184207e-05,0.0,2.767954720184207e-05,2.767954720184207e-05,nan,m/day,map,map
example12_mf6_vs_nwt_different_meshes_demonstrative,nwt_demo_structured,mf6_demo_triangular,outflow_drain_map_last,time_index:11,exact_time_key,time_index:11,11,11,,510,2.5520927010802552e-05,0.0,2.5520927010802552e-05,2.5520927010802552e-05,nan,m/day,map,map
example12_mf6_vs_nwt_different_meshes_demonstrative,nwt_demo_structured,mf6_demo_triangular,outflow_drain_map_last,time_index:11,exact_time_key,time_index:11,11,11,,511,1.98447160073556e-05,0.0,1.98447160073556e-05,1.98447160073556e-05,nan,m/day,map,map
example12_mf6_vs_nwt_different_meshes_demonstrative,nwt_demo_structured,mf6_demo_triangular,outflow_drain_map_last,time_index:11,exact_time_key,time_index:11,11,11,,512,2.0910425519105047e-05,0.00039054214136353873,-0.0003696317158444337,0.0003696317158444337,0.9464579534334031,m/day,map,map
example12_mf6_vs_nwt_different_meshes_demonstrative,nwt_demo_structured,mf6_demo_triangular,outflow_drain_map_last,time_index:11,exact_time_key,time_index:11,11,11,,513,1.9667411834234372e-05,0.0,1.9667411834234372e-05,1.9667411834234372e-05,nan,m/day,map,map
example12_mf6_vs_nwt_different_meshes_demonstrative,nwt_demo_structured,mf6_demo_triangular,outflow_drain_map_last,time_index:11,exact_time_key,time_index:11,11,11,,514,1.756783967721276e-05,0.0,1.756783967721276e-05,1.756783967721276e-05,nan,m/day,map,map
example12_mf6_vs_nwt_different_meshes_demonstrative,nwt_demo_structured,mf6_demo_triangular,outflow_drain_map_last,time_index:11,exact_time_key,time_index:11,11,11,,515,1.9889354007318616e-05,0.000698779265384824,-0.0006788899113775054,0.0006788899113775054,0.9715370003195997,m/day,map,map
example12_mf6_vs_nwt_different_meshes_demonstrative,nwt_demo_structured,mf6_demo_triangular,outflow_drain_map_last,time_index:11,exact_time_key,time_index:11,11,11,,516,2.5524190277792513e-05,0.0011819374264135118,-0.0011564132361357193,0.0011564132361357193,0.9784047871677577,m/day,map,map
example12_mf6_vs_nwt_different_meshes_demonstrative,nwt_demo_structured,mf6_demo_triangular,outflow_drain_map_last,time_index:11,exact_time_key,time_index:11,11,11,,517,3.0110441002761945e-05,0.0009706451305189273,-0.0009405346895161653,0.0009405346895161653,0.9689789398246255,m/day,map,map
example12_mf6_vs_nwt_different_meshes_demonstrative,nwt_demo_structured,mf6_demo_triangular,outflow_drain_map_last,time_index:11,exact_time_key,time_index:11,11,11,,519,4.098400677321479e-05,0.0006155040518895146,-0.0005745200451162998,0.0005745200451162998,0.9334139123091076,m/day,map,map
example12_mf6_vs_nwt_different_meshes_demonstrative,nwt_demo_structured,mf6_demo_triangular,outflow_drain_map_last,time_index:11,exact_time_key,time_index:11,11,11,,520,5.049435276305303e-05,0.0007120775233759842,-0.0006615831706129312,0.0006615831706129312,0.9290886861255534,m/day,map,map
example12_mf6_vs_nwt_different_meshes_demonstrative,nwt_demo_structured,mf6_demo_triangular,outflow_drain_map_last,time_index:11,exact_time_key,time_index:11,11,11,,521,5.081196650280617e-05,0.0012251743763111392,-0.001174362409808333,0.001174362409808333,0.9585267473061302,m/day,map,map
example12_mf6_vs_nwt_different_meshes_demonstrative,nwt_demo_structured,mf6_demo_triangular,outflow_drain_map_last,time_index:11,exact_time_key,time_index:11,11,11,,522,6.111987750045955e-05,0.0,6.111987750045955e-05,6.111987750045955e-05,nan,m/day,map,map
example12_mf6_vs_nwt_different_meshes_demonstrative,nwt_demo_structured,mf6_demo_triangular,outflow_drain_map_last,time_index:11,exact_time_key,time_index:11,11,11,,523,7.349041698034853e-05,0.0,7.349041698034853e-05,7.349041698034853e-05,nan,m/day,map,map
example12_mf6_vs_nwt_different_meshes_demonstrative,nwt_demo_structured,mf6_demo_triangular,outflow_drain_map_last,time_index:11,exact_time_key,time_index:11,11,11,,524,8.062344568315893e-05,0.0004905393698309657,-0.00040991592414780674,0.00040991592414780674,0.8356432721986395,m/day,map,map
example12_mf6_vs_nwt_different_meshes_demonstrative,nwt_demo_structured,mf6_demo_triangular,outflow_drain_map_last,time_index:11,exact_time_key,time_index:11,11,11,,525,8.42994122649543e-05,0.0,8.42994122649543e-05,8.42994122649543e-05,nan,m/day,map,map
example12_mf6_vs_nwt_different_meshes_demonstrative,nwt_demo_structured,mf6_demo_triangular,outflow_drain_map_last,time_index:11,exact_time_key,time_index:11,11,11,,526,8.363412052858621e-05,0.0004916699708194133,-0.00040803585029082707,0.00040803585029082707,0.8298978471489682,m/day,map,map
example12_mf6_vs_nwt_different_meshes_demonstrative,nwt_demo_structured,mf6_demo_triangular,outflow_drain_map_last,time_index:11,exact_time_key,time_index:11,11,11,,528,8.395623444812372e-05,0.0007512526261689288,-0.000667296391720805,0.000667296391720805,0.8882450037129785,m/day,map,map
example12_mf6_vs_nwt_different_meshes_demonstrative,nwt_demo_structured,mf6_demo_triangular,outflow_drain_map_last,time_index:11,exact_time_key,time_index:11,11,11,,530,0.00010469566768733785,0.0,0.00010469566768733785,0.00010469566768733785,nan,m/day,map,map
example12_mf6_vs_nwt_different_meshes_demonstrative,nwt_demo_structured,mf6_demo_triangular,outflow_drain_map_last,time_index:11,exact_time_key,time_index:11,11,11,,531,0.00010736942203948274,0.0005163935983263316,-0.00040902417628684885,0.00040902417628684885,0.7920783247749882,m/day,map,map
example12_mf6_vs_nwt_different_meshes_demonstrative,nwt_demo_structured,mf6_demo_triangular,outflow_drain_map_last,time_index:11,exact_time_key,time_index:11,11,11,,532,9.169553959509358e-05,0.0,9.169553959509358e-05,9.169553959509358e-05,nan,m/day,map,map
example12_mf6_vs_nwt_different_meshes_demonstrative,nwt_demo_structured,mf6_demo_triangular,outflow_drain_map_last,time_index:11,exact_time_key,time_index:11,11,11,,533,7.63498101150617e-05,0.0,7.63498101150617e-05,7.63498101150617e-05,nan,m/day,map,map
example12_mf6_vs_nwt_different_meshes_demonstrative,nwt_demo_structured,mf6_demo_triangular,outflow_drain_map_last,time_index:11,exact_time_key,time_index:11,11,11,,534,8.106220775516704e-05,0.0,8.106220775516704e-05,8.106220775516704e-05,nan,m/day,map,map
example12_mf6_vs_nwt_different_meshes_demonstrative,nwt_demo_structured,mf6_demo_triangular,outflow_drain_map_last,time_index:11,exact_time_key,time_index:11,11,11,,535,8.872736361809075e-05,0.0,8.872736361809075e-05,8.872736361809075e-05,nan,m/day,map,map
example12_mf6_vs_nwt_different_meshes_demonstrative,nwt_demo_structured,mf6_demo_triangular,outflow_drain_map_last,time_index:11,exact_time_key,time_index:11,11,11,,536,8.0614656326361e-05,0.0,8.0614656326361e-05,8.0614656326361e-05,nan,m/day,map,map
example12_mf6_vs_nwt_different_meshes_demonstrative,nwt_demo_structured,mf6_demo_triangular,outflow_drain_map_last,time_index:11,exact_time_key,time_index:11,11,11,,538,3.486805871943943e-05,0.0004824045031394013,-0.0004475364444199619,0.0004475364444199619,0.9277202876579211,m/day,map,map
example12_mf6_vs_nwt_different_meshes_demonstrative,nwt_demo_structured,mf6_demo_triangular,outflow_drain_map_last,time_index:11,exact_time_key,time_index:11,11,11,,539,1.8497226847102866e-05,0.0005191666818576924,-0.0005006694550105896,0.0005006694550105896,0.9643713136965651,m/day,map,map
example12_mf6_vs_nwt_different_meshes_demonstrative,nwt_demo_structured,mf6_demo_triangular,outflow_drain_map_last,time_index:11,exact_time_key,time_index:11,11,11,,540,7.994523912202567e-06,0.000640875478113893,-0.0006328809542016905,0.0006328809542016905,0.9875256205218983,m/day,map,map
example12_mf6_vs_nwt_different_meshes_demonstrative,nwt_demo_structured,mf6_demo_triangular,outflow_drain_map_last,time_index:11,exact_time_key,time_index:11,11,11,,542,4.8038727982202545e-06,0.0006221765934531181,-0.0006173727206548979,0.0006173727206548979,0.9922789239441515,m/day,map,map
example12_mf6_vs_nwt_different_meshes_demonstrative,nwt_demo_structured,mf6_demo_triangular,outflow_drain_map_last,time_index:11,exact_time_key,time_index:11,11,11,,543,6.018198291712906e-06,0.0,6.018198291712906e-06,6.018198291712906e-06,nan,m/day,map,map
example12_mf6_vs_nwt_different_meshes_demonstrative,nwt_demo_structured,mf6_demo_triangular,outflow_drain_map_last,time_index:11,exact_time_key,time_index:11,11,11,,544,6.894594207551563e-06,0.000840372049282701,-0.0008334774550751494,0.0008334774550751494,0.9917957835301204,m/day,map,map
example12_mf6_vs_nwt_different_meshes_demonstrative,nwt_demo_structured,mf6_demo_triangular,outflow_drain_map_last,time_index:11,exact_time_key,time_index:11,11,11,,546,2.1767949874629267e-05,0.0,2.1767949874629267e-05,2.1767949874629267e-05,nan,m/day,map,map
example12_mf6_vs_nwt_different_meshes_demonstrative,nwt_demo_structured,mf6_demo_triangular,outflow_drain_map_last,time_index:11,exact_time_key,time_index:11,11,11,,547,2.7874064471689053e-05,0.00047208662912285454,-0.0004442125646511655,0.0004442125646511655,0.9409556154482079,m/day,map,map
example12_mf6_vs_nwt_different_meshes_demonstrative,nwt_demo_structured,mf6_demo_triangular,outflow_drain_map_last,time_index:11,exact_time_key,time_index:11,11,11,,548,2.9579918191302568e-05,0.0003803402274376185,-0.00035076030924631593,0.00035076030924631593,0.9222277422754234,m/day,map,map
example12_mf6_vs_nwt_different_meshes_demonstrative,nwt_demo_structured,mf6_demo_triangular,outflow_drain_map_last,time_index:11,exact_time_key,time_index:11,11,11,,549,3.237596683902666e-05,0.0014972262697856343,-0.0014648503029466076,0.0014648503029466076,0.9783760360792614,m/day,map,map
example12_mf6_vs_nwt_different_meshes_demonstrative,nwt_demo_structured,mf6_demo_triangular,outflow_drain_map_last,time_index:11,exact_time_key,time_index:11,11,11,,550,3.567786916391924e-05,0.0,3.567786916391924e-05,3.567786916391924e-05,nan,m/day,map,map
example12_mf6_vs_nwt_different_meshes_demonstrative,nwt_demo_structured,mf6_demo_triangular,outflow_drain_map_last,time_index:11,exact_time_key,time_index:11,11,11,,551,3.3558750146767125e-05,0.0004064069897929596,-0.0003728482396461925,0.0003728482396461925,0.9174257554874651,m/day,map,map
example12_mf6_vs_nwt_different_meshes_demonstrative,nwt_demo_structured,mf6_demo_triangular,outflow_drain_map_last,time_index:11,exact_time_key,time_index:11,11,11,,552,3.0049006454646587e-05,0.0,3.0049006454646587e-05,3.0049006454646587e-05,nan,m/day,map,map
example12_mf6_vs_nwt_different_meshes_demonstrative,nwt_demo_structured,mf6_demo_triangular,outflow_drain_map_last,time_index:11,exact_time_key,time_index:11,11,11,,553,3.037815258721821e-05,0.0,3.037815258721821e-05,3.037815258721821e-05,nan,m/day,map,map
example12_mf6_vs_nwt_different_meshes_demonstrative,nwt_demo_structured,mf6_demo_triangular,outflow_drain_map_last,time_index:11,exact_time_key,time_index:11,11,11,,555,3.327123704366386e-05,0.00040574028650608874,-0.0003724690494624249,0.0003724690494624249,0.9179986849958401,m/day,map,map
example12_mf6_vs_nwt_different_meshes_demonstrative,nwt_demo_structured,mf6_demo_triangular,outflow_drain_map_last,time_index:11,exact_time_key,time_index:11,11,11,,556,3.2317180739482865e-05,0.001236110337550837,-0.0012037931568113541,0.0012037931568113541,0.9738557475350345,m/day,map,map
example12_mf6_vs_nwt_different_meshes_demonstrative,nwt_demo_structured,mf6_demo_triangular,outflow_drain_map_last,time_index:11,exact_time_key,time_index:11,11,11,,557,3.0103150493232533e-05,0.0,3.0103150493232533e-05,3.0103150493232533e-05,nan,m/day,map,map
example12_mf6_vs_nwt_different_meshes_demonstrative,nwt_demo_structured,mf6_demo_triangular,outflow_drain_map_last,time_index:11,exact_time_key,time_index:11,11,11,,558,2.368399509578012e-05,0.0,2.368399509578012e-05,2.368399509578012e-05,nan,m/day,map,map
example12_mf6_vs_nwt_different_meshes_demonstrative,nwt_demo_structured,mf6_demo_triangular,outflow_drain_map_last,time_index:11,exact_time_key,time_index:11,11,11,,559,1.8048924175673164e-05,0.00043269405480475054,-0.0004146451306290774,0.0004146451306290774,0.95828709922114,m/day,map,map
example12_mf6_vs_nwt_different_meshes_demonstrative,nwt_demo_structured,mf6_demo_triangular,outflow_drain_map_last,time_index:11,exact_time_key,time_index:11,11,11,,560,1.5190473277471028e-05,0.0005824475869759807,-0.0005672571136985096,0.0005672571136985096,0.9739195875866896,m/day,map,map
example12_mf6_vs_nwt_different_meshes_demonstrative,nwt_demo_structured,mf6_demo_triangular,outflow_drain_map_last,time_index:11,exact_time_key,time_index:11,11,11,,561,1.3075783499516547e-05,0.0,1.3075783499516547e-05,1.3075783499516547e-05,nan,m/day,map,map
example12_mf6_vs_nwt_different_meshes_demonstrative,nwt_demo_structured,mf6_demo_triangular,outflow_drain_map_last,time_index:11,exact_time_key,time_index:11,11,11,,562,1.203122974402504e-05,0.0,1.203122974402504e-05,1.203122974402504e-05,nan,m/day,map,map
example12_mf6_vs_nwt_different_meshes_demonstrative,nwt_demo_structured,mf6_demo_triangular,outflow_drain_map_last,time_index:11,exact_time_key,time_index:11,11,11,,563,1.0954062418022659e-05,0.0007868925610643464,-0.0007759384986463238,0.0007759384986463238,0.9860793417551105,m/day,map,map
example12_mf6_vs_nwt_different_meshes_demonstrative,nwt_demo_structured,mf6_demo_triangular,outflow_drain_map_last,time_index:11,exact_time_key,time_index:11,11,11,,564,1.372707265545614e-05,0.0,1.372707265545614e-05,1.372707265545614e-05,nan,m/day,map,map
example12_mf6_vs_nwt_different_meshes_demonstrative,nwt_demo_structured,mf6_demo_triangular,outflow_drain_map_last,time_index:11,exact_time_key,time_index:11,11,11,,565,1.6869777027750388e-05,0.0004114966278007692,-0.0003946268507730188,0.0003946268507730188,0.9590038510937249,m/day,map,map
example12_mf6_vs_nwt_different_meshes_demonstrative,nwt_demo_structured,mf6_demo_triangular,outflow_drain_map_last,time_index:11,exact_time_key,time_index:11,11,11,,566,1.7986520106205717e-05,0.0003879909493743226,-0.0003700044292681169,0.0003700044292681169,0.9536419080516931,m/day,map,map
example12_mf6_vs_nwt_different_meshes_demonstrative,nwt_demo_structured,mf6_demo_triangular,outflow_drain_map_last,time_index:11,exact_time_key,time_index:11,11,11,,567,2.3862221496528946e-05,0.00040507472491918897,-0.00038121250342266,0.00038121250342266,0.9410918034906044,m/day,map,map
example12_mf6_vs_nwt_different_meshes_demonstrative,nwt_demo_structured,mf6_demo_triangular,outflow_drain_map_last,time_index:11,exact_time_key,time_index:11,11,11,,568,2.764762939477805e-05,0.0005628270997060803,-0.0005351794703113023,0.0005351794703113023,0.9508772242679568,m/day,map,map
example12_mf6_vs_nwt_different_meshes_demonstrative,nwt_demo_structured,mf6_demo_triangular,outflow_drain_map_last,time_index:11,exact_time_key,time_index:11,11,11,,569,2.6703597541199997e-05,0.0004800319803535042,-0.00045332838281230423,0.00045332838281230423,0.9443712114315072,m/day,map,map
example12_mf6_vs_nwt_different_meshes_demonstrative,nwt_demo_structured,mf6_demo_triangular,outflow_drain_map_last,time_index:11,exact_time_key,time_index:11,11,11,,570,2.257558844576124e-05,0.0,2.257558844576124e-05,2.257558844576124e-05,nan,m/day,map,map
example12_mf6_vs_nwt_different_meshes_demonstrative,nwt_demo_structured,mf6_demo_triangular,outflow_drain_map_last,time_index:11,exact_time_key,time_index:11,11,11,,571,1.8836975868907757e-05,0.0005603879120258952,-0.0005415509361569875,0.0005415509361569875,0.9663858276299913,m/day,map,map
example12_mf6_vs_nwt_different_meshes_demonstrative,nwt_demo_structured,mf6_demo_triangular,outflow_drain_map_last,time_index:11,exact_time_key,time_index:11,11,11,,572,1.913085361593403e-05,0.0003998254812152169,-0.00038069462759928287,0.00038069462759928287,0.9521519900187744,m/day,map,map
example12_mf6_vs_nwt_different_meshes_demonstrative,nwt_demo_structured,mf6_demo_triangular,outflow_drain_map_last,time_index:11,exact_time_key,time_index:11,11,11,,573,1.7126521925092675e-05,0.0,1.7126521925092675e-05,1.7126521925092675e-05,nan,m/day,map,map
example12_mf6_vs_nwt_different_meshes_demonstrative,nwt_demo_structured,mf6_demo_triangular,outflow_drain_map_last,time_index:11,exact_time_key,time_index:11,11,11,,574,1.6462827261420898e-05,0.0,1.6462827261420898e-05,1.6462827261420898e-05,nan,m/day,map,map
example12_mf6_vs_nwt_different_meshes_demonstrative,nwt_demo_structured,mf6_demo_triangular,outflow_drain_map_last,time_index:11,exact_time_key,time_index:11,11,11,,575,1.890436942630913e-05,0.0,1.890436942630913e-05,1.890436942630913e-05,nan,m/day,map,map
example12_mf6_vs_nwt_different_meshes_demonstrative,nwt_demo_structured,mf6_demo_triangular,outflow_drain_map_last,time_index:11,exact_time_key,time_index:11,11,11,,576,2.3358648832072504e-05,0.0007483386693405061,-0.0007249800205084336,0.0007249800205084336,0.9687859925070317,m/day,map,map
example12_mf6_vs_nwt_different_meshes_demonstrative,nwt_demo_structured,mf6_demo_triangular,outflow_drain_map_last,time_index:11,exact_time_key,time_index:11,11,11,,577,2.7633730496745557e-05,0.0,2.7633730496745557e-05,2.7633730496745557e-05,nan,m/day,map,map
example12_mf6_vs_nwt_different_meshes_demonstrative,nwt_demo_structured,mf6_demo_triangular,outflow_drain_map_last,time_index:11,exact_time_key,time_index:11,11,11,,578,3.3098742278525606e-05,0.0,3.3098742278525606e-05,3.3098742278525606e-05,nan,m/day,map,map
example12_mf6_vs_nwt_different_meshes_demonstrative,nwt_demo_structured,mf6_demo_triangular,outflow_drain_map_last,time_index:11,exact_time_key,time_index:11,11,11,,579,4.2347241105744615e-05,0.00040448145662130364,-0.000362134215515559,0.000362134215515559,0.895304864011622,m/day,map,map
example12_mf6_vs_nwt_different_meshes_demonstrative,nwt_demo_structured,mf6_demo_triangular,outflow_drain_map_last,time_index:11,exact_time_key,time_index:11,11,11,,580,4.961285594617948e-05,0.0007509277267321265,-0.000701314870785947,0.000701314870785947,0.9339312503986451,m/day,map,map
example12_mf6_vs_nwt_different_meshes_demonstrative,nwt_demo_structured,mf6_demo_triangular,outflow_drain_map_last,time_index:11,exact_time_key,time_index:11,11,11,,581,4.714293754659593e-05,0.0,4.714293754659593e-05,4.714293754659593e-05,nan,m/day,map,map
example12_mf6_vs_nwt_different_meshes_demonstrative,nwt_demo_structured,mf6_demo_triangular,outflow_drain_map_last,time_index:11,exact_time_key,time_index:11,11,11,,582,5.629242514260113e-05,0.0,5.629242514260113e-05,5.629242514260113e-05,nan,m/day,map,map
example12_mf6_vs_nwt_different_meshes_demonstrative,nwt_demo_structured,mf6_demo_triangular,outflow_drain_map_last,time_index:11,exact_time_key,time_index:11,11,11,,583,7.095019100233912e-05,0.0004967569862365543,-0.0004258067952342152,0.0004258067952342152,0.857173239696416,m/day,map,map
example12_mf6_vs_nwt_different_meshes_demonstrative,nwt_demo_structured,mf6_demo_triangular,outflow_drain_map_last,time_index:11,exact_time_key,time_index:11,11,11,,584,7.702347647864372e-05,0.0005899866004316209,-0.0005129631239529772,0.0005129631239529772,0.8694487698156279,m/day,map,map
example12_mf6_vs_nwt_different_meshes_demonstrative,nwt_demo_structured,mf6_demo_triangular,outflow_drain_map_last,time_index:11,exact_time_key,time_index:11,11,11,,586,6.873133679619059e-05,0.00047589179171227125,-0.00040716045491608066,0.00040716045491608066,0.8555736030896994,m/day,map,map
example12_mf6_vs_nwt_different_meshes_demonstrative,nwt_demo_structured,mf6_demo_triangular,outflow_drain_map_last,time_index:11,exact_time_key,time_index:11,11,11,,587,6.965520151425153e-05,0.0,6.965520151425153e-05,6.965520151425153e-05,nan,m/day,map,map
example12_mf6_vs_nwt_different_meshes_demonstrative,nwt_demo_structured,mf6_demo_triangular,outflow_drain_map_last,time_index:11,exact_time_key,time_index:11,11,11,,588,7.34244822524488e-05,0.0008544970089159176,-0.0007810725266634688,0.0007810725266634688,0.9140728621793529,m/day,map,map
example12_mf6_vs_nwt_different_meshes_demonstrative,nwt_demo_structured,mf6_demo_triangular,outflow_drain_map_last,time_index:11,exact_time_key,time_index:11,11,11,,589,8.460212120553479e-05,0.0007617194149189678,-0.000677117293713433,0.000677117293713433,0.8889326968060348,m/day,map,map
example12_mf6_vs_nwt_different_meshes_demonstrative,nwt_demo_structured,mf6_demo_triangular,outflow_drain_map_last,time_index:11,exact_time_key,time_index:11,11,11,,591,0.00010096793994307518,0.0006406607471813553,-0.0005396928072382802,0.0005396928072382802,0.8424003025200268,m/day,map,map
example12_mf6_vs_nwt_different_meshes_demonstrative,nwt_demo_structured,mf6_demo_triangular,outflow_drain_map_last,time_index:11,exact_time_key,time_index:11,11,11,,592,8.546438039047644e-05,0.0005944599953162624,-0.000508995614925786,0.000508995614925786,0.8562319061604675,m/day,map,map
example12_mf6_vs_nwt_different_meshes_demonstrative,nwt_demo_structured,mf6_demo_triangular,outflow_drain_map_last,time_index:11,exact_time_key,time_index:11,11,11,,593,6.922390457475558e-05,0.0005665547988915084,-0.0004973308943167529,0.0004973308943167529,0.8778160476088183,m/day,map,map
example12_mf6_vs_nwt_different_meshes_demonstrative,nwt_demo_structured,mf6_demo_triangular,outflow_drain_map_last,time_index:11,exact_time_key,time_index:11,11,11,,594,7.557201024610549e-05,0.0,7.557201024610549e-05,7.557201024610549e-05,nan,m/day,map,map
example12_mf6_vs_nwt_different_meshes_demonstrative,nwt_demo_structured,mf6_demo_triangular,outflow_drain_map_last,time_index:11,exact_time_key,time_index:11,11,11,,595,8.836705819703639e-05,0.0006513000055783434,-0.000562932947381307,0.000562932947381307,0.864322036787689,m/day,map,map
example12_mf6_vs_nwt_different_meshes_demonstrative,nwt_demo_structured,mf6_demo_triangular,outflow_drain_map_last,time_index:11,exact_time_key,time_index:11,11,11,,596,7.994293264346197e-05,0.0006215819870701873,-0.0005416390544267253,0.0005416390544267253,0.8713879515391506,m/day,map,map
example12_mf6_vs_nwt_different_meshes_demonstrative,nwt_demo_structured,mf6_demo_triangular,outflow_drain_map_last,time_index:11,exact_time_key,time_index:11,11,11,,597,5.679141031578183e-05,0.0,5.679141031578183e-05,5.679141031578183e-05,nan,m/day,map,map
example12_mf6_vs_nwt_different_meshes_demonstrative,nwt_demo_structured,mf6_demo_triangular,outflow_drain_map_last,time_index:11,exact_time_key,time_index:11,11,11,,598,3.351324630784802e-05,0.0005581452962252066,-0.0005246320499173586,0.0005246320499173586,0.9399560534962822,m/day,map,map
example12_mf6_vs_nwt_different_meshes_demonstrative,nwt_demo_structured,mf6_demo_triangular,outflow_drain_map_last,time_index:11,exact_time_key,time_index:11,11,11,,599,1.8400147382635623e-05,0.0,1.8400147382635623e-05,1.8400147382635623e-05,nan,m/day,map,map
example12_mf6_vs_nwt_different_meshes_demonstrative,nwt_demo_structured,mf6_demo_triangular,outflow_drain_map_last,time_index:11,exact_time_key,time_index:11,11,11,,600,2.705418637560797e-06,0.0,2.705418637560797e-06,2.705418637560797e-06,nan,m/day,map,map
example12_mf6_vs_nwt_different_meshes_demonstrative,nwt_demo_structured,mf6_demo_triangular,outflow_drain_map_last,time_index:11,exact_time_key,time_index:11,11,11,,601,5.152728590473998e-06,0.0005909630143474728,-0.0005858102857569988,0.0005858102857569988,0.9912807934415938,m/day,map,map
example12_mf6_vs_nwt_different_meshes_demonstrative,nwt_demo_structured,mf6_demo_triangular,outflow_drain_map_last,time_index:11,exact_time_key,time_index:11,11,11,,602,4.383087798487395e-06,0.000583203525272013,-0.0005788204374735256,0.0005788204374735256,0.9924844627843374,m/day,map,map
example12_mf6_vs_nwt_different_meshes_demonstrative,nwt_demo_structured,mf6_demo_triangular,outflow_drain_map_last,time_index:11,exact_time_key,time_index:11,11,11,,603,1.001423970592441e-05,0.0005413228652760334,-0.000531308625570109,0.000531308625570109,0.9815004309843481,m/day,map,map
example12_mf6_vs_nwt_different_meshes_demonstrative,nwt_demo_structured,mf6_demo_triangular,outflow_drain_map_last,time_index:11,exact_time_key,time_index:11,11,11,,604,1.5042412087495904e-05,0.0004638702842894001,-0.0004488278722019042,0.0004488278722019042,0.9675719428535086,m/day,map,map
example12_mf6_vs_nwt_different_meshes_demonstrative,nwt_demo_structured,mf6_demo_triangular,outflow_drain_map_last,time_index:11,exact_time_key,time_index:11,11,11,,605,1.3437916095426772e-05,0.0,1.3437916095426772e-05,1.3437916095426772e-05,nan,m/day,map,map
example12_mf6_vs_nwt_different_meshes_demonstrative,nwt_demo_structured,mf6_demo_triangular,outflow_drain_map_last,time_index:11,exact_time_key,time_index:11,11,11,,606,2.034173667198047e-05,0.00039251802060233766,-0.0003721762839303572,0.0003721762839303572,0.9481762986556258,m/day,map,map
example12_mf6_vs_nwt_different_meshes_demonstrative,nwt_demo_structured,mf6_demo_triangular,outflow_drain_map_last,time_index:11,exact_time_key,time_index:11,11,11,,607,2.7469845008454286e-05,0.000661389784822618,-0.0006339199398141637,0.0006339199398141637,0.9584664812810473,m/day,map,map
example12_mf6_vs_nwt_different_meshes_demonstrative,nwt_demo_structured,mf6_demo_triangular,outflow_drain_map_last,time_index:11,exact_time_key,time_index:11,11,11,,608,3.0973500543041155e-05,0.0004745962620803907,-0.0004436227615373495,0.0004436227615373495,0.9347371586803719,m/day,map,map
example12_mf6_vs_nwt_different_meshes_demonstrative,nwt_demo_structured,mf6_demo_triangular,outflow_drain_map_last,time_index:11,exact_time_key,time_index:11,11,11,,609,3.342385025462136e-05,0.0,3.342385025462136e-05,3.342385025462136e-05,nan,m/day,map,map
example12_mf6_vs_nwt_different_meshes_demonstrative,nwt_demo_structured,mf6_demo_triangular,outflow_drain_map_last,time_index:11,exact_time_key,time_index:11,11,11,,610,3.513287811074406e-05,0.0005298362307168559,-0.0004947033526061118,0.0004947033526061118,0.9336910613620928,m/day,map,map
example12_mf6_vs_nwt_different_meshes_demonstrative,nwt_demo_structured,mf6_demo_triangular,outflow_drain_map_last,time_index:11,exact_time_key,time_index:11,11,11,,611,3.360871414770372e-05,0.0003909021502720494,-0.0003572934361243457,0.0003572934361243457,0.9140226930849226,m/day,map,map
example12_mf6_vs_nwt_different_meshes_demonstrative,nwt_demo_structured,mf6_demo_triangular,outflow_drain_map_last,time_index:11,exact_time_key,time_index:11,11,11,,613,2.7438456527306698e-05,0.0003977162670826895,-0.0003702778105553828,0.0003702778105553828,0.9310099716851613,m/day,map,map
example12_mf6_vs_nwt_different_meshes_demonstrative,nwt_demo_structured,mf6_demo_triangular,outflow_drain_map_last,time_index:11,exact_time_key,time_index:11,11,11,,614,2.5947478206944652e-05,0.00041029122538001773,-0.0003843437471730731,0.0003843437471730731,0.936758388671579,m/day,map,map
example12_mf6_vs_nwt_different_meshes_demonstrative,nwt_demo_structured,mf6_demo_triangular,outflow_drain_map_last,time_index:11,exact_time_key,time_index:11,11,11,,615,2.70974724116968e-05,0.0,2.70974724116968e-05,2.70974724116968e-05,nan,m/day,map,map
example12_mf6_vs_nwt_different_meshes_demonstrative,nwt_demo_structured,mf6_demo_triangular,outflow_drain_map_last,time_index:11,exact_time_key,time_index:11,11,11,,616,2.5037799787241966e-05,0.0005739461713889539,-0.0005489083716017119,0.0005489083716017119,0.9563760487736153,m/day,map,map
example12_mf6_vs_nwt_different_meshes_demonstrative,nwt_demo_structured,mf6_demo_triangular,outflow_drain_map_last,time_index:11,exact_time_key,time_index:11,11,11,,617,2.4037890398176387e-05,0.000394952891952557,-0.00037091500155438063,0.00037091500155438063,0.9391373227340138,m/day,map,map
example12_mf6_vs_nwt_different_meshes_demonstrative,nwt_demo_structured,mf6_demo_triangular,outflow_drain_map_last,time_index:11,exact_time_key,time_index:11,11,11,,618,2.0926348952343687e-05,0.0005667110661453437,-0.000545784717193,0.000545784717193,0.9630740421310624,m/day,map,map
example12_mf6_vs_nwt_different_meshes_demonstrative,nwt_demo_structured,mf6_demo_triangular,outflow_drain_map_last,time_index:11,exact_time_key,time_index:11,11,11,,619,1.8033601008937694e-05,0.0,1.8033601008937694e-05,1.8033601008937694e-05,nan,m/day,map,map
example12_mf6_vs_nwt_different_meshes_demonstrative,nwt_demo_structured,mf6_demo_triangular,outflow_drain_map_last,time_index:11,exact_time_key,time_index:11,11,11,,620,1.7907417714013718e-05,0.0,1.7907417714013718e-05,1.7907417714013718e-05,nan,m/day,map,map
example12_mf6_vs_nwt_different_meshes_demonstrative,nwt_demo_structured,mf6_demo_triangular,outflow_drain_map_last,time_index:11,exact_time_key,time_index:11,11,11,,621,1.8759887097985484e-05,0.0004424979184687347,-0.0004237380313707492,0.0004237380313707492,0.9576045754906506,m/day,map,map
example12_mf6_vs_nwt_different_meshes_demonstrative,nwt_demo_structured,mf6_demo_triangular,outflow_drain_map_last,time_index:11,exact_time_key,time_index:11,11,11,,622,1.972151585505344e-05,0.0,1.972151585505344e-05,1.972151585505344e-05,nan,m/day,map,map
example12_mf6_vs_nwt_different_meshes_demonstrative,nwt_demo_structured,mf6_demo_triangular,outflow_drain_map_last,time_index:11,exact_time_key,time_index:11,11,11,,623,1.4282833944889717e-05,0.0005323527060707841,-0.0005180698721258944,0.0005180698721258944,0.9731703553264354,m/day,map,map
example12_mf6_vs_nwt_different_meshes_demonstrative,nwt_demo_structured,mf6_demo_triangular,outflow_drain_map_last,time_index:11,exact_time_key,time_index:11,11,11,,624,1.0337977982999291e-05,0.0004712021309548472,-0.00046086415297184793,0.00046086415297184793,0.9780604175918085,m/day,map,map
example12_mf6_vs_nwt_different_meshes_demonstrative,nwt_demo_structured,mf6_demo_triangular,outflow_drain_map_last,time_index:11,exact_time_key,time_index:11,11,11,,625,1.254997550859116e-05,0.0008244768734890968,-0.0008119268979805056,0.0008119268979805056,0.9847782564773697,m/day,map,map
example12_mf6_vs_nwt_different_meshes_demonstrative,nwt_demo_structured,mf6_demo_triangular,outflow_drain_map_last,time_index:11,exact_time_key,time_index:11,11,11,,626,1.463521857658634e-05,0.0007830857844634553,-0.000768450565886869,0.000768450565886869,0.9813108360961834,m/day,map,map
example12_mf6_vs_nwt_different_meshes_demonstrative,nwt_demo_structured,mf6_demo_triangular,outflow_drain_map_last,time_index:11,exact_time_key,time_index:11,11,11,,627,2.270500044687651e-05,0.0,2.270500044687651e-05,2.270500044687651e-05,nan,m/day,map,map
example12_mf6_vs_nwt_different_meshes_demonstrative,nwt_demo_structured,mf6_demo_triangular,outflow_drain_map_last,time_index:11,exact_time_key,time_index:11,11,11,,628,2.7458456315798685e-05,0.00045483636236568186,-0.0004273779060498832,0.0004273779060498832,0.9396300327155407,m/day,map,map
example12_mf6_vs_nwt_different_meshes_demonstrative,nwt_demo_structured,mf6_demo_triangular,outflow_drain_map_last,time_index:11,exact_time_key,time_index:11,11,11,,629,2.5807217753026634e-05,0.0,2.5807217753026634e-05,2.5807217753026634e-05,nan,m/day,map,map
example12_mf6_vs_nwt_different_meshes_demonstrative,nwt_demo_structured,mf6_demo_triangular,outflow_drain_map_last,time_index:11,exact_time_key,time_index:11,11,11,,630,2.2132957383291796e-05,0.0004410045516967274,-0.0004188715943134356,0.0004188715943134356,0.9498124060213503,m/day,map,map
example12_mf6_vs_nwt_different_meshes_demonstrative,nwt_demo_structured,mf6_demo_triangular,outflow_drain_map_last,time_index:11,exact_time_key,time_index:11,11,11,,631,2.0988067262806e-05,0.0,2.0988067262806e-05,2.0988067262806e-05,nan,m/day,map,map
example12_mf6_vs_nwt_different_meshes_demonstrative,nwt_demo_structured,mf6_demo_triangular,outflow_drain_map_last,time_index:11,exact_time_key,time_index:11,11,11,,632,2.0938048692187294e-05,0.0004761186184022892,-0.0004551805697101019,0.0004551805697101019,0.9560234616271696,m/day,map,map
example12_mf6_vs_nwt_different_meshes_demonstrative,nwt_demo_structured,mf6_demo_triangular,outflow_drain_map_last,time_index:11,exact_time_key,time_index:11,11,11,,633,1.9971830624854192e-05,0.00041053735009111787,-0.0003905655194662637,0.0003905655194662637,0.9513519765730901,m/day,map,map
example12_mf6_vs_nwt_different_meshes_demonstrative,nwt_demo_structured,mf6_demo_triangular,outflow_drain_map_last,time_index:11,exact_time_key,time_index:11,11,11,,634,1.960360532393679e-05,0.0,1.960360532393679e-05,1.960360532393679e-05,nan,m/day,map,map
example12_mf6_vs_nwt_different_meshes_demonstrative,nwt_demo_structured,mf6_demo_triangular,outflow_drain_map_last,time_index:11,exact_time_key,time_index:11,11,11,,635,2.0565981685649604e-05,0.00046104872131565037,-0.00044048273963000076,0.00044048273963000076,0.9553930403993695,m/day,map,map
example12_mf6_vs_nwt_different_meshes_demonstrative,nwt_demo_structured,mf6_demo_triangular,outflow_drain_map_last,time_index:11,exact_time_key,time_index:11,11,11,,636,2.2644479031441733e-05,0.0003911566431192134,-0.0003685121640877717,0.0003685121640877717,0.9421089238038575,m/day,map,map
example12_mf6_vs_nwt_different_meshes_demonstrative,nwt_demo_structured,mf6_demo_triangular,outflow_drain_map_last,time_index:11,exact_time_key,time_index:11,11,11,,637,2.531032259867061e-05,0.0003919919234666924,-0.0003666816008680218,0.0003666816008680218,0.9354315201832947,m/day,map,map
example12_mf6_vs_nwt_different_meshes_demonstrative,nwt_demo_structured,mf6_demo_triangular,outflow_drain_map_last,time_index:11,exact_time_key,time_index:11,11,11,,638,3.3000924304360524e-05,0.00042053707714234797,-0.00038753615283798745,0.00038753615283798745,0.9215267188125008,m/day,map,map
example12_mf6_vs_nwt_different_meshes_demonstrative,nwt_demo_structured,mf6_demo_triangular,outflow_drain_map_last,time_index:11,exact_time_key,time_index:11,11,11,,639,4.271430225344375e-05,0.0004242998373219374,-0.0003815855350684937,0.0003815855350684937,0.8993299113121406,m/day,map,map
example12_mf6_vs_nwt_different_meshes_demonstrative,nwt_demo_structured,mf6_demo_triangular,outflow_drain_map_last,time_index:11,exact_time_key,time_index:11,11,11,,640,4.702624210040085e-05,0.00042304921394058833,-0.0003760229718401875,0.0003760229718401875,0.8888397837633022,m/day,map,map
example12_mf6_vs_nwt_different_meshes_demonstrative,nwt_demo_structured,mf6_demo_triangular,outflow_drain_map_last,time_index:11,exact_time_key,time_index:11,11,11,,641,5.010745007894002e-05,0.00042842250172670784,-0.0003783150516477678,0.0003783150516477678,0.8830419740396742,m/day,map,map
example12_mf6_vs_nwt_different_meshes_demonstrative,nwt_demo_structured,mf6_demo_triangular,outflow_drain_map_last,time_index:11,exact_time_key,time_index:11,11,11,,642,5.984094968880527e-05,0.0004164880954695173,-0.000356647145780712,0.000356647145780712,0.8563201437454171,m/day,map,map
example12_mf6_vs_nwt_different_meshes_demonstrative,nwt_demo_structured,mf6_demo_triangular,outflow_drain_map_last,time_index:11,exact_time_key,time_index:11,11,11,,643,6.471810775110498e-05,0.0004018193047491199,-0.00033710119699801493,0.00033710119699801493,0.8389372860233472,m/day,map,map
example12_mf6_vs_nwt_different_meshes_demonstrative,nwt_demo_structured,mf6_demo_triangular,outflow_drain_map_last,time_index:11,exact_time_key,time_index:11,11,11,,644,6.275129999266937e-05,0.00037221362495181353,-0.00030946232495914416,0.00030946232495914416,0.8314105239946735,m/day,map,map
example12_mf6_vs_nwt_different_meshes_demonstrative,nwt_demo_structured,mf6_demo_triangular,outflow_drain_map_last,time_index:11,exact_time_key,time_index:11,11,11,,645,5.6588236475363374e-05,0.00038654429285084205,-0.0003299560563754787,0.0003299560563754787,0.8536047808182247,m/day,map,map
example12_mf6_vs_nwt_different_meshes_demonstrative,nwt_demo_structured,mf6_demo_triangular,outflow_drain_map_last,time_index:11,exact_time_key,time_index:11,11,11,,646,5.534116644412279e-05,0.0003740868274094149,-0.0003187456609652921,0.0003187456609652921,0.8520633115382186,m/day,map,map
example12_mf6_vs_nwt_different_meshes_demonstrative,nwt_demo_structured,mf6_demo_triangular,outflow_drain_map_last,time_index:11,exact_time_key,time_index:11,11,11,,647,6.0107293393230066e-05,0.00037040806963497446,-0.0003103007762417444,0.0003103007762417444,0.8377268253025267,m/day,map,map
example12_mf6_vs_nwt_different_meshes_demonstrative,nwt_demo_structured,mf6_demo_triangular,outflow_drain_map_last,time_index:11,exact_time_key,time_index:11,11,11,,648,6.963003397686407e-05,0.00036316261067350806,-0.000293532576696644,0.000293532576696644,0.8082676136518273,m/day,map,map
example12_mf6_vs_nwt_different_meshes_demonstrative,nwt_demo_structured,mf6_demo_triangular,outflow_drain_map_last,time_index:11,exact_time_key,time_index:11,11,11,,649,7.820537575753406e-05,0.0003582458345071948,-0.0002800404587496607,0.0002800404587496607,0.7816991344362346,m/day,map,map
example12_mf6_vs_nwt_different_meshes_demonstrative,nwt_demo_structured,mf6_demo_triangular,outflow_drain_map_last,time_index:11,exact_time_key,time_index:11,11,11,,650,8.850453014019877e-05,0.00035668710491572157,-0.0002681825747755228,0.0002681825747755228,0.7518706762300512,m/day,map,map
example12_mf6_vs_nwt_different_meshes_demonstrative,nwt_demo_structured,mf6_demo_triangular,outflow_drain_map_last,time_index:11,exact_time_key,time_index:11,11,11,,651,9.129226964432746e-05,0.0003511848137767652,-0.00025989254413243774,0.00025989254413243774,0.7400449391232546,m/day,map,map
example12_mf6_vs_nwt_different_meshes_demonstrative,nwt_demo_structured,mf6_demo_triangular,outflow_drain_map_last,time_index:11,exact_time_key,time_index:11,11,11,,652,8.177772542694584e-05,0.0005014961055258621,-0.00041971838009891623,0.00041971838009891623,0.8369324815769111,m/day,map,map
example12_mf6_vs_nwt_different_meshes_demonstrative,nwt_demo_structured,mf6_demo_triangular,outflow_drain_map_last,time_index:11,exact_time_key,time_index:11,11,11,,653,6.0547423345269635e-05,0.0003779277673118071,-0.00031738034396653746,0.00031738034396653746,0.8397910167439078,m/day,map,map
example12_mf6_vs_nwt_different_meshes_demonstrative,nwt_demo_structured,mf6_demo_triangular,outflow_drain_map_last,time_index:11,exact_time_key,time_index:11,11,11,,654,6.688479334115982e-05,0.0003688147894902764,-0.0003019299961491166,0.0003019299961491166,0.8186493729451617,m/day,map,map
example12_mf6_vs_nwt_different_meshes_demonstrative,nwt_demo_structured,mf6_demo_triangular,outflow_drain_map_last,time_index:11,exact_time_key,time_index:11,11,11,,655,7.709839701419696e-05,0.00036040460262985567,-0.0002833062056156587,0.0002833062056156587,0.7860782119550818,m/day,map,map
example12_mf6_vs_nwt_different_meshes_demonstrative,nwt_demo_structured,mf6_demo_triangular,outflow_drain_map_last,time_index:11,exact_time_key,time_index:11,11,11,,656,6.67242711642757e-05,0.00036304080190369993,-0.0002963165307394242,0.0002963165307394242,0.8162072394772448,m/day,map,map
example12_mf6_vs_nwt_different_meshes_demonstrative,nwt_demo_structured,mf6_demo_triangular,outflow_drain_map_last,time_index:11,exact_time_key,time_index:11,11,11,,657,4.898408951703459e-05,0.0003551830160387344,-0.0003061989265216998,0.0003061989265216998,0.8620877482731533,m/day,map,map
example12_mf6_vs_nwt_different_meshes_demonstrative,nwt_demo_structured,mf6_demo_triangular,outflow_drain_map_last,time_index:11,exact_time_key,time_index:11,11,11,,658,3.0119890652713366e-05,0.00035992777986867995,-0.0003298078892159666,0.0003298078892159666,0.9163168492754223,m/day,map,map
example12_mf6_vs_nwt_different_meshes_demonstrative,nwt_demo_structured,mf6_demo_triangular,outflow_drain_map_last,time_index:11,exact_time_key,time_index:11,11,11,,659,1.6670719560352154e-05,0.0003625992307817829,-0.00034592851122143076,0.00034592851122143076,0.9540243934759343,m/day,map,map
example12_mf6_vs_nwt_different_meshes_demonstrative,nwt_demo_structured,mf6_demo_triangular,outflow_drain_map_last,time_index:11,exact_time_key,time_index:11,11,11,,660,3.903632659785217e-06,0.0003555130973986716,-0.0003516094647388864,0.0003516094647388864,0.9890197219501939,m/day,map,map
example12_mf6_vs_nwt_different_meshes_demonstrative,nwt_demo_structured,mf6_demo_triangular,outflow_drain_map_last,time_index:11,exact_time_key,time_index:11,11,11,,661,9.04295939108124e-06,0.00039400911947909487,-0.00038496616008801363,0.00038496616008801363,0.9770488576431007,m/day,map,map
example12_mf6_vs_nwt_different_meshes_demonstrative,nwt_demo_structured,mf6_demo_triangular,outflow_drain_map_last,time_index:11,exact_time_key,time_index:11,11,11,,662,1.2036557563988026e-05,0.00040748274532759155,-0.00039544618776360353,0.00039544618776360353,0.9704611846709942,m/day,map,map
example12_mf6_vs_nwt_different_meshes_demonstrative,nwt_demo_structured,mf6_demo_triangular,outflow_drain_map_last,time_index:11,exact_time_key,time_index:11,11,11,,663,1.458700808143476e-05,0.0004507874174735733,-0.00043620040939213855,0.00043620040939213855,0.9676410487160727,m/day,map,map
example12_mf6_vs_nwt_different_meshes_demonstrative,nwt_demo_structured,mf6_demo_triangular,outflow_drain_map_last,time_index:11,exact_time_key,time_index:11,11,11,,664,1.6485882952110842e-05,0.00046976104825851694,-0.0004532751653064061,0.0004532751653064061,0.964905811128388,m/day,map,map
example12_mf6_vs_nwt_different_meshes_demonstrative,nwt_demo_structured,mf6_demo_triangular,outflow_drain_map_last,time_index:11,exact_time_key,time_index:11,11,11,,665,2.079479418171104e-05,0.0003674587353973075,-0.00034666394121559644,0.00034666394121559644,0.9434091717557699,m/day,map,map
example12_mf6_vs_nwt_different_meshes_demonstrative,nwt_demo_structured,mf6_demo_triangular,outflow_drain_map_last,time_index:11,exact_time_key,time_index:11,11,11,,666,2.564041642472148e-05,0.00036726401192317595,-0.00034162359549845447,0.00034162359549845447,0.9301853282861678,m/day,map,map
example12_mf6_vs_nwt_different_meshes_demonstrative,nwt_demo_structured,mf6_demo_triangular,outflow_drain_map_last,time_index:11,exact_time_key,time_index:11,11,11,,667,2.8203878173371777e-05,0.00035978508188228746,-0.0003315812037089157,0.0003315812037089157,0.9216090950024455,m/day,map,map
example12_mf6_vs_nwt_different_meshes_demonstrative,nwt_demo_structured,mf6_demo_triangular,outflow_drain_map_last,time_index:11,exact_time_key,time_index:11,11,11,,668,2.7855507141794078e-05,0.0003678355006674636,-0.0003399799935256695,0.0003399799935256695,0.9242718359395755,m/day,map,map
