comparison_id,simulation_id,reference_simulation,observable,comparison_time_key,reference_match_strategy,reference_match_key,time,time_index,elapsed_seconds,value_index,value,reference_value,signed_error,absolute_error,relative_error,unit,selection,reference_selection
example12_map_simulation_comparison,boussinesq_reused_gmsh,mf6_gmsh_existing,head_outlet_lowland,time_index:0,exact_time_key,time_index:0,0,0,,0,106.47634256940385,106.51730624346636,-0.040963674062510336,0.040963674062510336,0.00038457294412684226,m,nearest_cell,nearest_cell
example12_map_simulation_comparison,boussinesq_reused_gmsh,mf6_gmsh_existing,head_outlet_lowland,time_index:1,exact_time_key,time_index:1,1,1,,0,106.47634256940385,106.525611150807,-0.04926858140314039,0.04926858140314039,0.0004625045645914339,m,nearest_cell,nearest_cell
example12_map_simulation_comparison,boussinesq_reused_gmsh,mf6_gmsh_existing,head_outlet_lowland,time_index:2,exact_time_key,time_index:2,2,2,,0,106.47634256940385,106.5126744036353,-0.036331834231447147,0.036331834231447147,0.00034110338919634837,m,nearest_cell,nearest_cell
example12_map_simulation_comparison,boussinesq_reused_gmsh,mf6_gmsh_existing,head_outlet_lowland,time_index:3,exact_time_key,time_index:3,3,3,,0,106.47634256940385,106.50905440498597,-0.032711835582119875,0.032711835582119875,0.00030712727443563283,m,nearest_cell,nearest_cell
example12_map_simulation_comparison,boussinesq_reused_gmsh,mf6_gmsh_existing,head_mid_basin_response,time_index:0,exact_time_key,time_index:0,0,0,,0,107.98514144451723,108.00990317768238,-0.024761733165149735,0.024761733165149735,0.0002292542853632161,m,nearest_cell,nearest_cell
example12_map_simulation_comparison,boussinesq_reused_gmsh,mf6_gmsh_existing,head_mid_basin_response,time_index:1,exact_time_key,time_index:1,1,1,,0,107.98514144451723,108.01831763140545,-0.033176186888226766,0.033176186888226766,0.0003071348232013295,m,nearest_cell,nearest_cell
example12_map_simulation_comparison,boussinesq_reused_gmsh,mf6_gmsh_existing,head_mid_basin_response,time_index:2,exact_time_key,time_index:2,2,2,,0,107.98514144451723,108.00574519716801,-0.020603752650785623,0.020603752650785623,0.0001907653395027533,m,nearest_cell,nearest_cell
example12_map_simulation_comparison,boussinesq_reused_gmsh,mf6_gmsh_existing,head_mid_basin_response,time_index:3,exact_time_key,time_index:3,3,3,,0,107.98514144451723,108.00270552085975,-0.01756407634252355,0.01756407634252355,0.00016262626253498073,m,nearest_cell,nearest_cell
example12_map_simulation_comparison,boussinesq_reused_gmsh,mf6_gmsh_existing,head_upstream_ridge,time_index:0,exact_time_key,time_index:0,0,0,,0,103.90862585386135,103.92086378397488,-0.01223793011352825,0.01223793011352825,0.00011776201301567127,m,nearest_cell,nearest_cell
example12_map_simulation_comparison,boussinesq_reused_gmsh,mf6_gmsh_existing,head_upstream_ridge,time_index:1,exact_time_key,time_index:1,1,1,,0,103.90862585386135,103.92918289907435,-0.020557045212996172,0.020557045212996172,0.00019779858399309388,m,nearest_cell,nearest_cell
example12_map_simulation_comparison,boussinesq_reused_gmsh,mf6_gmsh_existing,head_upstream_ridge,time_index:2,exact_time_key,time_index:2,2,2,,0,103.90862585386135,103.91679529495248,-0.008169441091126828,0.008169441091126828,7.861521391165956e-05,m,nearest_cell,nearest_cell
example12_map_simulation_comparison,boussinesq_reused_gmsh,mf6_gmsh_existing,head_upstream_ridge,time_index:3,exact_time_key,time_index:3,3,3,,0,103.90862585386135,103.91418664269234,-0.005560788830990759,0.005560788830990759,5.3513278702853765e-05,m,nearest_cell,nearest_cell
example12_map_simulation_comparison,boussinesq_reused_gmsh,mf6_gmsh_existing,watertable_elevation_map,time_index:3,fallback_time_key,time_selector:last,3,3,,0,119.65412115716697,120.66403898624344,-1.0099178290764712,1.0099178290764712,0.00836966703221006,m,map,map
example12_map_simulation_comparison,boussinesq_reused_gmsh,mf6_gmsh_existing,watertable_elevation_map,time_index:3,fallback_time_key,time_selector:last,3,3,,1,123.21403415305409,123.25871709690308,-0.04468294384899707,0.04468294384899707,0.00036251345869410924,m,map,map
example12_map_simulation_comparison,boussinesq_reused_gmsh,mf6_gmsh_existing,watertable_elevation_map,time_index:3,fallback_time_key,time_selector:last,3,3,,2,107.7280636663706,108.39796056754587,-0.6698969011752638,0.6698969011752638,0.006179976981742492,m,map,map
example12_map_simulation_comparison,boussinesq_reused_gmsh,mf6_gmsh_existing,watertable_elevation_map,time_index:3,fallback_time_key,time_selector:last,3,3,,3,128.38525115079594,128.38996964862275,-0.0047184978268148825,0.0047184978268148825,3.6751296380304875e-05,m,map,map
example12_map_simulation_comparison,boussinesq_reused_gmsh,mf6_gmsh_existing,watertable_elevation_map,time_index:3,fallback_time_key,time_selector:last,3,3,,4,120.79733539625742,122.45698110602332,-1.659645709765897,1.659645709765897,0.013552887673500418,m,map,map
example12_map_simulation_comparison,boussinesq_reused_gmsh,mf6_gmsh_existing,watertable_elevation_map,time_index:3,fallback_time_key,time_selector:last,3,3,,5,113.72659383531976,115.9729646568068,-2.2463708214870337,2.2463708214870337,0.019369780087407532,m,map,map
example12_map_simulation_comparison,boussinesq_reused_gmsh,mf6_gmsh_existing,watertable_elevation_map,time_index:3,fallback_time_key,time_selector:last,3,3,,6,114.74105678898317,114.92379029967235,-0.1827335106891752,0.1827335106891752,0.0015900407584250743,m,map,map
example12_map_simulation_comparison,boussinesq_reused_gmsh,mf6_gmsh_existing,watertable_elevation_map,time_index:3,fallback_time_key,time_selector:last,3,3,,7,110.07955609684937,110.09941320956597,-0.019857112716593406,0.019857112716593406,0.00018035620842771325,m,map,map
example12_map_simulation_comparison,boussinesq_reused_gmsh,mf6_gmsh_existing,watertable_elevation_map,time_index:3,fallback_time_key,time_selector:last,3,3,,8,123.75702867257725,124.99439639957079,-1.23736772699354,1.23736772699354,0.009899385593559207,m,map,map
example12_map_simulation_comparison,boussinesq_reused_gmsh,mf6_gmsh_existing,watertable_elevation_map,time_index:3,fallback_time_key,time_selector:last,3,3,,9,127.37906244751936,128.17721555663238,-0.7981531091130165,0.7981531091130165,0.006226949974275027,m,map,map
example12_map_simulation_comparison,boussinesq_reused_gmsh,mf6_gmsh_existing,watertable_elevation_map,time_index:3,fallback_time_key,time_selector:last,3,3,,10,125.35619621307866,126.04064653004029,-0.6844503169616303,0.6844503169616303,0.0054303935738579355,m,map,map
example12_map_simulation_comparison,boussinesq_reused_gmsh,mf6_gmsh_existing,watertable_elevation_map,time_index:3,fallback_time_key,time_selector:last,3,3,,11,115.02655459606183,115.04193095028815,-0.015376354226319222,0.015376354226319222,0.00013365869382845846,m,map,map
example12_map_simulation_comparison,boussinesq_reused_gmsh,mf6_gmsh_existing,watertable_elevation_map,time_index:3,fallback_time_key,time_selector:last,3,3,,12,125.02917178804151,126.0792063506701,-1.0500345626285963,1.0500345626285963,0.008328372243303033,m,map,map
example12_map_simulation_comparison,boussinesq_reused_gmsh,mf6_gmsh_existing,watertable_elevation_map,time_index:3,fallback_time_key,time_selector:last,3,3,,13,123.07349885219071,123.08007921376382,-0.006580361573114146,0.006580361573114146,5.3464066769777284e-05,m,map,map
example12_map_simulation_comparison,boussinesq_reused_gmsh,mf6_gmsh_existing,watertable_elevation_map,time_index:3,fallback_time_key,time_selector:last,3,3,,14,125.38547176262999,126.11050032078863,-0.7250285581586411,0.7250285581586411,0.005749152975480854,m,map,map
example12_map_simulation_comparison,boussinesq_reused_gmsh,mf6_gmsh_existing,watertable_elevation_map,time_index:3,fallback_time_key,time_selector:last,3,3,,15,120.2414643272819,120.25721979736907,-0.015755470087171375,0.015755470087171375,0.00013101475415545956,m,map,map
example12_map_simulation_comparison,boussinesq_reused_gmsh,mf6_gmsh_existing,watertable_elevation_map,time_index:3,fallback_time_key,time_selector:last,3,3,,16,132.85324958183682,133.0810029632709,-0.22775338143406998,0.22775338143406998,0.0017113891266428746,m,map,map
example12_map_simulation_comparison,boussinesq_reused_gmsh,mf6_gmsh_existing,watertable_elevation_map,time_index:3,fallback_time_key,time_selector:last,3,3,,17,112.92042713084889,114.54155507501758,-1.6211279441686912,1.6211279441686912,0.014153186091344345,m,map,map
example12_map_simulation_comparison,boussinesq_reused_gmsh,mf6_gmsh_existing,watertable_elevation_map,time_index:3,fallback_time_key,time_selector:last,3,3,,18,116.09480636432527,116.80003950958944,-0.7052331452641738,0.7052331452641738,0.00603795296838297,m,map,map
example12_map_simulation_comparison,boussinesq_reused_gmsh,mf6_gmsh_existing,watertable_elevation_map,time_index:3,fallback_time_key,time_selector:last,3,3,,19,123.2489846116355,123.25585674378408,-0.006872132148572518,0.006872132148572518,5.575501505667062e-05,m,map,map
example12_map_simulation_comparison,boussinesq_reused_gmsh,mf6_gmsh_existing,watertable_elevation_map,time_index:3,fallback_time_key,time_selector:last,3,3,,20,118.26889346425334,118.96252290625708,-0.6936294420037399,0.6936294420037399,0.005830655109343322,m,map,map
example12_map_simulation_comparison,boussinesq_reused_gmsh,mf6_gmsh_existing,watertable_elevation_map,time_index:3,fallback_time_key,time_selector:last,3,3,,21,113.27643235228952,115.04355642210001,-1.7671240698104924,1.7671240698104924,0.015360478455019543,m,map,map
example12_map_simulation_comparison,boussinesq_reused_gmsh,mf6_gmsh_existing,watertable_elevation_map,time_index:3,fallback_time_key,time_selector:last,3,3,,22,114.95540573592176,115.81742363281211,-0.8620178968903502,0.8620178968903502,0.007442903406514155,m,map,map
example12_map_simulation_comparison,boussinesq_reused_gmsh,mf6_gmsh_existing,watertable_elevation_map,time_index:3,fallback_time_key,time_selector:last,3,3,,23,122.5742104970209,122.92300385117528,-0.34879335415438106,0.34879335415438106,0.0028374945553451525,m,map,map
example12_map_simulation_comparison,boussinesq_reused_gmsh,mf6_gmsh_existing,watertable_elevation_map,time_index:3,fallback_time_key,time_selector:last,3,3,,24,123.99641330800853,124.94883570578774,-0.9524223977792161,0.9524223977792161,0.007622499180559384,m,map,map
example12_map_simulation_comparison,boussinesq_reused_gmsh,mf6_gmsh_existing,watertable_elevation_map,time_index:3,fallback_time_key,time_selector:last,3,3,,25,118.54295762649505,120.51800523454504,-1.9750476080499908,1.9750476080499908,0.01638798787124189,m,map,map
example12_map_simulation_comparison,boussinesq_reused_gmsh,mf6_gmsh_existing,watertable_elevation_map,time_index:3,fallback_time_key,time_selector:last,3,3,,26,123.90052559018606,124.05277098147238,-0.1522453912863142,0.1522453912863142,0.0012272631242477643,m,map,map
example12_map_simulation_comparison,boussinesq_reused_gmsh,mf6_gmsh_existing,watertable_elevation_map,time_index:3,fallback_time_key,time_selector:last,3,3,,27,128.8471270591109,129.03041530666647,-0.18328824755556639,0.18328824755556639,0.0014205042053065191,m,map,map
example12_map_simulation_comparison,boussinesq_reused_gmsh,mf6_gmsh_existing,watertable_elevation_map,time_index:3,fallback_time_key,time_selector:last,3,3,,28,98.9091428156949,99.11651566363388,-0.20737284793897004,0.20737284793897004,0.002092212852222525,m,map,map
example12_map_simulation_comparison,boussinesq_reused_gmsh,mf6_gmsh_existing,watertable_elevation_map,time_index:3,fallback_time_key,time_selector:last,3,3,,29,120.3647001767437,120.66679047485172,-0.3020902981080269,0.3020902981080269,0.002503508189115097,m,map,map
example12_map_simulation_comparison,boussinesq_reused_gmsh,mf6_gmsh_existing,watertable_elevation_map,time_index:3,fallback_time_key,time_selector:last,3,3,,30,112.69491492002453,114.96837075893244,-2.273455838907907,2.273455838907907,0.01977461995764841,m,map,map
example12_map_simulation_comparison,boussinesq_reused_gmsh,mf6_gmsh_existing,watertable_elevation_map,time_index:3,fallback_time_key,time_selector:last,3,3,,31,122.6760946637474,122.88751013695266,-0.21141547320524978,0.21141547320524978,0.001720398378725687,m,map,map
example12_map_simulation_comparison,boussinesq_reused_gmsh,mf6_gmsh_existing,watertable_elevation_map,time_index:3,fallback_time_key,time_selector:last,3,3,,32,101.70005210415056,101.77101647333909,-0.07096436918853044,0.07096436918853044,0.0006972944915718803,m,map,map
example12_map_simulation_comparison,boussinesq_reused_gmsh,mf6_gmsh_existing,watertable_elevation_map,time_index:3,fallback_time_key,time_selector:last,3,3,,33,124.73942202721616,125.54855840284955,-0.8091363756333863,0.8091363756333863,0.006444808175631122,m,map,map
example12_map_simulation_comparison,boussinesq_reused_gmsh,mf6_gmsh_existing,watertable_elevation_map,time_index:3,fallback_time_key,time_selector:last,3,3,,34,122.01307610420577,122.01961827310714,-0.006542168901376044,0.006542168901376044,5.361571355462865e-05,m,map,map
example12_map_simulation_comparison,boussinesq_reused_gmsh,mf6_gmsh_existing,watertable_elevation_map,time_index:3,fallback_time_key,time_selector:last,3,3,,35,120.13254613276195,120.14296884067802,-0.010422707916077911,0.010422707916077911,8.675254171469242e-05,m,map,map
example12_map_simulation_comparison,boussinesq_reused_gmsh,mf6_gmsh_existing,watertable_elevation_map,time_index:3,fallback_time_key,time_selector:last,3,3,,36,126.9492699610654,126.95985480245366,-0.010584841388265431,0.010584841388265431,8.337156185894492e-05,m,map,map
example12_map_simulation_comparison,boussinesq_reused_gmsh,mf6_gmsh_existing,watertable_elevation_map,time_index:3,fallback_time_key,time_selector:last,3,3,,37,114.54482148820873,114.55286162552221,-0.008040137313486184,0.008040137313486184,7.018713630890958e-05,m,map,map
example12_map_simulation_comparison,boussinesq_reused_gmsh,mf6_gmsh_existing,watertable_elevation_map,time_index:3,fallback_time_key,time_selector:last,3,3,,38,104.85545918880179,105.50720844608146,-0.6517492572796755,0.6517492572796755,0.006177296005445412,m,map,map
example12_map_simulation_comparison,boussinesq_reused_gmsh,mf6_gmsh_existing,watertable_elevation_map,time_index:3,fallback_time_key,time_selector:last,3,3,,39,103.20260882704738,103.220454557352,-0.01784573030461445,0.01784573030461445,0.00017288947603596235,m,map,map
example12_map_simulation_comparison,boussinesq_reused_gmsh,mf6_gmsh_existing,watertable_elevation_map,time_index:3,fallback_time_key,time_selector:last,3,3,,40,121.27639439158948,122.16473135661548,-0.8883369650259993,0.8883369650259993,0.007271631960887491,m,map,map
example12_map_simulation_comparison,boussinesq_reused_gmsh,mf6_gmsh_existing,watertable_elevation_map,time_index:3,fallback_time_key,time_selector:last,3,3,,41,130.52960755367158,131.30366681006336,-0.7740592563917801,0.7740592563917801,0.005895183852797435,m,map,map
example12_map_simulation_comparison,boussinesq_reused_gmsh,mf6_gmsh_existing,watertable_elevation_map,time_index:3,fallback_time_key,time_selector:last,3,3,,42,121.68686095778192,122.2674721502574,-0.5806111924754873,0.5806111924754873,0.004748697116776573,m,map,map
example12_map_simulation_comparison,boussinesq_reused_gmsh,mf6_gmsh_existing,watertable_elevation_map,time_index:3,fallback_time_key,time_selector:last,3,3,,43,126.97634032043956,127.88687221072492,-0.9105318902853554,0.9105318902853554,0.00711982296967144,m,map,map
example12_map_simulation_comparison,boussinesq_reused_gmsh,mf6_gmsh_existing,watertable_elevation_map,time_index:3,fallback_time_key,time_selector:last,3,3,,44,123.22654890881176,123.98949542600838,-0.7629465171966103,0.7629465171966103,0.006153315767398249,m,map,map
example12_map_simulation_comparison,boussinesq_reused_gmsh,mf6_gmsh_existing,watertable_elevation_map,time_index:3,fallback_time_key,time_selector:last,3,3,,45,110.13706337100501,112.48547975064908,-2.348416379644064,2.348416379644064,0.02087750690000069,m,map,map
example12_map_simulation_comparison,boussinesq_reused_gmsh,mf6_gmsh_existing,watertable_elevation_map,time_index:3,fallback_time_key,time_selector:last,3,3,,46,115.18389775302418,115.20708445163537,-0.023186698611183942,0.023186698611183942,0.00020126104849843552,m,map,map
example12_map_simulation_comparison,boussinesq_reused_gmsh,mf6_gmsh_existing,watertable_elevation_map,time_index:3,fallback_time_key,time_selector:last,3,3,,47,115.94334622211129,117.49317992566483,-1.5498337035535457,1.5498337035535457,0.013190839711156758,m,map,map
example12_map_simulation_comparison,boussinesq_reused_gmsh,mf6_gmsh_existing,watertable_elevation_map,time_index:3,fallback_time_key,time_selector:last,3,3,,48,115.2672791840122,116.60816818291549,-1.3408889989032957,1.3408889989032957,0.011499100104204811,m,map,map
example12_map_simulation_comparison,boussinesq_reused_gmsh,mf6_gmsh_existing,watertable_elevation_map,time_index:3,fallback_time_key,time_selector:last,3,3,,49,132.43916532795947,132.45099489381298,-0.011829565853503254,0.011829565853503254,8.931277460759817e-05,m,map,map
example12_map_simulation_comparison,boussinesq_reused_gmsh,mf6_gmsh_existing,watertable_elevation_map,time_index:3,fallback_time_key,time_selector:last,3,3,,50,122.48608355040602,123.63776635295987,-1.1516828025538501,1.1516828025538501,0.00931497580816882,m,map,map
example12_map_simulation_comparison,boussinesq_reused_gmsh,mf6_gmsh_existing,watertable_elevation_map,time_index:3,fallback_time_key,time_selector:last,3,3,,51,120.768841876308,120.79258658113186,-0.023744704823855045,0.023744704823855045,0.00019657418965779506,m,map,map
example12_map_simulation_comparison,boussinesq_reused_gmsh,mf6_gmsh_existing,watertable_elevation_map,time_index:3,fallback_time_key,time_selector:last,3,3,,52,133.14129975653992,133.96296128067132,-0.8216615241314003,0.8216615241314003,0.006133497768908701,m,map,map
example12_map_simulation_comparison,boussinesq_reused_gmsh,mf6_gmsh_existing,watertable_elevation_map,time_index:3,fallback_time_key,time_selector:last,3,3,,53,123.21473988971346,123.48875442244042,-0.27401453272696585,0.27401453272696585,0.002218943206679327,m,map,map
example12_map_simulation_comparison,boussinesq_reused_gmsh,mf6_gmsh_existing,watertable_elevation_map,time_index:3,fallback_time_key,time_selector:last,3,3,,54,124.88789287245632,125.59813349178395,-0.7102406193276352,0.7102406193276352,0.005654866036477332,m,map,map
example12_map_simulation_comparison,boussinesq_reused_gmsh,mf6_gmsh_existing,watertable_elevation_map,time_index:3,fallback_time_key,time_selector:last,3,3,,55,104.7459721093986,104.86841342708688,-0.12244131768828481,0.12244131768828481,0.0011675709938475999,m,map,map
example12_map_simulation_comparison,boussinesq_reused_gmsh,mf6_gmsh_existing,watertable_elevation_map,time_index:3,fallback_time_key,time_selector:last,3,3,,56,125.3061039803286,125.55770110312694,-0.25159712279834423,0.25159712279834423,0.0020038366471180824,m,map,map
example12_map_simulation_comparison,boussinesq_reused_gmsh,mf6_gmsh_existing,watertable_elevation_map,time_index:3,fallback_time_key,time_selector:last,3,3,,57,111.09637080461688,113.40615856858223,-2.309787763965346,2.309787763965346,0.020367392680605657,m,map,map
example12_map_simulation_comparison,boussinesq_reused_gmsh,mf6_gmsh_existing,watertable_elevation_map,time_index:3,fallback_time_key,time_selector:last,3,3,,58,131.9502844507668,132.101289491214,-0.15100504044721674,0.15100504044721674,0.0011431004271707736,m,map,map
example12_map_simulation_comparison,boussinesq_reused_gmsh,mf6_gmsh_existing,watertable_elevation_map,time_index:3,fallback_time_key,time_selector:last,3,3,,59,131.60342611611748,132.25140671939144,-0.6479806032739646,0.6479806032739646,0.004899612180676745,m,map,map
example12_map_simulation_comparison,boussinesq_reused_gmsh,mf6_gmsh_existing,watertable_elevation_map,time_index:3,fallback_time_key,time_selector:last,3,3,,60,104.82482460233174,104.84737931590492,-0.022554713573171625,0.022554713573171625,0.00021511947862057977,m,map,map
example12_map_simulation_comparison,boussinesq_reused_gmsh,mf6_gmsh_existing,watertable_elevation_map,time_index:3,fallback_time_key,time_selector:last,3,3,,61,132.31781011598395,132.32361703271584,-0.005806916731899037,0.005806916731899037,4.388420496745738e-05,m,map,map
example12_map_simulation_comparison,boussinesq_reused_gmsh,mf6_gmsh_existing,watertable_elevation_map,time_index:3,fallback_time_key,time_selector:last,3,3,,62,130.79364281610017,131.93733835488172,-1.143695538781543,1.143695538781543,0.008668475149204994,m,map,map
example12_map_simulation_comparison,boussinesq_reused_gmsh,mf6_gmsh_existing,watertable_elevation_map,time_index:3,fallback_time_key,time_selector:last,3,3,,63,127.9015178609627,128.7112747425611,-0.8097568815984033,0.8097568815984033,0.0062912661164922805,m,map,map
example12_map_simulation_comparison,boussinesq_reused_gmsh,mf6_gmsh_existing,watertable_elevation_map,time_index:3,fallback_time_key,time_selector:last,3,3,,64,117.26389891048336,117.27837451629176,-0.014475605808399905,0.014475605808399905,0.00012342945464672195,m,map,map
example12_map_simulation_comparison,boussinesq_reused_gmsh,mf6_gmsh_existing,watertable_elevation_map,time_index:3,fallback_time_key,time_selector:last,3,3,,65,123.50703614208793,123.84430684056646,-0.33727069847853386,0.33727069847853386,0.0027233443917024486,m,map,map
example12_map_simulation_comparison,boussinesq_reused_gmsh,mf6_gmsh_existing,watertable_elevation_map,time_index:3,fallback_time_key,time_selector:last,3,3,,66,125.99721698609272,126.02046212684347,-0.023245140750745463,0.023245140750745463,0.000184455288914498,m,map,map
example12_map_simulation_comparison,boussinesq_reused_gmsh,mf6_gmsh_existing,watertable_elevation_map,time_index:3,fallback_time_key,time_selector:last,3,3,,67,131.6938599651104,131.97553771287193,-0.28167774776153465,0.28167774776153465,0.0021343178640753652,m,map,map
example12_map_simulation_comparison,boussinesq_reused_gmsh,mf6_gmsh_existing,watertable_elevation_map,time_index:3,fallback_time_key,time_selector:last,3,3,,68,131.11244506850326,131.12985614548464,-0.017411076981375118,0.017411076981375118,0.00013277736659802366,m,map,map
example12_map_simulation_comparison,boussinesq_reused_gmsh,mf6_gmsh_existing,watertable_elevation_map,time_index:3,fallback_time_key,time_selector:last,3,3,,69,131.26053430101948,131.269418833485,-0.008884532465515349,0.008884532465515349,6.76816622216128e-05,m,map,map
example12_map_simulation_comparison,boussinesq_reused_gmsh,mf6_gmsh_existing,watertable_elevation_map,time_index:3,fallback_time_key,time_selector:last,3,3,,70,121.35401964952543,122.78260057083779,-1.42858092131236,1.42858092131236,0.011635043684289446,m,map,map
example12_map_simulation_comparison,boussinesq_reused_gmsh,mf6_gmsh_existing,watertable_elevation_map,time_index:3,fallback_time_key,time_selector:last,3,3,,71,113.66315196617614,115.4543103028922,-1.7911583367160517,1.7911583367160517,0.015514001443661841,m,map,map
example12_map_simulation_comparison,boussinesq_reused_gmsh,mf6_gmsh_existing,watertable_elevation_map,time_index:3,fallback_time_key,time_selector:last,3,3,,72,106.62488820108355,106.6641547248085,-0.03926652372494743,0.03926652372494743,0.00036813232923707425,m,map,map
example12_map_simulation_comparison,boussinesq_reused_gmsh,mf6_gmsh_existing,watertable_elevation_map,time_index:3,fallback_time_key,time_selector:last,3,3,,73,107.10343459446285,107.14715467360841,-0.04372007914555809,0.04372007914555809,0.00040803770551572894,m,map,map
example12_map_simulation_comparison,boussinesq_reused_gmsh,mf6_gmsh_existing,watertable_elevation_map,time_index:3,fallback_time_key,time_selector:last,3,3,,74,116.90801708889524,116.91885783493312,-0.010840746037885651,0.010840746037885651,9.272025264898408e-05,m,map,map
example12_map_simulation_comparison,boussinesq_reused_gmsh,mf6_gmsh_existing,watertable_elevation_map,time_index:3,fallback_time_key,time_selector:last,3,3,,75,114.96363953729566,115.18798636464378,-0.22434682734811418,0.22434682734811418,0.0019476582101011187,m,map,map
example12_map_simulation_comparison,boussinesq_reused_gmsh,mf6_gmsh_existing,watertable_elevation_map,time_index:3,fallback_time_key,time_selector:last,3,3,,76,132.20019372340718,132.4759142927394,-0.2757205693322078,0.2757205693322078,0.002081288291567724,m,map,map
example12_map_simulation_comparison,boussinesq_reused_gmsh,mf6_gmsh_existing,watertable_elevation_map,time_index:3,fallback_time_key,time_selector:last,3,3,,77,101.23889357655145,101.25849141879523,-0.019597842243783248,0.019597842243783248,0.00019354270411484293,m,map,map
example12_map_simulation_comparison,boussinesq_reused_gmsh,mf6_gmsh_existing,watertable_elevation_map,time_index:3,fallback_time_key,time_selector:last,3,3,,78,121.28425453040107,122.61392955377973,-1.3296750233786554,1.3296750233786554,0.010844404287650256,m,map,map
example12_map_simulation_comparison,boussinesq_reused_gmsh,mf6_gmsh_existing,watertable_elevation_map,time_index:3,fallback_time_key,time_selector:last,3,3,,79,120.28112407352765,121.46721201065225,-1.1860879371245971,1.1860879371245971,0.009764675730110455,m,map,map
example12_map_simulation_comparison,boussinesq_reused_gmsh,mf6_gmsh_existing,watertable_elevation_map,time_index:3,fallback_time_key,time_selector:last,3,3,,80,114.47580767821847,114.48462232518335,-0.008814646964879103,0.008814646964879103,7.699415682083384e-05,m,map,map
example12_map_simulation_comparison,boussinesq_reused_gmsh,mf6_gmsh_existing,watertable_elevation_map,time_index:3,fallback_time_key,time_selector:last,3,3,,81,115.23043079576152,116.20764444569029,-0.9772136499287711,0.9772136499287711,0.008409202807526767,m,map,map
example12_map_simulation_comparison,boussinesq_reused_gmsh,mf6_gmsh_existing,watertable_elevation_map,time_index:3,fallback_time_key,time_selector:last,3,3,,82,100.5028153864715,100.63206627492497,-0.12925088845346977,0.12925088845346977,0.001284390684181707,m,map,map
example12_map_simulation_comparison,boussinesq_reused_gmsh,mf6_gmsh_existing,watertable_elevation_map,time_index:3,fallback_time_key,time_selector:last,3,3,,83,120.36936255054137,122.20661201040416,-1.8372494598627895,1.8372494598627895,0.015033961171482061,m,map,map
example12_map_simulation_comparison,boussinesq_reused_gmsh,mf6_gmsh_existing,watertable_elevation_map,time_index:3,fallback_time_key,time_selector:last,3,3,,84,117.53623970196396,117.55197020046086,-0.01573049849689312,0.01573049849689312,0.00013381739557463793,m,map,map
example12_map_simulation_comparison,boussinesq_reused_gmsh,mf6_gmsh_existing,watertable_elevation_map,time_index:3,fallback_time_key,time_selector:last,3,3,,85,103.90862585386135,103.92290986216015,-0.01428400829880161,0.01428400829880161,0.00013744811724139978,m,map,map
example12_map_simulation_comparison,boussinesq_reused_gmsh,mf6_gmsh_existing,watertable_elevation_map,time_index:3,fallback_time_key,time_selector:last,3,3,,86,121.12961443528218,121.47833087048059,-0.348716435198412,0.348716435198412,0.002870606080109968,m,map,map
example12_map_simulation_comparison,boussinesq_reused_gmsh,mf6_gmsh_existing,watertable_elevation_map,time_index:3,fallback_time_key,time_selector:last,3,3,,87,124.30251874544983,124.7060955463388,-0.4035768008889704,0.4035768008889704,0.003236223531182625,m,map,map
example12_map_simulation_comparison,boussinesq_reused_gmsh,mf6_gmsh_existing,watertable_elevation_map,time_index:3,fallback_time_key,time_selector:last,3,3,,88,122.2744117645402,122.28818088027161,-0.0137691157314066,0.0137691157314066,0.00011259563788006214,m,map,map
example12_map_simulation_comparison,boussinesq_reused_gmsh,mf6_gmsh_existing,watertable_elevation_map,time_index:3,fallback_time_key,time_selector:last,3,3,,89,99.4092588473359,99.4206170609981,-0.011358213662191474,0.011358213662191474,0.00011424404713986844,m,map,map
example12_map_simulation_comparison,boussinesq_reused_gmsh,mf6_gmsh_existing,watertable_elevation_map,time_index:3,fallback_time_key,time_selector:last,3,3,,90,99.13491378758104,99.1532574188546,-0.01834363127355232,0.01834363127355232,0.00018500281030670571,m,map,map
example12_map_simulation_comparison,boussinesq_reused_gmsh,mf6_gmsh_existing,watertable_elevation_map,time_index:3,fallback_time_key,time_selector:last,3,3,,91,125.90215056937545,126.31353069004004,-0.41138012066458884,0.41138012066458884,0.00325681752712678,m,map,map
example12_map_simulation_comparison,boussinesq_reused_gmsh,mf6_gmsh_existing,watertable_elevation_map,time_index:3,fallback_time_key,time_selector:last,3,3,,92,132.1694289224198,132.52510522275895,-0.3556763003391552,0.3556763003391552,0.002683840920113254,m,map,map
example12_map_simulation_comparison,boussinesq_reused_gmsh,mf6_gmsh_existing,watertable_elevation_map,time_index:3,fallback_time_key,time_selector:last,3,3,,93,129.32930350767185,130.221521983564,-0.8922184758921503,0.8922184758921503,0.00685154390995954,m,map,map
example12_map_simulation_comparison,boussinesq_reused_gmsh,mf6_gmsh_existing,watertable_elevation_map,time_index:3,fallback_time_key,time_selector:last,3,3,,94,119.71448066361114,119.7252517470776,-0.010771083466465825,0.010771083466465825,8.996500996481503e-05,m,map,map
example12_map_simulation_comparison,boussinesq_reused_gmsh,mf6_gmsh_existing,watertable_elevation_map,time_index:3,fallback_time_key,time_selector:last,3,3,,95,122.8248378867522,123.99495889352406,-1.1701210067718506,1.1701210067718506,0.00943684337825901,m,map,map
example12_map_simulation_comparison,boussinesq_reused_gmsh,mf6_gmsh_existing,watertable_elevation_map,time_index:3,fallback_time_key,time_selector:last,3,3,,96,131.99314090386247,133.43277284519735,-1.4396319413348806,1.4396319413348806,0.010789193019357218,m,map,map
example12_map_simulation_comparison,boussinesq_reused_gmsh,mf6_gmsh_existing,watertable_elevation_map,time_index:3,fallback_time_key,time_selector:last,3,3,,97,106.2223801076714,106.26112414384494,-0.03874403617354005,0.03874403617354005,0.0003646115781825583,m,map,map
example12_map_simulation_comparison,boussinesq_reused_gmsh,mf6_gmsh_existing,watertable_elevation_map,time_index:3,fallback_time_key,time_selector:last,3,3,,98,131.94850367216955,131.95467916556206,-0.00617549339250445,0.00617549339250445,4.680010918564038e-05,m,map,map
example12_map_simulation_comparison,boussinesq_reused_gmsh,mf6_gmsh_existing,watertable_elevation_map,time_index:3,fallback_time_key,time_selector:last,3,3,,99,132.07964893073574,132.22419996484874,-0.1445510341129932,0.1445510341129932,0.001093226762963372,m,map,map
example12_map_simulation_comparison,boussinesq_reused_gmsh,mf6_gmsh_existing,watertable_elevation_map,time_index:3,fallback_time_key,time_selector:last,3,3,,100,113.63921578887448,113.65233820779413,-0.013122418919650158,0.013122418919650158,0.00011546105541320258,m,map,map
example12_map_simulation_comparison,boussinesq_reused_gmsh,mf6_gmsh_existing,watertable_elevation_map,time_index:3,fallback_time_key,time_selector:last,3,3,,101,117.48800080508585,117.49382810731724,-0.0058273022313954925,0.0058273022313954925,4.9596666695317094e-05,m,map,map
example12_map_simulation_comparison,boussinesq_reused_gmsh,mf6_gmsh_existing,watertable_elevation_map,time_index:3,fallback_time_key,time_selector:last,3,3,,102,124.21090819895646,124.37468183980877,-0.1637736408523125,0.1637736408523125,0.0013167763601859785,m,map,map
example12_map_simulation_comparison,boussinesq_reused_gmsh,mf6_gmsh_existing,watertable_elevation_map,time_index:3,fallback_time_key,time_selector:last,3,3,,103,127.82000355295597,127.83946969939821,-0.019466146442240984,0.019466146442240984,0.00015227023772872094,m,map,map
example12_map_simulation_comparison,boussinesq_reused_gmsh,mf6_gmsh_existing,watertable_elevation_map,time_index:3,fallback_time_key,time_selector:last,3,3,,104,121.29503595020722,121.35789700382445,-0.06286105361722605,0.06286105361722605,0.0005179807426561212,m,map,map
example12_map_simulation_comparison,boussinesq_reused_gmsh,mf6_gmsh_existing,watertable_elevation_map,time_index:3,fallback_time_key,time_selector:last,3,3,,105,107.83552220573574,108.7756665021804,-0.9401442964446574,0.9401442964446574,0.008642965165612772,m,map,map
example12_map_simulation_comparison,boussinesq_reused_gmsh,mf6_gmsh_existing,watertable_elevation_map,time_index:3,fallback_time_key,time_selector:last,3,3,,106,118.87334863187598,121.09322061019964,-2.2198719783236527,2.2198719783236527,0.01833192615686921,m,map,map
example12_map_simulation_comparison,boussinesq_reused_gmsh,mf6_gmsh_existing,watertable_elevation_map,time_index:3,fallback_time_key,time_selector:last,3,3,,107,115.4752687944918,116.09048475655081,-0.6152159620590112,0.6152159620590112,0.005299452089886252,m,map,map
example12_map_simulation_comparison,boussinesq_reused_gmsh,mf6_gmsh_existing,watertable_elevation_map,time_index:3,fallback_time_key,time_selector:last,3,3,,108,124.53462371414045,125.64282420448941,-1.1082004903489633,1.1082004903489633,0.008820244987054068,m,map,map
example12_map_simulation_comparison,boussinesq_reused_gmsh,mf6_gmsh_existing,watertable_elevation_map,time_index:3,fallback_time_key,time_selector:last,3,3,,109,113.05641037294068,114.05475905318497,-0.9983486802442911,0.9983486802442911,0.008753240009728576,m,map,map
example12_map_simulation_comparison,boussinesq_reused_gmsh,mf6_gmsh_existing,watertable_elevation_map,time_index:3,fallback_time_key,time_selector:last,3,3,,110,113.67130257173562,113.78946725121104,-0.11816467947541298,0.11816467947541298,0.0010384500633485072,m,map,map
example12_map_simulation_comparison,boussinesq_reused_gmsh,mf6_gmsh_existing,watertable_elevation_map,time_index:3,fallback_time_key,time_selector:last,3,3,,111,130.96098906828664,131.13736484844418,-0.1763757801575423,0.1763757801575423,0.0013449696839751223,m,map,map
example12_map_simulation_comparison,boussinesq_reused_gmsh,mf6_gmsh_existing,watertable_elevation_map,time_index:3,fallback_time_key,time_selector:last,3,3,,112,126.39584913184393,126.41074369244893,-0.014894560605000606,0.014894560605000606,0.00011782669866446109,m,map,map
example12_map_simulation_comparison,boussinesq_reused_gmsh,mf6_gmsh_existing,watertable_elevation_map,time_index:3,fallback_time_key,time_selector:last,3,3,,113,111.72614467931164,111.76145490273234,-0.03531022342069434,0.03531022342069434,0.0003159427680270032,m,map,map
example12_map_simulation_comparison,boussinesq_reused_gmsh,mf6_gmsh_existing,watertable_elevation_map,time_index:3,fallback_time_key,time_selector:last,3,3,,114,119.11194831801926,119.12833643491675,-0.016388116897488203,0.016388116897488203,0.00013756690799121086,m,map,map
example12_map_simulation_comparison,boussinesq_reused_gmsh,mf6_gmsh_existing,watertable_elevation_map,time_index:3,fallback_time_key,time_selector:last,3,3,,115,129.8678875726354,130.98441704639697,-1.1165294737615739,1.1165294737615739,0.008524139733095728,m,map,map
example12_map_simulation_comparison,boussinesq_reused_gmsh,mf6_gmsh_existing,watertable_elevation_map,time_index:3,fallback_time_key,time_selector:last,3,3,,116,132.06686429887017,132.08424555337476,-0.01738125450458483,0.01738125450458483,0.00013159218521304367,m,map,map
example12_map_simulation_comparison,boussinesq_reused_gmsh,mf6_gmsh_existing,watertable_elevation_map,time_index:3,fallback_time_key,time_selector:last,3,3,,117,126.60395944233788,127.75410808540532,-1.150148643067439,1.150148643067439,0.00900283098762311,m,map,map
example12_map_simulation_comparison,boussinesq_reused_gmsh,mf6_gmsh_existing,watertable_elevation_map,time_index:3,fallback_time_key,time_selector:last,3,3,,118,132.961831805915,133.56821968648703,-0.6063878805720151,0.6063878805720151,0.0045399113800823,m,map,map
example12_map_simulation_comparison,boussinesq_reused_gmsh,mf6_gmsh_existing,watertable_elevation_map,time_index:3,fallback_time_key,time_selector:last,3,3,,119,128.00271788472534,128.13308386806355,-0.13036598333820848,0.13036598333820848,0.0010174264085647396,m,map,map
example12_map_simulation_comparison,boussinesq_reused_gmsh,mf6_gmsh_existing,watertable_elevation_map,time_index:3,fallback_time_key,time_selector:last,3,3,,120,130.52171980072228,130.5294115003339,-0.0076916996116267455,0.0076916996116267455,5.892694622014035e-05,m,map,map
example12_map_simulation_comparison,boussinesq_reused_gmsh,mf6_gmsh_existing,watertable_elevation_map,time_index:3,fallback_time_key,time_selector:last,3,3,,121,119.59026689587041,119.59940162240412,-0.009134726533702064,0.009134726533702064,7.637769428430727e-05,m,map,map
example12_map_simulation_comparison,boussinesq_reused_gmsh,mf6_gmsh_existing,watertable_elevation_map,time_index:3,fallback_time_key,time_selector:last,3,3,,122,114.51634886372356,114.53846294887286,-0.02211408514929758,0.02211408514929758,0.00019307125816040295,m,map,map
example12_map_simulation_comparison,boussinesq_reused_gmsh,mf6_gmsh_existing,watertable_elevation_map,time_index:3,fallback_time_key,time_selector:last,3,3,,123,117.71089388434508,117.72036940369661,-0.009475519351525463,0.009475519351525463,8.049175686011665e-05,m,map,map
example12_map_simulation_comparison,boussinesq_reused_gmsh,mf6_gmsh_existing,watertable_elevation_map,time_index:3,fallback_time_key,time_selector:last,3,3,,124,127.73565002812325,128.19441013417816,-0.45876010605491047,0.45876010605491047,0.0035786280039413324,m,map,map
example12_map_simulation_comparison,boussinesq_reused_gmsh,mf6_gmsh_existing,watertable_elevation_map,time_index:3,fallback_time_key,time_selector:last,3,3,,125,105.40105003205385,105.4712196670819,-0.0701696350280514,0.0701696350280514,0.0006652965164292274,m,map,map
example12_map_simulation_comparison,boussinesq_reused_gmsh,mf6_gmsh_existing,watertable_elevation_map,time_index:3,fallback_time_key,time_selector:last,3,3,,126,110.45686822709186,110.84783036233131,-0.3909621352394481,0.3909621352394481,0.0035270165772437728,m,map,map
example12_map_simulation_comparison,boussinesq_reused_gmsh,mf6_gmsh_existing,watertable_elevation_map,time_index:3,fallback_time_key,time_selector:last,3,3,,127,130.70282082345264,130.81531348791668,-0.11249266446404249,0.11249266446404249,0.0008599349836396131,m,map,map
example12_map_simulation_comparison,boussinesq_reused_gmsh,mf6_gmsh_existing,watertable_elevation_map,time_index:3,fallback_time_key,time_selector:last,3,3,,128,124.34496249374249,124.3606487392124,-0.015686245469908044,0.015686245469908044,0.0001261351209481266,m,map,map
example12_map_simulation_comparison,boussinesq_reused_gmsh,mf6_gmsh_existing,watertable_elevation_map,time_index:3,fallback_time_key,time_selector:last,3,3,,129,123.78817875687562,123.79729846430098,-0.009119707425355728,0.009119707425355728,7.366644941759813e-05,m,map,map
example12_map_simulation_comparison,boussinesq_reused_gmsh,mf6_gmsh_existing,watertable_elevation_map,time_index:3,fallback_time_key,time_selector:last,3,3,,130,128.73274566766054,128.79946409236234,-0.06671842470180422,0.06671842470180422,0.0005180023470746766,m,map,map
example12_map_simulation_comparison,boussinesq_reused_gmsh,mf6_gmsh_existing,watertable_elevation_map,time_index:3,fallback_time_key,time_selector:last,3,3,,131,119.23443046901212,119.33359319196448,-0.09916272295235729,0.09916272295235729,0.0008309707291964336,m,map,map
example12_map_simulation_comparison,boussinesq_reused_gmsh,mf6_gmsh_existing,watertable_elevation_map,time_index:3,fallback_time_key,time_selector:last,3,3,,132,121.12219056644732,121.1389789978686,-0.01678843142128983,0.01678843142128983,0.0001385881865620249,m,map,map
example12_map_simulation_comparison,boussinesq_reused_gmsh,mf6_gmsh_existing,watertable_elevation_map,time_index:3,fallback_time_key,time_selector:last,3,3,,133,101.06497839243559,101.0786234886814,-0.013645096245809896,0.013645096245809896,0.00013499487601686472,m,map,map
example12_map_simulation_comparison,boussinesq_reused_gmsh,mf6_gmsh_existing,watertable_elevation_map,time_index:3,fallback_time_key,time_selector:last,3,3,,134,131.65955707086806,131.6641349967258,-0.004577925857745413,0.004577925857745413,3.476972569530234e-05,m,map,map
example12_map_simulation_comparison,boussinesq_reused_gmsh,mf6_gmsh_existing,watertable_elevation_map,time_index:3,fallback_time_key,time_selector:last,3,3,,135,130.33641610972322,130.6213079914297,-0.2848918817064714,0.2848918817064714,0.002181052127614307,m,map,map
example12_map_simulation_comparison,boussinesq_reused_gmsh,mf6_gmsh_existing,watertable_elevation_map,time_index:3,fallback_time_key,time_selector:last,3,3,,136,125.61108217175169,126.98642596476643,-1.3753437930147356,1.3753437930147356,0.010830636287033842,m,map,map
example12_map_simulation_comparison,boussinesq_reused_gmsh,mf6_gmsh_existing,watertable_elevation_map,time_index:3,fallback_time_key,time_selector:last,3,3,,137,129.12334627682026,129.1337570877382,-0.010410810917932167,0.010410810917932167,8.062036722790216e-05,m,map,map
example12_map_simulation_comparison,boussinesq_reused_gmsh,mf6_gmsh_existing,watertable_elevation_map,time_index:3,fallback_time_key,time_selector:last,3,3,,138,122.50043683286601,122.97713594416781,-0.476699111301798,0.476699111301798,0.0038763230875552474,m,map,map
example12_map_simulation_comparison,boussinesq_reused_gmsh,mf6_gmsh_existing,watertable_elevation_map,time_index:3,fallback_time_key,time_selector:last,3,3,,139,104.3719560248393,104.4444173857104,-0.07246136087108823,0.07246136087108823,0.0006937791668030508,m,map,map
example12_map_simulation_comparison,boussinesq_reused_gmsh,mf6_gmsh_existing,watertable_elevation_map,time_index:3,fallback_time_key,time_selector:last,3,3,,140,125.3249457032037,126.41684431860922,-1.0918986154055261,1.0918986154055261,0.008637287390702514,m,map,map
example12_map_simulation_comparison,boussinesq_reused_gmsh,mf6_gmsh_existing,watertable_elevation_map,time_index:3,fallback_time_key,time_selector:last,3,3,,141,131.6115589329612,132.3064455641929,-0.6948866312316966,0.6948866312316966,0.005252099610631208,m,map,map
example12_map_simulation_comparison,boussinesq_reused_gmsh,mf6_gmsh_existing,watertable_elevation_map,time_index:3,fallback_time_key,time_selector:last,3,3,,142,124.35898943502234,124.51186569513011,-0.15287626010777444,0.15287626010777444,0.0012278047498066982,m,map,map
example12_map_simulation_comparison,boussinesq_reused_gmsh,mf6_gmsh_existing,watertable_elevation_map,time_index:3,fallback_time_key,time_selector:last,3,3,,143,98.24262446786422,98.26133390173733,-0.018709433873112857,0.018709433873112857,0.00019040484318910778,m,map,map
example12_map_simulation_comparison,boussinesq_reused_gmsh,mf6_gmsh_existing,watertable_elevation_map,time_index:3,fallback_time_key,time_selector:last,3,3,,144,123.73229362174692,125.47151822792127,-1.7392246061743464,1.7392246061743464,0.01386150921530266,m,map,map
example12_map_simulation_comparison,boussinesq_reused_gmsh,mf6_gmsh_existing,watertable_elevation_map,time_index:3,fallback_time_key,time_selector:last,3,3,,145,115.52428354684803,117.46145509489925,-1.937171548051225,1.937171548051225,0.016491976423126622,m,map,map
example12_map_simulation_comparison,boussinesq_reused_gmsh,mf6_gmsh_existing,watertable_elevation_map,time_index:3,fallback_time_key,time_selector:last,3,3,,146,123.34864062999176,123.79999600928416,-0.45135537929239433,0.45135537929239433,0.003645843245895951,m,map,map
example12_map_simulation_comparison,boussinesq_reused_gmsh,mf6_gmsh_existing,watertable_elevation_map,time_index:3,fallback_time_key,time_selector:last,3,3,,147,114.65842239991741,116.15266204832804,-1.4942396484106268,1.4942396484106268,0.012864445997706996,m,map,map
example12_map_simulation_comparison,boussinesq_reused_gmsh,mf6_gmsh_existing,watertable_elevation_map,time_index:3,fallback_time_key,time_selector:last,3,3,,148,132.76676602988718,134.10632962020645,-1.3395635903192726,1.3395635903192726,0.009988817038785276,m,map,map
example12_map_simulation_comparison,boussinesq_reused_gmsh,mf6_gmsh_existing,watertable_elevation_map,time_index:3,fallback_time_key,time_selector:last,3,3,,149,108.94567112884388,110.20818984705733,-1.2625187182134425,1.2625187182134425,0.011455761318333214,m,map,map
example12_map_simulation_comparison,boussinesq_reused_gmsh,mf6_gmsh_existing,watertable_elevation_map,time_index:3,fallback_time_key,time_selector:last,3,3,,150,101.57046214156318,101.57865187245031,-0.008189730887124824,0.008189730887124824,8.062452824643172e-05,m,map,map
example12_map_simulation_comparison,boussinesq_reused_gmsh,mf6_gmsh_existing,watertable_elevation_map,time_index:3,fallback_time_key,time_selector:last,3,3,,151,128.31480096933808,128.77354646753787,-0.4587454981997894,0.4587454981997894,0.0035624203167801483,m,map,map
example12_map_simulation_comparison,boussinesq_reused_gmsh,mf6_gmsh_existing,watertable_elevation_map,time_index:3,fallback_time_key,time_selector:last,3,3,,152,126.01259329102149,126.43154608350005,-0.41895279247856365,0.41895279247856365,0.0033136729357234294,m,map,map
example12_map_simulation_comparison,boussinesq_reused_gmsh,mf6_gmsh_existing,watertable_elevation_map,time_index:3,fallback_time_key,time_selector:last,3,3,,153,132.021977705803,132.54746342682856,-0.5254857210255466,0.5254857210255466,0.0039645098249325265,m,map,map
example12_map_simulation_comparison,boussinesq_reused_gmsh,mf6_gmsh_existing,watertable_elevation_map,time_index:3,fallback_time_key,time_selector:last,3,3,,154,120.1661398823571,120.1933387774401,-0.02719889508300355,0.02719889508300355,0.00022629286580820644,m,map,map
example12_map_simulation_comparison,boussinesq_reused_gmsh,mf6_gmsh_existing,watertable_elevation_map,time_index:3,fallback_time_key,time_selector:last,3,3,,155,132.22412753318275,132.79667052437802,-0.5725429911952631,0.5725429911952631,0.004311425798059892,m,map,map
example12_map_simulation_comparison,boussinesq_reused_gmsh,mf6_gmsh_existing,watertable_elevation_map,time_index:3,fallback_time_key,time_selector:last,3,3,,156,115.87258468087576,115.88624436455612,-0.01365968368035908,0.01365968368035908,0.00011787148470691922,m,map,map
example12_map_simulation_comparison,boussinesq_reused_gmsh,mf6_gmsh_existing,watertable_elevation_map,time_index:3,fallback_time_key,time_selector:last,3,3,,157,129.59058130684988,129.78615853427755,-0.1955772274276626,0.1955772274276626,0.001506918993800168,m,map,map
example12_map_simulation_comparison,boussinesq_reused_gmsh,mf6_gmsh_existing,watertable_elevation_map,time_index:3,fallback_time_key,time_selector:last,3,3,,158,122.50307946330523,122.51656419812306,-0.013484734817836852,0.013484734817836852,0.00011006458519380709,m,map,map
example12_map_simulation_comparison,boussinesq_reused_gmsh,mf6_gmsh_existing,watertable_elevation_map,time_index:3,fallback_time_key,time_selector:last,3,3,,159,116.49038589162537,116.5175242754262,-0.02713838380083189,0.02713838380083189,0.00023291246505273915,m,map,map
example12_map_simulation_comparison,boussinesq_reused_gmsh,mf6_gmsh_existing,watertable_elevation_map,time_index:3,fallback_time_key,time_selector:last,3,3,,160,101.78235405444453,101.96307063371309,-0.18071657926856233,0.18071657926856233,0.0017723728615212002,m,map,map
example12_map_simulation_comparison,boussinesq_reused_gmsh,mf6_gmsh_existing,watertable_elevation_map,time_index:3,fallback_time_key,time_selector:last,3,3,,161,106.90745778677056,108.08105670118874,-1.1735989144181787,1.1735989144181787,0.010858507033872021,m,map,map
example12_map_simulation_comparison,boussinesq_reused_gmsh,mf6_gmsh_existing,watertable_elevation_map,time_index:3,fallback_time_key,time_selector:last,3,3,,162,123.08863861002918,123.11096597803099,-0.02232736800181101,0.02232736800181101,0.00018135970118043996,m,map,map
example12_map_simulation_comparison,boussinesq_reused_gmsh,mf6_gmsh_existing,watertable_elevation_map,time_index:3,fallback_time_key,time_selector:last,3,3,,163,108.33918696191435,109.69530255567932,-1.3561155937649687,1.3561155937649687,0.012362567604721536,m,map,map
example12_map_simulation_comparison,boussinesq_reused_gmsh,mf6_gmsh_existing,watertable_elevation_map,time_index:3,fallback_time_key,time_selector:last,3,3,,164,116.58711829800065,116.59240170066712,-0.00528340266647831,0.00528340266647831,4.531515424172001e-05,m,map,map
example12_map_simulation_comparison,boussinesq_reused_gmsh,mf6_gmsh_existing,watertable_elevation_map,time_index:3,fallback_time_key,time_selector:last,3,3,,165,121.51965273548232,121.66511294775054,-0.14546021226821892,0.14546021226821892,0.0011955786563950116,m,map,map
example12_map_simulation_comparison,boussinesq_reused_gmsh,mf6_gmsh_existing,watertable_elevation_map,time_index:3,fallback_time_key,time_selector:last,3,3,,166,132.4173965812405,133.0075054562237,-0.5901088749832013,0.5901088749832013,0.004436658464942204,m,map,map
example12_map_simulation_comparison,boussinesq_reused_gmsh,mf6_gmsh_existing,watertable_elevation_map,time_index:3,fallback_time_key,time_selector:last,3,3,,167,118.5627338620443,120.48123365566006,-1.9184997936157657,1.9184997936157657,0.015923640017655453,m,map,map
example12_map_simulation_comparison,boussinesq_reused_gmsh,mf6_gmsh_existing,watertable_elevation_map,time_index:3,fallback_time_key,time_selector:last,3,3,,168,131.41884072401612,131.82967992770608,-0.4108392036899602,0.4108392036899602,0.0031164393626326014,m,map,map
example12_map_simulation_comparison,boussinesq_reused_gmsh,mf6_gmsh_existing,watertable_elevation_map,time_index:3,fallback_time_key,time_selector:last,3,3,,169,125.26775689698339,125.43093212778122,-0.16317523079783314,0.16317523079783314,0.0013009169909667926,m,map,map
example12_map_simulation_comparison,boussinesq_reused_gmsh,mf6_gmsh_existing,watertable_elevation_map,time_index:3,fallback_time_key,time_selector:last,3,3,,170,127.2239148471719,127.38467125517326,-0.1607564080013617,0.1607564080013617,0.001261976079361536,m,map,map
example12_map_simulation_comparison,boussinesq_reused_gmsh,mf6_gmsh_existing,watertable_elevation_map,time_index:3,fallback_time_key,time_selector:last,3,3,,171,107.98514144451723,108.01194337849081,-0.02680193397358721,0.02680193397358721,0.0002481386144462657,m,map,map
example12_map_simulation_comparison,boussinesq_reused_gmsh,mf6_gmsh_existing,watertable_elevation_map,time_index:3,fallback_time_key,time_selector:last,3,3,,172,123.32353187310767,124.31396899756241,-0.9904371244547434,0.9904371244547434,0.0079672230919935,m,map,map
example12_map_simulation_comparison,boussinesq_reused_gmsh,mf6_gmsh_existing,watertable_elevation_map,time_index:3,fallback_time_key,time_selector:last,3,3,,173,129.50066009565123,130.34923548042767,-0.8485753847764386,0.8485753847764386,0.006510014283158989,m,map,map
example12_map_simulation_comparison,boussinesq_reused_gmsh,mf6_gmsh_existing,watertable_elevation_map,time_index:3,fallback_time_key,time_selector:last,3,3,,174,109.6642811292077,109.68711632301292,-0.022835193805221365,0.022835193805221365,0.00020818483127931793,m,map,map
example12_map_simulation_comparison,boussinesq_reused_gmsh,mf6_gmsh_existing,watertable_elevation_map,time_index:3,fallback_time_key,time_selector:last,3,3,,175,124.03273516374895,124.21659508504528,-0.18385992129633166,0.18385992129633166,0.0014801558613843134,m,map,map
example12_map_simulation_comparison,boussinesq_reused_gmsh,mf6_gmsh_existing,watertable_elevation_map,time_index:3,fallback_time_key,time_selector:last,3,3,,176,121.73114216421568,121.76321194349285,-0.03206977927716537,0.03206977927716537,0.0002633782302987221,m,map,map
example12_map_simulation_comparison,boussinesq_reused_gmsh,mf6_gmsh_existing,watertable_elevation_map,time_index:3,fallback_time_key,time_selector:last,3,3,,177,132.38789918757956,133.67751541061642,-1.2896162230368589,1.2896162230368589,0.009647218674550859,m,map,map
example12_map_simulation_comparison,boussinesq_reused_gmsh,mf6_gmsh_existing,watertable_elevation_map,time_index:3,fallback_time_key,time_selector:last,3,3,,178,123.72891922151103,123.74531095736575,-0.016391735854710987,0.016391735854710987,0.0001324634907609426,m,map,map
example12_map_simulation_comparison,boussinesq_reused_gmsh,mf6_gmsh_existing,watertable_elevation_map,time_index:3,fallback_time_key,time_selector:last,3,3,,179,118.94644533646961,120.7796355957774,-1.8331902593077984,1.8331902593077984,0.015177974749344987,m,map,map
example12_map_simulation_comparison,boussinesq_reused_gmsh,mf6_gmsh_existing,watertable_elevation_map,time_index:3,fallback_time_key,time_selector:last,3,3,,180,118.15139677745566,118.30451347156466,-0.15311669410900208,0.15311669410900208,0.0012942591082613663,m,map,map
example12_map_simulation_comparison,boussinesq_reused_gmsh,mf6_gmsh_existing,watertable_elevation_map,time_index:3,fallback_time_key,time_selector:last,3,3,,181,125.2838884666492,126.71477097390067,-1.430882507251468,1.430882507251468,0.011292152416439166,m,map,map
example12_map_simulation_comparison,boussinesq_reused_gmsh,mf6_gmsh_existing,watertable_elevation_map,time_index:3,fallback_time_key,time_selector:last,3,3,,182,104.69615247125134,104.70424345667357,-0.008090985422228414,0.008090985422228414,7.727466581214972e-05,m,map,map
example12_map_simulation_comparison,boussinesq_reused_gmsh,mf6_gmsh_existing,watertable_elevation_map,time_index:3,fallback_time_key,time_selector:last,3,3,,183,127.51129069343565,127.84417633225075,-0.3328856388150996,0.3328856388150996,0.0026038388948587863,m,map,map
example12_map_simulation_comparison,boussinesq_reused_gmsh,mf6_gmsh_existing,watertable_elevation_map,time_index:3,fallback_time_key,time_selector:last,3,3,,184,109.58873475710618,110.32690816976941,-0.7381734126632296,0.7381734126632296,0.006690783100051524,m,map,map
example12_map_simulation_comparison,boussinesq_reused_gmsh,mf6_gmsh_existing,watertable_elevation_map,time_index:3,fallback_time_key,time_selector:last,3,3,,185,128.38351487337968,128.51199545903637,-0.12848058565668907,0.12848058565668907,0.000999755588556266,m,map,map
example12_map_simulation_comparison,boussinesq_reused_gmsh,mf6_gmsh_existing,watertable_elevation_map,time_index:3,fallback_time_key,time_selector:last,3,3,,186,120.23107927449998,121.4058415721297,-1.1747622976297265,1.1747622976297265,0.009676324321937805,m,map,map
example12_map_simulation_comparison,boussinesq_reused_gmsh,mf6_gmsh_existing,watertable_elevation_map,time_index:3,fallback_time_key,time_selector:last,3,3,,187,118.16747448568339,118.18530027056437,-0.01782578488098352,0.01782578488098352,0.00015082912037431504,m,map,map
example12_map_simulation_comparison,boussinesq_reused_gmsh,mf6_gmsh_existing,watertable_elevation_map,time_index:3,fallback_time_key,time_selector:last,3,3,,188,116.0982001094327,116.10440828629837,-0.006208176865669657,0.006208176865669657,5.3470638688938496e-05,m,map,map
example12_map_simulation_comparison,boussinesq_reused_gmsh,mf6_gmsh_existing,watertable_elevation_map,time_index:3,fallback_time_key,time_selector:last,3,3,,189,131.13238131595952,131.6933456383423,-0.5609643223827732,0.5609643223827732,0.004259625417394281,m,map,map
example12_map_simulation_comparison,boussinesq_reused_gmsh,mf6_gmsh_existing,watertable_elevation_map,time_index:3,fallback_time_key,time_selector:last,3,3,,190,112.11962859638547,112.15577423571406,-0.036145639328594825,0.036145639328594825,0.0003222806812659394,m,map,map
example12_map_simulation_comparison,boussinesq_reused_gmsh,mf6_gmsh_existing,watertable_elevation_map,time_index:3,fallback_time_key,time_selector:last,3,3,,191,108.966674385539,108.98209143564159,-0.01541705010259875,0.01541705010259875,0.00014146406899984254,m,map,map
example12_map_simulation_comparison,boussinesq_reused_gmsh,mf6_gmsh_existing,watertable_elevation_map,time_index:3,fallback_time_key,time_selector:last,3,3,,192,131.79971367203683,131.8098840668636,-0.010170394826758411,0.010170394826758411,7.715957645178752e-05,m,map,map
example12_map_simulation_comparison,boussinesq_reused_gmsh,mf6_gmsh_existing,watertable_elevation_map,time_index:3,fallback_time_key,time_selector:last,3,3,,193,106.3948021814098,106.42633029250491,-0.03152811109511333,0.03152811109511333,0.00029624352365115517,m,map,map
example12_map_simulation_comparison,boussinesq_reused_gmsh,mf6_gmsh_existing,watertable_elevation_map,time_index:3,fallback_time_key,time_selector:last,3,3,,194,105.6538143714173,105.72596260166453,-0.07214823024723671,0.07214823024723671,0.0006824078823388345,m,map,map
example12_map_simulation_comparison,boussinesq_reused_gmsh,mf6_gmsh_existing,watertable_elevation_map,time_index:3,fallback_time_key,time_selector:last,3,3,,195,113.18244769875984,113.21571341556914,-0.033265716809296464,0.033265716809296464,0.0002938259699622389,m,map,map
example12_map_simulation_comparison,boussinesq_reused_gmsh,mf6_gmsh_existing,watertable_elevation_map,time_index:3,fallback_time_key,time_selector:last,3,3,,196,129.93026289872137,130.9857247269344,-1.0554618282130264,1.0554618282130264,0.008057838595872526,m,map,map
example12_map_simulation_comparison,boussinesq_reused_gmsh,mf6_gmsh_existing,watertable_elevation_map,time_index:3,fallback_time_key,time_selector:last,3,3,,197,123.59855793041156,123.62956470323964,-0.03100677282807851,0.03100677282807851,0.00025080386639318155,m,map,map
example12_map_simulation_comparison,boussinesq_reused_gmsh,mf6_gmsh_existing,watertable_elevation_map,time_index:3,fallback_time_key,time_selector:last,3,3,,198,105.80692350798948,107.1847243335666,-1.3778008255771255,1.3778008255771255,0.01285445136089831,m,map,map
example12_map_simulation_comparison,boussinesq_reused_gmsh,mf6_gmsh_existing,watertable_elevation_map,time_index:3,fallback_time_key,time_selector:last,3,3,,199,108.10625241682602,108.23871304432552,-0.13246062749949772,0.13246062749949772,0.0012237823582145967,m,map,map
example12_map_simulation_comparison,boussinesq_reused_gmsh,mf6_gmsh_existing,watertable_elevation_map,time_index:3,fallback_time_key,time_selector:last,3,3,,200,109.92261175978578,111.08717696123333,-1.1645652014475445,1.1645652014475445,0.010483345002582512,m,map,map
example12_map_simulation_comparison,boussinesq_reused_gmsh,mf6_gmsh_existing,watertable_elevation_map,time_index:3,fallback_time_key,time_selector:last,3,3,,201,104.45404409080042,105.23685048969972,-0.7828063988992966,0.7828063988992966,0.007438519827005992,m,map,map
example12_map_simulation_comparison,boussinesq_reused_gmsh,mf6_gmsh_existing,watertable_elevation_map,time_index:3,fallback_time_key,time_selector:last,3,3,,202,128.02020623436442,128.16895765912548,-0.14875142476105907,0.14875142476105907,0.0011605885502843374,m,map,map
example12_map_simulation_comparison,boussinesq_reused_gmsh,mf6_gmsh_existing,watertable_elevation_map,time_index:3,fallback_time_key,time_selector:last,3,3,,203,116.44451857177654,116.4820578471952,-0.037539275418652096,0.037539275418652096,0.00032227517364002354,m,map,map
example12_map_simulation_comparison,boussinesq_reused_gmsh,mf6_gmsh_existing,watertable_elevation_map,time_index:3,fallback_time_key,time_selector:last,3,3,,204,104.10162399623874,104.15250647069307,-0.05088247445432614,0.05088247445432614,0.0004885381656047202,m,map,map
example12_map_simulation_comparison,boussinesq_reused_gmsh,mf6_gmsh_existing,watertable_elevation_map,time_index:3,fallback_time_key,time_selector:last,3,3,,205,120.39004206120684,122.04121637538496,-1.651174314178121,1.651174314178121,0.013529644846371374,m,map,map
example12_map_simulation_comparison,boussinesq_reused_gmsh,mf6_gmsh_existing,watertable_elevation_map,time_index:3,fallback_time_key,time_selector:last,3,3,,206,131.11201828388943,131.26633707321713,-0.1543187893277036,0.1543187893277036,0.001175615872039062,m,map,map
example12_map_simulation_comparison,boussinesq_reused_gmsh,mf6_gmsh_existing,watertable_elevation_map,time_index:3,fallback_time_key,time_selector:last,3,3,,207,112.10177500702167,113.4989156520147,-1.39714064499303,1.39714064499303,0.012309726810753275,m,map,map
example12_map_simulation_comparison,boussinesq_reused_gmsh,mf6_gmsh_existing,watertable_elevation_map,time_index:3,fallback_time_key,time_selector:last,3,3,,208,107.2226362877735,107.29652990217983,-0.07389361440633024,0.07389361440633024,0.0006886859665796985,m,map,map
example12_map_simulation_comparison,boussinesq_reused_gmsh,mf6_gmsh_existing,watertable_elevation_map,time_index:3,fallback_time_key,time_selector:last,3,3,,209,131.48329273175705,131.68988172842964,-0.20658899667259334,0.20658899667259334,0.001568753756637282,m,map,map
example12_map_simulation_comparison,boussinesq_reused_gmsh,mf6_gmsh_existing,watertable_elevation_map,time_index:3,fallback_time_key,time_selector:last,3,3,,210,114.672885065586,116.12158737503547,-1.448702309449473,1.448702309449473,0.012475736357018867,m,map,map
example12_map_simulation_comparison,boussinesq_reused_gmsh,mf6_gmsh_existing,watertable_elevation_map,time_index:3,fallback_time_key,time_selector:last,3,3,,211,100.03715881811047,100.22818276995459,-0.1910239518441159,0.1910239518441159,0.0019058906044675807,m,map,map
example12_map_simulation_comparison,boussinesq_reused_gmsh,mf6_gmsh_existing,watertable_elevation_map,time_index:3,fallback_time_key,time_selector:last,3,3,,212,123.18427373226545,123.21414574906854,-0.0298720168030826,0.0298720168030826,0.00024243983206212688,m,map,map
example12_map_simulation_comparison,boussinesq_reused_gmsh,mf6_gmsh_existing,watertable_elevation_map,time_index:3,fallback_time_key,time_selector:last,3,3,,213,127.72610106426315,127.74160925308998,-0.015508188826828473,0.015508188826828473,0.00012140279833255146,m,map,map
example12_map_simulation_comparison,boussinesq_reused_gmsh,mf6_gmsh_existing,watertable_elevation_map,time_index:3,fallback_time_key,time_selector:last,3,3,,214,120.02762640309177,120.24322879225129,-0.21560238915951402,0.21560238915951402,0.0017930522269326143,m,map,map
example12_map_simulation_comparison,boussinesq_reused_gmsh,mf6_gmsh_existing,watertable_elevation_map,time_index:3,fallback_time_key,time_selector:last,3,3,,215,118.88436011003274,118.89139958619779,-0.007039476165047631,0.007039476165047631,5.92092967998406e-05,m,map,map
example12_map_simulation_comparison,boussinesq_reused_gmsh,mf6_gmsh_existing,watertable_elevation_map,time_index:3,fallback_time_key,time_selector:last,3,3,,216,130.69020714164094,130.73649584076878,-0.04628869912784239,0.04628869912784239,0.00035406103575102673,m,map,map
example12_map_simulation_comparison,boussinesq_reused_gmsh,mf6_gmsh_existing,watertable_elevation_map,time_index:3,fallback_time_key,time_selector:last,3,3,,217,127.69577626042202,127.8311795174234,-0.13540325700137146,0.13540325700137146,0.0010592349809532657,m,map,map
example12_map_simulation_comparison,boussinesq_reused_gmsh,mf6_gmsh_existing,watertable_elevation_map,time_index:3,fallback_time_key,time_selector:last,3,3,,218,123.43227846704072,123.62969076944538,-0.19741230240465768,0.19741230240465768,0.0015968033340211785,m,map,map
example12_map_simulation_comparison,boussinesq_reused_gmsh,mf6_gmsh_existing,watertable_elevation_map,time_index:3,fallback_time_key,time_selector:last,3,3,,219,124.65141678093397,124.67333684287574,-0.02192006194177054,0.02192006194177054,0.00017581996677762884,m,map,map
example12_map_simulation_comparison,boussinesq_reused_gmsh,mf6_gmsh_existing,watertable_elevation_map,time_index:3,fallback_time_key,time_selector:last,3,3,,220,113.21918226769614,113.22746262463122,-0.008280356935074451,0.008280356935074451,7.313028785715421e-05,m,map,map
example12_map_simulation_comparison,boussinesq_reused_gmsh,mf6_gmsh_existing,watertable_elevation_map,time_index:3,fallback_time_key,time_selector:last,3,3,,221,121.38339438956183,121.39282757802417,-0.009433188462338649,0.009433188462338649,7.770795565558064e-05,m,map,map
example12_map_simulation_comparison,boussinesq_reused_gmsh,mf6_gmsh_existing,watertable_elevation_map,time_index:3,fallback_time_key,time_selector:last,3,3,,222,129.97058786777933,130.6636418826694,-0.6930540148900661,0.6930540148900661,0.005304107591860942,m,map,map
example12_map_simulation_comparison,boussinesq_reused_gmsh,mf6_gmsh_existing,watertable_elevation_map,time_index:3,fallback_time_key,time_selector:last,3,3,,223,113.69897745314964,113.70880501289069,-0.00982755974105487,0.00982755974105487,8.64274296079425e-05,m,map,map
example12_map_simulation_comparison,boussinesq_reused_gmsh,mf6_gmsh_existing,watertable_elevation_map,time_index:3,fallback_time_key,time_selector:last,3,3,,224,129.0937801818267,129.44816710994985,-0.354386928123148,0.354386928123148,0.00273767436059671,m,map,map
example12_map_simulation_comparison,boussinesq_reused_gmsh,mf6_gmsh_existing,watertable_elevation_map,time_index:3,fallback_time_key,time_selector:last,3,3,,225,116.89822968151421,116.92193500430372,-0.02370532278951032,0.02370532278951032,0.00020274487236836923,m,map,map
example12_map_simulation_comparison,boussinesq_reused_gmsh,mf6_gmsh_existing,watertable_elevation_map,time_index:3,fallback_time_key,time_selector:last,3,3,,226,126.67192771891868,126.68057454892558,-0.008646830006895811,0.008646830006895811,6.825695287288345e-05,m,map,map
example12_map_simulation_comparison,boussinesq_reused_gmsh,mf6_gmsh_existing,watertable_elevation_map,time_index:3,fallback_time_key,time_selector:last,3,3,,227,119.44957303971725,119.45822497913392,-0.008651939416665755,0.008651939416665755,7.242648564531251e-05,m,map,map
example12_map_simulation_comparison,boussinesq_reused_gmsh,mf6_gmsh_existing,watertable_elevation_map,time_index:3,fallback_time_key,time_selector:last,3,3,,228,122.6459202288358,124.10176270795444,-1.4558424791186297,1.4558424791186297,0.011731037878524154,m,map,map
example12_map_simulation_comparison,boussinesq_reused_gmsh,mf6_gmsh_existing,watertable_elevation_map,time_index:3,fallback_time_key,time_selector:last,3,3,,229,108.6926245261459,109.56633463119567,-0.8737101050497671,0.8737101050497671,0.007974256946631533,m,map,map
example12_map_simulation_comparison,boussinesq_reused_gmsh,mf6_gmsh_existing,watertable_elevation_map,time_index:3,fallback_time_key,time_selector:last,3,3,,230,123.34089127036039,123.36242650895439,-0.021535238593997974,0.021535238593997974,0.00017456886349779134,m,map,map
example12_map_simulation_comparison,boussinesq_reused_gmsh,mf6_gmsh_existing,watertable_elevation_map,time_index:3,fallback_time_key,time_selector:last,3,3,,231,123.29067618237183,123.34279267105751,-0.05211648868568375,0.05211648868568375,0.00042253371726934255,m,map,map
example12_map_simulation_comparison,boussinesq_reused_gmsh,mf6_gmsh_existing,watertable_elevation_map,time_index:3,fallback_time_key,time_selector:last,3,3,,232,125.21791442285439,125.23047809100011,-0.012563668145716633,0.012563668145716633,0.00010032436462142311,m,map,map
example12_map_simulation_comparison,boussinesq_reused_gmsh,mf6_gmsh_existing,watertable_elevation_map,time_index:3,fallback_time_key,time_selector:last,3,3,,233,128.73228605767935,129.27230638098177,-0.5400203233024286,0.5400203233024286,0.004177386003394421,m,map,map
example12_map_simulation_comparison,boussinesq_reused_gmsh,mf6_gmsh_existing,watertable_elevation_map,time_index:3,fallback_time_key,time_selector:last,3,3,,234,123.64274495819495,123.65881457166691,-0.01606961347195579,0.01606961347195579,0.00012995121720694314,m,map,map
example12_map_simulation_comparison,boussinesq_reused_gmsh,mf6_gmsh_existing,watertable_elevation_map,time_index:3,fallback_time_key,time_selector:last,3,3,,235,106.47634256940385,106.51813636757092,-0.0417937981670633,0.0417937981670633,0.0003923632124283699,m,map,map
example12_map_simulation_comparison,boussinesq_reused_gmsh,mf6_gmsh_existing,watertable_elevation_map,time_index:3,fallback_time_key,time_selector:last,3,3,,236,114.84826859183931,114.85502848140882,-0.006759889569508459,0.006759889569508459,5.8855843395682575e-05,m,map,map
example12_map_simulation_comparison,boussinesq_reused_gmsh,mf6_gmsh_existing,watertable_elevation_map,time_index:3,fallback_time_key,time_selector:last,3,3,,237,130.26466683087594,130.26929214260036,-0.004625311724424819,0.004625311724424819,3.550577153180262e-05,m,map,map
example12_map_simulation_comparison,boussinesq_reused_gmsh,mf6_gmsh_existing,watertable_elevation_map,time_index:3,fallback_time_key,time_selector:last,3,3,,238,125.46365576519244,125.4739067619555,-0.010250996763062403,0.010250996763062403,8.169823533517785e-05,m,map,map
example12_map_simulation_comparison,boussinesq_reused_gmsh,mf6_gmsh_existing,watertable_elevation_map,time_index:3,fallback_time_key,time_selector:last,3,3,,239,129.14995066011144,129.46430610834193,-0.31435544823048645,0.31435544823048645,0.0024281244590104918,m,map,map
example12_map_simulation_comparison,boussinesq_reused_gmsh,mf6_gmsh_existing,watertable_elevation_map,time_index:3,fallback_time_key,time_selector:last,3,3,,240,131.05547082016963,131.28733560349184,-0.23186478332220872,0.23186478332220872,0.001766086441288415,m,map,map
example12_map_simulation_comparison,boussinesq_reused_gmsh,mf6_gmsh_existing,watertable_elevation_map,time_index:3,fallback_time_key,time_selector:last,3,3,,241,127.64106848895952,127.69239235863121,-0.051323869671691114,0.051323869671691114,0.00040193365261373724,m,map,map
example12_map_simulation_comparison,boussinesq_reused_gmsh,mf6_gmsh_existing,watertable_elevation_map,time_index:3,fallback_time_key,time_selector:last,3,3,,242,105.15008428778097,105.17591710598619,-0.025832818205216768,0.025832818205216768,0.00024561533586804797,m,map,map
example12_map_simulation_comparison,boussinesq_reused_gmsh,mf6_gmsh_existing,watertable_elevation_map,time_index:3,fallback_time_key,time_selector:last,3,3,,243,132.36186357238338,132.8660240377948,-0.5041604654114167,0.5041604654114167,0.0037945025378948965,m,map,map
example12_map_simulation_comparison,boussinesq_reused_gmsh,mf6_gmsh_existing,watertable_elevation_map,time_index:3,fallback_time_key,time_selector:last,3,3,,244,101.53501874562693,101.9812102166036,-0.44619147097667167,0.44619147097667167,0.004375232163150257,m,map,map
example12_map_simulation_comparison,boussinesq_reused_gmsh,mf6_gmsh_existing,watertable_elevation_map,time_index:3,fallback_time_key,time_selector:last,3,3,,245,128.01824035415876,128.18472943936746,-0.16648908520869554,0.16648908520869554,0.001298821520604343,m,map,map
example12_map_simulation_comparison,boussinesq_reused_gmsh,mf6_gmsh_existing,watertable_elevation_map,time_index:3,fallback_time_key,time_selector:last,3,3,,246,120.83472227681486,120.86159123786206,-0.02686896104719949,0.02686896104719949,0.00022231182604835927,m,map,map
example12_map_simulation_comparison,boussinesq_reused_gmsh,mf6_gmsh_existing,watertable_elevation_map,time_index:3,fallback_time_key,time_selector:last,3,3,,247,129.60170832156035,129.64833780019458,-0.04662947863423028,0.04662947863423028,0.0003596612145239574,m,map,map
example12_map_simulation_comparison,boussinesq_reused_gmsh,mf6_gmsh_existing,watertable_elevation_map,time_index:3,fallback_time_key,time_selector:last,3,3,,248,119.61659988646798,120.64289321145141,-1.0262933249834276,1.0262933249834276,0.00850686930381086,m,map,map
example12_map_simulation_comparison,boussinesq_reused_gmsh,mf6_gmsh_existing,watertable_elevation_map,time_index:3,fallback_time_key,time_selector:last,3,3,,249,102.04794391677765,102.07123027096432,-0.023286354186666358,0.023286354186666358,0.0002281382728987299,m,map,map
example12_map_simulation_comparison,boussinesq_reused_gmsh,mf6_gmsh_existing,watertable_elevation_map,time_index:3,fallback_time_key,time_selector:last,3,3,,250,127.54436946271326,127.6463221528429,-0.10195269012963593,0.10195269012963593,0.0007987123201838783,m,map,map
example12_map_simulation_comparison,boussinesq_reused_gmsh,mf6_gmsh_existing,watertable_elevation_map,time_index:3,fallback_time_key,time_selector:last,3,3,,251,127.09935599029949,127.10474276886175,-0.005386778562268546,0.005386778562268546,4.238062596975102e-05,m,map,map
example12_map_simulation_comparison,boussinesq_reused_gmsh,mf6_gmsh_existing,watertable_elevation_map,time_index:3,fallback_time_key,time_selector:last,3,3,,252,125.77863129386012,125.79218529840568,-0.013554004545568432,0.013554004545568432,0.0001077491778476975,m,map,map
example12_map_simulation_comparison,boussinesq_reused_gmsh,mf6_gmsh_existing,watertable_elevation_map,time_index:3,fallback_time_key,time_selector:last,3,3,,253,129.5122037112453,130.12243763237433,-0.6102339211290371,0.6102339211290371,0.0046896902043372995,m,map,map
example12_map_simulation_comparison,boussinesq_reused_gmsh,mf6_gmsh_existing,watertable_elevation_map,time_index:3,fallback_time_key,time_selector:last,3,3,,254,112.03153607493385,112.06039956001379,-0.0288634850799383,0.0288634850799383,0.0002575707849808308,m,map,map
example12_map_simulation_comparison,boussinesq_reused_gmsh,mf6_gmsh_existing,watertable_elevation_map,time_index:3,fallback_time_key,time_selector:last,3,3,,255,103.75138939720729,104.24293082506178,-0.49154142785448585,0.49154142785448585,0.004715345433633097,m,map,map
example12_map_simulation_comparison,boussinesq_reused_gmsh,mf6_gmsh_existing,watertable_elevation_map,time_index:3,fallback_time_key,time_selector:last,3,3,,256,106.5877779244748,106.65933411723574,-0.07155619276093717,0.07155619276093717,0.0006708854255764003,m,map,map
example12_map_simulation_comparison,boussinesq_reused_gmsh,mf6_gmsh_existing,watertable_elevation_map,time_index:3,fallback_time_key,time_selector:last,3,3,,257,129.07818358001325,129.3322560938748,-0.2540725138615585,0.2540725138615585,0.0019644945625717837,m,map,map
example12_map_simulation_comparison,boussinesq_reused_gmsh,mf6_gmsh_existing,watertable_elevation_map,time_index:3,fallback_time_key,time_selector:last,3,3,,258,115.54377843420458,116.23306303396672,-0.6892845997621322,0.6892845997621322,0.005930193886060656,m,map,map
example12_map_simulation_comparison,boussinesq_reused_gmsh,mf6_gmsh_existing,watertable_elevation_map,time_index:3,fallback_time_key,time_selector:last,3,3,,259,130.48296143586617,130.49537769005704,-0.012416254190867448,0.012416254190867448,9.514708038439198e-05,m,map,map
example12_map_simulation_comparison,boussinesq_reused_gmsh,mf6_gmsh_existing,watertable_elevation_map,time_index:3,fallback_time_key,time_selector:last,3,3,,260,132.2370906853043,132.2447020700462,-0.00761138474189238,0.00761138474189238,5.7555309382910845e-05,m,map,map
example12_map_simulation_comparison,boussinesq_reused_gmsh,mf6_gmsh_existing,watertable_elevation_map,time_index:3,fallback_time_key,time_selector:last,3,3,,261,113.17847416249778,113.84350346510897,-0.6650293026111882,0.6650293026111882,0.005841609598873668,m,map,map
example12_map_simulation_comparison,boussinesq_reused_gmsh,mf6_gmsh_existing,watertable_elevation_map,time_index:3,fallback_time_key,time_selector:last,3,3,,262,100.09635932587295,100.11543128818816,-0.019071962315209134,0.019071962315209134,0.000190499726863378,m,map,map
example12_map_simulation_comparison,boussinesq_reused_gmsh,mf6_gmsh_existing,watertable_elevation_map,time_index:3,fallback_time_key,time_selector:last,3,3,,263,125.49221913740111,125.72675816957188,-0.23453903217077254,0.23453903217077254,0.0018654663142943836,m,map,map
example12_map_simulation_comparison,boussinesq_reused_gmsh,mf6_gmsh_existing,watertable_elevation_map,time_index:3,fallback_time_key,time_selector:last,3,3,,264,130.2262850569507,130.77936614444403,-0.5530810874933252,0.5530810874933252,0.004229115829193228,m,map,map
example12_map_simulation_comparison,boussinesq_reused_gmsh,mf6_gmsh_existing,watertable_elevation_map,time_index:3,fallback_time_key,time_selector:last,3,3,,265,123.4773510784697,123.4896597440908,-0.012308665621105774,0.012308665621105774,9.967365402587697e-05,m,map,map
example12_map_simulation_comparison,boussinesq_reused_gmsh,mf6_gmsh_existing,watertable_elevation_map,time_index:3,fallback_time_key,time_selector:last,3,3,,266,116.53991576842387,118.47124287090139,-1.9313271024775247,1.9313271024775247,0.01630207513381201,m,map,map
example12_map_simulation_comparison,boussinesq_reused_gmsh,mf6_gmsh_existing,watertable_elevation_map,time_index:3,fallback_time_key,time_selector:last,3,3,,267,118.2376433107984,118.25960932310122,-0.021966012302812032,0.021966012302812032,0.00018574399516911916,m,map,map
example12_map_simulation_comparison,boussinesq_reused_gmsh,mf6_gmsh_existing,watertable_elevation_map,time_index:3,fallback_time_key,time_selector:last,3,3,,268,109.50514911916216,111.29512864367311,-1.7899795245109544,1.7899795245109544,0.0160831794376358,m,map,map
example12_map_simulation_comparison,boussinesq_reused_gmsh,mf6_gmsh_existing,watertable_elevation_map,time_index:3,fallback_time_key,time_selector:last,3,3,,269,123.20578104677669,123.61222325885323,-0.4064422120765414,0.4064422120765414,0.003288042245024758,m,map,map
example12_map_simulation_comparison,boussinesq_reused_gmsh,mf6_gmsh_existing,watertable_elevation_map,time_index:3,fallback_time_key,time_selector:last,3,3,,270,132.74286657545824,133.8755757314675,-1.1327091560092697,1.1327091560092697,0.00846090969036278,m,map,map
example12_map_simulation_comparison,boussinesq_reused_gmsh,mf6_gmsh_existing,watertable_elevation_map,time_index:3,fallback_time_key,time_selector:last,3,3,,271,121.946497751731,121.9590635900868,-0.01256583835579761,0.01256583835579761,0.0001030332472708408,m,map,map
example12_map_simulation_comparison,boussinesq_reused_gmsh,mf6_gmsh_existing,watertable_elevation_map,time_index:3,fallback_time_key,time_selector:last,3,3,,272,126.24966452919017,127.23605998798135,-0.9863954587911792,0.9863954587911792,0.007752483524594785,m,map,map
example12_map_simulation_comparison,boussinesq_reused_gmsh,mf6_gmsh_existing,watertable_elevation_map,time_index:3,fallback_time_key,time_selector:last,3,3,,273,106.06539197488458,107.0624787866993,-0.9970868118147251,0.9970868118147251,0.009313130268553023,m,map,map
example12_map_simulation_comparison,boussinesq_reused_gmsh,mf6_gmsh_existing,watertable_elevation_map,time_index:3,fallback_time_key,time_selector:last,3,3,,274,107.40871906195886,107.44610261951922,-0.037383557560360714,0.037383557560360714,0.00034792846505322586,m,map,map
example12_map_simulation_comparison,boussinesq_reused_gmsh,mf6_gmsh_existing,watertable_elevation_map,time_index:3,fallback_time_key,time_selector:last,3,3,,275,112.9950638351881,114.32004362661726,-1.3249797914291577,1.3249797914291577,0.011590091723168843,m,map,map
example12_map_simulation_comparison,boussinesq_reused_gmsh,mf6_gmsh_existing,watertable_elevation_map,time_index:3,fallback_time_key,time_selector:last,3,3,,276,122.80113596139014,124.14166681279912,-1.340530851408971,1.340530851408971,0.01079839578302457,m,map,map
example12_map_simulation_comparison,boussinesq_reused_gmsh,mf6_gmsh_existing,watertable_elevation_map,time_index:3,fallback_time_key,time_selector:last,3,3,,277,123.22561431054636,123.57009800945686,-0.34448369891049424,0.34448369891049424,0.0027877593726933097,m,map,map
example12_map_simulation_comparison,boussinesq_reused_gmsh,mf6_gmsh_existing,watertable_elevation_map,time_index:3,fallback_time_key,time_selector:last,3,3,,278,130.44171653996213,130.44931096712807,-0.007594427165940942,0.007594427165940942,5.821745710757079e-05,m,map,map
example12_map_simulation_comparison,boussinesq_reused_gmsh,mf6_gmsh_existing,watertable_elevation_map,time_index:3,fallback_time_key,time_selector:last,3,3,,279,128.46220171447632,128.4708495564685,-0.008647841992171834,0.008647841992171834,6.731365147835139e-05,m,map,map
example12_map_simulation_comparison,boussinesq_reused_gmsh,mf6_gmsh_existing,watertable_elevation_map,time_index:3,fallback_time_key,time_selector:last,3,3,,280,131.88128350937643,132.12883278971873,-0.24754928034229806,0.24754928034229806,0.001873544745046446,m,map,map
example12_map_simulation_comparison,boussinesq_reused_gmsh,mf6_gmsh_existing,watertable_elevation_map,time_index:3,fallback_time_key,time_selector:last,3,3,,281,126.54370727633595,126.56050580379976,-0.016798527463805613,0.016798527463805613,0.00013273119728082872,m,map,map
example12_map_simulation_comparison,boussinesq_reused_gmsh,mf6_gmsh_existing,watertable_elevation_map,time_index:3,fallback_time_key,time_selector:last,3,3,,282,126.45251190598783,126.63838537401361,-0.18587346802577542,0.18587346802577542,0.0014677498254326048,m,map,map
example12_map_simulation_comparison,boussinesq_reused_gmsh,mf6_gmsh_existing,watertable_elevation_map,time_index:3,fallback_time_key,time_selector:last,3,3,,283,104.55668397706225,105.11213495522101,-0.5554509781587598,0.5554509781587598,0.005284365866941893,m,map,map
example12_map_simulation_comparison,boussinesq_reused_gmsh,mf6_gmsh_existing,watertable_elevation_map,time_index:3,fallback_time_key,time_selector:last,3,3,,284,118.60180861541248,118.61337654164376,-0.011567926231279557,0.011567926231279557,9.752632096446723e-05,m,map,map
example12_map_simulation_comparison,boussinesq_reused_gmsh,mf6_gmsh_existing,watertable_elevation_map,time_index:3,fallback_time_key,time_selector:last,3,3,,285,123.90882857787551,123.93115885198091,-0.022330274105399894,0.022330274105399894,0.00018018288792143387,m,map,map
example12_map_simulation_comparison,boussinesq_reused_gmsh,mf6_gmsh_existing,watertable_elevation_map,time_index:3,fallback_time_key,time_selector:last,3,3,,286,129.26374804812252,129.95798821536124,-0.6942401672387177,0.6942401672387177,0.005342035351364861,m,map,map
example12_map_simulation_comparison,boussinesq_reused_gmsh,mf6_gmsh_existing,watertable_elevation_map,time_index:3,fallback_time_key,time_selector:last,3,3,,287,115.26173540923533,115.35787598654936,-0.09614057731403136,0.09614057731403136,0.0008334114727046576,m,map,map
example12_map_simulation_comparison,boussinesq_reused_gmsh,mf6_gmsh_existing,watertable_elevation_map,time_index:3,fallback_time_key,time_selector:last,3,3,,288,105.28228025402943,105.29636462045575,-0.014084366426317274,0.014084366426317274,0.00013375928482512042,m,map,map
example12_map_simulation_comparison,boussinesq_reused_gmsh,mf6_gmsh_existing,watertable_elevation_map,time_index:3,fallback_time_key,time_selector:last,3,3,,289,124.59759319087195,124.6101967009155,-0.012603510043547317,0.012603510043547317,0.00010114348887352908,m,map,map
example12_map_simulation_comparison,boussinesq_reused_gmsh,mf6_gmsh_existing,watertable_elevation_map,time_index:3,fallback_time_key,time_selector:last,3,3,,290,128.1441414564133,128.16047454071392,-0.0163330843006122,0.0163330843006122,0.00012744244556790805,m,map,map
example12_map_simulation_comparison,boussinesq_reused_gmsh,mf6_gmsh_existing,watertable_elevation_map,time_index:3,fallback_time_key,time_selector:last,3,3,,291,131.27354285722697,131.2841205214217,-0.010577664194727276,0.010577664194727276,8.057078154399727e-05,m,map,map
example12_map_simulation_comparison,boussinesq_reused_gmsh,mf6_gmsh_existing,watertable_elevation_map,time_index:3,fallback_time_key,time_selector:last,3,3,,292,107.49687872152523,108.75326110664892,-1.2563823851236862,1.2563823851236862,0.011552595042567178,m,map,map
example12_map_simulation_comparison,boussinesq_reused_gmsh,mf6_gmsh_existing,watertable_elevation_map,time_index:3,fallback_time_key,time_selector:last,3,3,,293,130.05467846158413,130.23632066178095,-0.1816422001968192,0.1816422001968192,0.00139471231430545,m,map,map
example12_map_simulation_comparison,boussinesq_reused_gmsh,mf6_gmsh_existing,watertable_elevation_map,time_index:3,fallback_time_key,time_selector:last,3,3,,294,125.28488782880629,125.30077757376866,-0.01588974496236517,0.01588974496236517,0.0001268128200801496,m,map,map
example12_map_simulation_comparison,boussinesq_reused_gmsh,mf6_gmsh_existing,watertable_elevation_map,time_index:3,fallback_time_key,time_selector:last,3,3,,295,119.76719247989867,120.21328527673506,-0.44609279683639613,0.44609279683639613,0.0037108444030081646,m,map,map
example12_map_simulation_comparison,boussinesq_reused_gmsh,mf6_gmsh_existing,watertable_elevation_map,time_index:3,fallback_time_key,time_selector:last,3,3,,296,118.924451798909,119.2157313863155,-0.2912795874064926,0.2912795874064926,0.0024432982461233127,m,map,map
example12_map_simulation_comparison,boussinesq_reused_gmsh,mf6_gmsh_existing,watertable_elevation_map,time_index:3,fallback_time_key,time_selector:last,3,3,,297,105.32648747181328,105.45871559656652,-0.1322281247532402,0.1322281247532402,0.0012538378075746754,m,map,map
example12_map_simulation_comparison,boussinesq_reused_gmsh,mf6_gmsh_existing,watertable_elevation_map,time_index:3,fallback_time_key,time_selector:last,3,3,,298,109.55527983464548,110.27432332225874,-0.7190434876132628,0.7190434876132628,0.006520497845286933,m,map,map
example12_map_simulation_comparison,boussinesq_reused_gmsh,mf6_gmsh_existing,watertable_elevation_map,time_index:3,fallback_time_key,time_selector:last,3,3,,299,108.55010649792936,108.56008905846427,-0.009982560534908202,0.009982560534908202,9.195424047167246e-05,m,map,map
example12_map_simulation_comparison,boussinesq_reused_gmsh,mf6_gmsh_existing,watertable_elevation_map,time_index:3,fallback_time_key,time_selector:last,3,3,,300,120.8000447333367,121.79328722677246,-0.9932424934357584,0.9932424934357584,0.008155149729938688,m,map,map
example12_map_simulation_comparison,boussinesq_reused_gmsh,mf6_gmsh_existing,watertable_elevation_map,time_index:3,fallback_time_key,time_selector:last,3,3,,301,102.40067230289357,102.84406963452118,-0.4433973316276081,0.4433973316276081,0.004311355367434575,m,map,map
example12_map_simulation_comparison,boussinesq_reused_gmsh,mf6_gmsh_existing,watertable_elevation_map,time_index:3,fallback_time_key,time_selector:last,3,3,,302,107.8248654495828,109.42719649811534,-1.602331048532534,1.602331048532534,0.01464289591445515,m,map,map
example12_map_simulation_comparison,boussinesq_reused_gmsh,mf6_gmsh_existing,watertable_elevation_map,time_index:3,fallback_time_key,time_selector:last,3,3,,303,114.87847924429406,116.82886587371678,-1.9503866294227237,1.9503866294227237,0.01669438982255417,m,map,map
example12_map_simulation_comparison,boussinesq_reused_gmsh,mf6_gmsh_existing,watertable_elevation_map,time_index:3,fallback_time_key,time_selector:last,3,3,,304,130.96652444506302,130.98170486132946,-0.015180416266446173,0.015180416266446173,0.00011589722612419576,m,map,map
example12_map_simulation_comparison,boussinesq_reused_gmsh,mf6_gmsh_existing,watertable_elevation_map,time_index:3,fallback_time_key,time_selector:last,3,3,,305,130.59929596433915,130.83997504144503,-0.24067907710588088,0.24067907710588088,0.0018394919215602348,m,map,map
example12_map_simulation_comparison,boussinesq_reused_gmsh,mf6_gmsh_existing,watertable_elevation_map,time_index:3,fallback_time_key,time_selector:last,3,3,,306,126.66605000333979,126.76055727426589,-0.09450727092610123,0.09450727092610123,0.0007455573954413932,m,map,map
example12_map_simulation_comparison,boussinesq_reused_gmsh,mf6_gmsh_existing,watertable_elevation_map,time_index:3,fallback_time_key,time_selector:last,3,3,,307,119.36731108298153,119.37838420043681,-0.0110731174552825,0.0110731174552825,9.275646951872534e-05,m,map,map
example12_map_simulation_comparison,boussinesq_reused_gmsh,mf6_gmsh_existing,watertable_elevation_map,time_index:3,fallback_time_key,time_selector:last,3,3,,308,128.06661788664758,128.13682935766255,-0.0702114710149715,0.0702114710149715,0.0005479413792813102,m,map,map
example12_map_simulation_comparison,boussinesq_reused_gmsh,mf6_gmsh_existing,watertable_elevation_map,time_index:3,fallback_time_key,time_selector:last,3,3,,309,128.92990505535778,129.06686934769277,-0.1369642923349943,0.1369642923349943,0.0010611886150738395,m,map,map
example12_map_simulation_comparison,boussinesq_reused_gmsh,mf6_gmsh_existing,watertable_elevation_map,time_index:3,fallback_time_key,time_selector:last,3,3,,310,103.25325714794376,103.39701838612906,-0.14376123818530573,0.14376123818530573,0.001390380887468527,m,map,map
example12_map_simulation_comparison,boussinesq_reused_gmsh,mf6_gmsh_existing,watertable_elevation_map,time_index:3,fallback_time_key,time_selector:last,3,3,,311,103.27576407413585,103.282414498907,-0.006650424771152075,0.006650424771152075,6.439067873672196e-05,m,map,map
example12_map_simulation_comparison,boussinesq_reused_gmsh,mf6_gmsh_existing,watertable_elevation_map,time_index:3,fallback_time_key,time_selector:last,3,3,,312,121.03643999919925,121.17086930094625,-0.13442930174700507,0.13442930174700507,0.0011094193061628491,m,map,map
example12_map_simulation_comparison,boussinesq_reused_gmsh,mf6_gmsh_existing,watertable_elevation_map,time_index:3,fallback_time_key,time_selector:last,3,3,,313,123.60985869847659,123.62058303165672,-0.010724333180135659,0.010724333180135659,8.675200292001029e-05,m,map,map
example12_map_simulation_comparison,boussinesq_reused_gmsh,mf6_gmsh_existing,watertable_elevation_map,time_index:3,fallback_time_key,time_selector:last,3,3,,314,131.5200730106365,131.93214679491905,-0.4120737842825406,0.4120737842825406,0.0031233766318006302,m,map,map
example12_map_simulation_comparison,boussinesq_reused_gmsh,mf6_gmsh_existing,watertable_elevation_map,time_index:3,fallback_time_key,time_selector:last,3,3,,315,109.82852101092391,110.48029711359214,-0.6517761026682365,0.6517761026682365,0.005899478184767209,m,map,map
example12_map_simulation_comparison,boussinesq_reused_gmsh,mf6_gmsh_existing,watertable_elevation_map,time_index:3,fallback_time_key,time_selector:last,3,3,,316,106.8532235744378,106.87266050424614,-0.01943692980833589,0.01943692980833589,0.00018186999104007187,m,map,map
example12_map_simulation_comparison,boussinesq_reused_gmsh,mf6_gmsh_existing,watertable_elevation_map,time_index:3,fallback_time_key,time_selector:last,3,3,,317,110.42297522898902,110.50114164465298,-0.07816641566395788,0.07816641566395788,0.0007073810686528799,m,map,map
example12_map_simulation_comparison,boussinesq_reused_gmsh,mf6_gmsh_existing,watertable_elevation_map,time_index:3,fallback_time_key,time_selector:last,3,3,,318,120.80304670079155,121.07289745549603,-0.2698507547044784,0.2698507547044784,0.0022288287500814965,m,map,map
example12_map_simulation_comparison,boussinesq_reused_gmsh,mf6_gmsh_existing,watertable_elevation_map,time_index:3,fallback_time_key,time_selector:last,3,3,,319,110.7123320626075,112.24313330097779,-1.5308012383702874,1.5308012383702874,0.013638261810328062,m,map,map
example12_map_simulation_comparison,boussinesq_reused_gmsh,mf6_gmsh_existing,watertable_elevation_map,time_index:3,fallback_time_key,time_selector:last,3,3,,320,119.83501126493972,119.93729728510696,-0.10228602016724153,0.10228602016724153,0.0008528291239054187,m,map,map
example12_map_simulation_comparison,boussinesq_reused_gmsh,mf6_gmsh_existing,watertable_elevation_map,time_index:3,fallback_time_key,time_selector:last,3,3,,321,121.53332864206733,121.55270058202105,-0.019371939953714445,0.019371939953714445,0.0001593707080217662,m,map,map
example12_map_simulation_comparison,boussinesq_reused_gmsh,mf6_gmsh_existing,watertable_elevation_map,time_index:3,fallback_time_key,time_selector:last,3,3,,322,120.82000981982564,120.83570525095521,-0.015695431129572057,0.015695431129572057,0.00012989067343112962,m,map,map
example12_map_simulation_comparison,boussinesq_reused_gmsh,mf6_gmsh_existing,watertable_elevation_map,time_index:3,fallback_time_key,time_selector:last,3,3,,323,129.7424662578851,130.20097860913168,-0.45851235124658274,0.45851235124658274,0.003521573771139266,m,map,map
example12_map_simulation_comparison,boussinesq_reused_gmsh,mf6_gmsh_existing,watertable_elevation_map,time_index:3,fallback_time_key,time_selector:last,3,3,,324,106.3851582184718,106.4019070147816,-0.01674879630979831,0.01674879630979831,0.0001574106778694439,m,map,map
example12_map_simulation_comparison,boussinesq_reused_gmsh,mf6_gmsh_existing,watertable_elevation_map,time_index:3,fallback_time_key,time_selector:last,3,3,,325,115.61062650668907,115.62922977121694,-0.018603264527868646,0.018603264527868646,0.0001608872130747296,m,map,map
example12_map_simulation_comparison,boussinesq_reused_gmsh,mf6_gmsh_existing,watertable_elevation_map,time_index:3,fallback_time_key,time_selector:last,3,3,,326,130.31796114814983,130.92375401324836,-0.6057928650985218,0.6057928650985218,0.004627066109311385,m,map,map
example12_map_simulation_comparison,boussinesq_reused_gmsh,mf6_gmsh_existing,watertable_elevation_map,time_index:3,fallback_time_key,time_selector:last,3,3,,327,130.2158183182667,130.36503196483687,-0.14921364657016056,0.14921364657016056,0.001144583361973997,m,map,map
example12_map_simulation_comparison,boussinesq_reused_gmsh,mf6_gmsh_existing,watertable_elevation_map,time_index:3,fallback_time_key,time_selector:last,3,3,,328,116.01433317967124,116.037446987348,-0.023113807676764964,0.023113807676764964,0.0001991926595841526,m,map,map
example12_map_simulation_comparison,boussinesq_reused_gmsh,mf6_gmsh_existing,watertable_elevation_map,time_index:3,fallback_time_key,time_selector:last,3,3,,329,126.04395084406556,126.42593165997157,-0.3819808159060045,0.3819808159060045,0.003021380272944001,m,map,map
example12_map_simulation_comparison,boussinesq_reused_gmsh,mf6_gmsh_existing,watertable_elevation_map,time_index:3,fallback_time_key,time_selector:last,3,3,,330,122.32890134188386,123.70515760438616,-1.3762562625022952,1.3762562625022952,0.011125294119939733,m,map,map
example12_map_simulation_comparison,boussinesq_reused_gmsh,mf6_gmsh_existing,watertable_elevation_map,time_index:3,fallback_time_key,time_selector:last,3,3,,331,122.61039464508735,123.46936999408113,-0.8589753489937806,0.8589753489937806,0.006956991430627354,m,map,map
example12_map_simulation_comparison,boussinesq_reused_gmsh,mf6_gmsh_existing,watertable_elevation_map,time_index:3,fallback_time_key,time_selector:last,3,3,,332,131.8582363547702,132.3598250336295,-0.5015886788592923,0.5015886788592923,0.0037895840277202726,m,map,map
example12_map_simulation_comparison,boussinesq_reused_gmsh,mf6_gmsh_existing,watertable_elevation_map,time_index:3,fallback_time_key,time_selector:last,3,3,,333,127.00508667870963,127.14729605069354,-0.1422093719839097,0.1422093719839097,0.0011184616299446189,m,map,map
example12_map_simulation_comparison,boussinesq_reused_gmsh,mf6_gmsh_existing,watertable_elevation_map,time_index:3,fallback_time_key,time_selector:last,3,3,,334,109.24168842527735,109.2777959024539,-0.03610747717655727,0.03610747717655727,0.000330419156777177,m,map,map
example12_map_simulation_comparison,boussinesq_reused_gmsh,mf6_gmsh_existing,watertable_elevation_map,time_index:3,fallback_time_key,time_selector:last,3,3,,335,128.01050848184073,128.06717089868445,-0.05666241684372153,0.05666241684372153,0.0004424429496342031,m,map,map
example12_map_simulation_comparison,boussinesq_reused_gmsh,mf6_gmsh_existing,watertable_elevation_map,time_index:3,fallback_time_key,time_selector:last,3,3,,336,117.1520166032551,119.18521534221475,-2.0331987389596407,2.0331987389596407,0.017059152287653694,m,map,map
example12_map_simulation_comparison,boussinesq_reused_gmsh,mf6_gmsh_existing,watertable_elevation_map,time_index:3,fallback_time_key,time_selector:last,3,3,,337,114.55545703960222,114.84200628864475,-0.28654924904253676,0.28654924904253676,0.0024951605976154903,m,map,map
example12_map_simulation_comparison,boussinesq_reused_gmsh,mf6_gmsh_existing,watertable_elevation_map,time_index:3,fallback_time_key,time_selector:last,3,3,,338,121.92723325393494,121.94153855507612,-0.014305301141178006,0.014305301141178006,0.00011731278209776625,m,map,map
example12_map_simulation_comparison,boussinesq_reused_gmsh,mf6_gmsh_existing,watertable_elevation_map,time_index:3,fallback_time_key,time_selector:last,3,3,,339,106.18488411550508,106.23705858708165,-0.05217447157656352,0.05217447157656352,0.0004911136685302383,m,map,map
example12_map_simulation_comparison,boussinesq_reused_gmsh,mf6_gmsh_existing,watertable_elevation_map,time_index:3,fallback_time_key,time_selector:last,3,3,,340,105.50787265565396,105.63898920467076,-0.13111654901680936,0.13111654901680936,0.0012411757250230498,m,map,map
example12_map_simulation_comparison,boussinesq_reused_gmsh,mf6_gmsh_existing,watertable_elevation_map,time_index:3,fallback_time_key,time_selector:last,3,3,,341,125.80347762333169,125.81850054704988,-0.015022923718191805,0.015022923718191805,0.0001194015478874188,m,map,map
example12_map_simulation_comparison,boussinesq_reused_gmsh,mf6_gmsh_existing,watertable_elevation_map,time_index:3,fallback_time_key,time_selector:last,3,3,,342,100.50258071314215,100.52516395446888,-0.022583241326728398,0.022583241326728398,0.00022465261869114765,m,map,map
example12_map_simulation_comparison,boussinesq_reused_gmsh,mf6_gmsh_existing,watertable_elevation_map,time_index:3,fallback_time_key,time_selector:last,3,3,,343,109.56750380820573,110.96607045936247,-1.3985666511567416,1.3985666511567416,0.012603552107118355,m,map,map
example12_map_simulation_comparison,boussinesq_reused_gmsh,mf6_gmsh_existing,watertable_elevation_map,time_index:3,fallback_time_key,time_selector:last,3,3,,344,129.74427874826435,130.17656261942446,-0.43228387116010936,0.43228387116010936,0.003320750390559211,m,map,map
example12_map_simulation_comparison,boussinesq_reused_gmsh,mf6_gmsh_existing,watertable_elevation_map,time_index:3,fallback_time_key,time_selector:last,3,3,,345,121.78096723521307,122.20643235005163,-0.4254651148385591,0.4254651148385591,0.0034815279904403438,m,map,map
example12_map_simulation_comparison,boussinesq_reused_gmsh,mf6_gmsh_existing,watertable_elevation_map,time_index:3,fallback_time_key,time_selector:last,3,3,,346,109.83661540513893,112.1550677845413,-2.3184523794023733,2.3184523794023733,0.020671846802823947,m,map,map
example12_map_simulation_comparison,boussinesq_reused_gmsh,mf6_gmsh_existing,watertable_elevation_map,time_index:3,fallback_time_key,time_selector:last,3,3,,347,126.1729441133156,126.17784683109755,-0.004902717781959609,0.004902717781959609,3.885561455587697e-05,m,map,map
example12_map_simulation_comparison,boussinesq_reused_gmsh,mf6_gmsh_existing,watertable_elevation_map,time_index:3,fallback_time_key,time_selector:last,3,3,,348,127.78874976988567,128.48183930679835,-0.6930895369126802,0.6930895369126802,0.005394455283736017,m,map,map
example12_map_simulation_comparison,boussinesq_reused_gmsh,mf6_gmsh_existing,watertable_elevation_map,time_index:3,fallback_time_key,time_selector:last,3,3,,349,122.34471034811179,122.70750926045154,-0.3627989123397555,0.3627989123397555,0.0029566154062315815,m,map,map
example12_map_simulation_comparison,boussinesq_reused_gmsh,mf6_gmsh_existing,watertable_elevation_map,time_index:3,fallback_time_key,time_selector:last,3,3,,350,122.04978913972933,122.40111027067675,-0.3513211309474258,0.3513211309474258,0.0028702446421484027,m,map,map
example12_map_simulation_comparison,boussinesq_reused_gmsh,mf6_gmsh_existing,watertable_elevation_map,time_index:3,fallback_time_key,time_selector:last,3,3,,351,123.45658202219748,124.03358487846921,-0.5770028562717329,0.5770028562717329,0.0046519888692815965,m,map,map
example12_map_simulation_comparison,boussinesq_reused_gmsh,mf6_gmsh_existing,watertable_elevation_map,time_index:3,fallback_time_key,time_selector:last,3,3,,352,116.22593770329144,118.303819923653,-2.077882220361559,2.077882220361559,0.017563948667950992,m,map,map
example12_map_simulation_comparison,boussinesq_reused_gmsh,mf6_gmsh_existing,watertable_elevation_map,time_index:3,fallback_time_key,time_selector:last,3,3,,353,129.6545726408004,130.85570094686113,-1.201128306060724,1.201128306060724,0.009179029246486458,m,map,map
example12_map_simulation_comparison,boussinesq_reused_gmsh,mf6_gmsh_existing,watertable_elevation_map,time_index:3,fallback_time_key,time_selector:last,3,3,,354,129.26638090816263,129.33442455633565,-0.06804364817301689,0.06804364817301689,0.0005261062428385287,m,map,map
example12_map_simulation_comparison,boussinesq_reused_gmsh,mf6_gmsh_existing,watertable_elevation_map,time_index:3,fallback_time_key,time_selector:last,3,3,,355,112.52196328386991,114.21457134556893,-1.6926080616990191,1.6926080616990191,0.014819545717838792,m,map,map
example12_map_simulation_comparison,boussinesq_reused_gmsh,mf6_gmsh_existing,watertable_elevation_map,time_index:3,fallback_time_key,time_selector:last,3,3,,356,129.20981319103774,129.22759140893365,-0.017778217895909165,0.017778217895909165,0.00013757292620003236,m,map,map
example12_map_simulation_comparison,boussinesq_reused_gmsh,mf6_gmsh_existing,watertable_elevation_map,time_index:3,fallback_time_key,time_selector:last,3,3,,357,132.3452103599068,132.3531147036845,-0.00790434377771021,0.00790434377771021,5.9721630241998116e-05,m,map,map
example12_map_simulation_comparison,boussinesq_reused_gmsh,mf6_gmsh_existing,watertable_elevation_map,time_index:3,fallback_time_key,time_selector:last,3,3,,358,129.48183419378344,129.48896014072287,-0.007125946939424921,0.007125946939424921,5.5031308705242185e-05,m,map,map
example12_map_simulation_comparison,boussinesq_reused_gmsh,mf6_gmsh_existing,watertable_elevation_map,time_index:3,fallback_time_key,time_selector:last,3,3,,359,112.9085106703334,112.92368089518223,-0.015170224848830571,0.015170224848830571,0.00013434050970151994,m,map,map
example12_map_simulation_comparison,boussinesq_reused_gmsh,mf6_gmsh_existing,watertable_elevation_map,time_index:3,fallback_time_key,time_selector:last,3,3,,360,121.29643815717762,121.32138207065974,-0.024943913482118774,0.024943913482118774,0.00020560195619590777,m,map,map
example12_map_simulation_comparison,boussinesq_reused_gmsh,mf6_gmsh_existing,watertable_elevation_map,time_index:3,fallback_time_key,time_selector:last,3,3,,361,105.55276244290602,105.83625396239344,-0.283491519487427,0.283491519487427,0.0026785861070645926,m,map,map
example12_map_simulation_comparison,boussinesq_reused_gmsh,mf6_gmsh_existing,watertable_elevation_map,time_index:3,fallback_time_key,time_selector:last,3,3,,362,120.61957148185061,121.37014051193675,-0.7505690300861403,0.7505690300861403,0.006184132496841938,m,map,map
example12_map_simulation_comparison,boussinesq_reused_gmsh,mf6_gmsh_existing,watertable_elevation_map,time_index:3,fallback_time_key,time_selector:last,3,3,,363,124.55512216572298,124.56778439683607,-0.012662231113097278,0.012662231113097278,0.00010164932429687565,m,map,map
example12_map_simulation_comparison,boussinesq_reused_gmsh,mf6_gmsh_existing,watertable_elevation_map,time_index:3,fallback_time_key,time_selector:last,3,3,,364,128.69593444251453,129.33171781973226,-0.6357833772177344,0.6357833772177344,0.004915912259851947,m,map,map
example12_map_simulation_comparison,boussinesq_reused_gmsh,mf6_gmsh_existing,watertable_elevation_map,time_index:3,fallback_time_key,time_selector:last,3,3,,365,99.2625157757256,99.29851553510039,-0.035999759374789164,0.035999759374789164,0.0003625407608642834,m,map,map
example12_map_simulation_comparison,boussinesq_reused_gmsh,mf6_gmsh_existing,watertable_elevation_map,time_index:3,fallback_time_key,time_selector:last,3,3,,366,127.75641814957612,127.97195028237707,-0.21553213280094496,0.21553213280094496,0.0016842138634705621,m,map,map
example12_map_simulation_comparison,boussinesq_reused_gmsh,mf6_gmsh_existing,watertable_elevation_map,time_index:3,fallback_time_key,time_selector:last,3,3,,367,97.52285906914864,97.54649835448927,-0.02363928534063575,0.02363928534063575,0.0002423386358240078,m,map,map
example12_map_simulation_comparison,boussinesq_reused_gmsh,mf6_gmsh_existing,watertable_elevation_map,time_index:3,fallback_time_key,time_selector:last,3,3,,368,126.3641379395076,127.31193179773504,-0.9477938582274419,0.9477938582274419,0.00744465852370566,m,map,map
example12_map_simulation_comparison,boussinesq_reused_gmsh,mf6_gmsh_existing,watertable_elevation_map,time_index:3,fallback_time_key,time_selector:last,3,3,,369,108.51334000052971,108.98159507444463,-0.46825507391491783,0.46825507391491783,0.004296643608446507,m,map,map
example12_map_simulation_comparison,boussinesq_reused_gmsh,mf6_gmsh_existing,watertable_elevation_map,time_index:3,fallback_time_key,time_selector:last,3,3,,370,130.7264990172535,131.80221840887776,-1.0757193916242613,1.0757193916242613,0.008161618253549854,m,map,map
example12_map_simulation_comparison,boussinesq_reused_gmsh,mf6_gmsh_existing,watertable_elevation_map,time_index:3,fallback_time_key,time_selector:last,3,3,,371,126.03589501065011,126.08463076909806,-0.048735758447946864,0.048735758447946864,0.00038653211062019034,m,map,map
example12_map_simulation_comparison,boussinesq_reused_gmsh,mf6_gmsh_existing,watertable_elevation_map,time_index:3,fallback_time_key,time_selector:last,3,3,,372,130.66151568581387,130.67348028847852,-0.011964602664647828,0.011964602664647828,9.156106226171086e-05,m,map,map
example12_map_simulation_comparison,boussinesq_reused_gmsh,mf6_gmsh_existing,watertable_elevation_map,time_index:3,fallback_time_key,time_selector:last,3,3,,373,131.58486318448263,132.08340109649978,-0.4985379120171558,0.4985379120171558,0.003774417586755851,m,map,map
example12_map_simulation_comparison,boussinesq_reused_gmsh,mf6_gmsh_existing,watertable_elevation_map,time_index:3,fallback_time_key,time_selector:last,3,3,,374,130.87483771749856,130.95852246915626,-0.08368475165769951,0.08368475165769951,0.0006390172253005465,m,map,map
example12_map_simulation_comparison,boussinesq_reused_gmsh,mf6_gmsh_existing,watertable_elevation_map,time_index:3,fallback_time_key,time_selector:last,3,3,,375,131.33591268310678,131.46658830656364,-0.13067562345685246,0.13067562345685246,0.0009939835295043426,m,map,map
example12_map_simulation_comparison,boussinesq_reused_gmsh,mf6_gmsh_existing,watertable_elevation_map,time_index:3,fallback_time_key,time_selector:last,3,3,,376,119.20648986956382,119.22167029546493,-0.015180425901107242,0.015180425901107242,0.0001273294180788263,m,map,map
example12_map_simulation_comparison,boussinesq_reused_gmsh,mf6_gmsh_existing,watertable_elevation_map,time_index:3,fallback_time_key,time_selector:last,3,3,,377,101.32048496333911,101.3312806622421,-0.010795698902981599,0.010795698902981599,0.00010653866044549337,m,map,map
example12_map_simulation_comparison,boussinesq_reused_gmsh,mf6_gmsh_existing,watertable_elevation_map,time_index:3,fallback_time_key,time_selector:last,3,3,,378,126.85847282503111,126.86484115810468,-0.006368333073567101,0.006368333073567101,5.019777753578391e-05,m,map,map
example12_map_simulation_comparison,boussinesq_reused_gmsh,mf6_gmsh_existing,watertable_elevation_map,time_index:3,fallback_time_key,time_selector:last,3,3,,379,111.90619133938142,113.24888293007925,-1.3426915906978252,1.3426915906978252,0.011856113331615055,m,map,map
example12_map_simulation_comparison,boussinesq_reused_gmsh,mf6_gmsh_existing,watertable_elevation_map,time_index:3,fallback_time_key,time_selector:last,3,3,,380,111.35526966177476,112.50844354294608,-1.1531738811713268,1.1531738811713268,0.010249665223847345,m,map,map
example12_map_simulation_comparison,boussinesq_reused_gmsh,mf6_gmsh_existing,watertable_elevation_map,time_index:3,fallback_time_key,time_selector:last,3,3,,381,114.67896864235797,116.60139952918486,-1.9224308868268878,1.9224308868268878,0.016487202508626075,m,map,map
example12_map_simulation_comparison,boussinesq_reused_gmsh,mf6_gmsh_existing,watertable_elevation_map,time_index:3,fallback_time_key,time_selector:last,3,3,,382,119.80781212405654,121.40292731334436,-1.5951151892878244,1.5951151892878244,0.013139017522788288,m,map,map
example12_map_simulation_comparison,boussinesq_reused_gmsh,mf6_gmsh_existing,watertable_elevation_map,time_index:3,fallback_time_key,time_selector:last,3,3,,383,123.96123820284632,124.64531574533675,-0.684077542490428,0.684077542490428,0.00548819294491635,m,map,map
example12_map_simulation_comparison,boussinesq_reused_gmsh,mf6_gmsh_existing,watertable_elevation_map,time_index:3,fallback_time_key,time_selector:last,3,3,,384,118.71398998883849,120.4699636765896,-1.7559736877511085,1.7559736877511085,0.014576029029652137,m,map,map
example12_map_simulation_comparison,boussinesq_reused_gmsh,mf6_gmsh_existing,watertable_elevation_map,time_index:3,fallback_time_key,time_selector:last,3,3,,385,130.30369550749367,130.445425351343,-0.1417298438493333,0.1417298438493333,0.0010865068166828903,m,map,map
example12_map_simulation_comparison,boussinesq_reused_gmsh,mf6_gmsh_existing,watertable_elevation_map,time_index:3,fallback_time_key,time_selector:last,3,3,,386,126.2707083602639,127.10883291853425,-0.8381245582703514,0.8381245582703514,0.006593755437968002,m,map,map
example12_map_simulation_comparison,boussinesq_reused_gmsh,mf6_gmsh_existing,watertable_elevation_map,time_index:3,fallback_time_key,time_selector:last,3,3,,387,104.39359416732351,104.46748018957722,-0.07388602225370278,0.07388602225370278,0.0007072633715259691,m,map,map
example12_map_simulation_comparison,boussinesq_reused_gmsh,mf6_gmsh_existing,watertable_elevation_map,time_index:3,fallback_time_key,time_selector:last,3,3,,388,113.69704477104958,114.20911056488427,-0.5120657938346937,0.5120657938346937,0.004483580962166585,m,map,map
example12_map_simulation_comparison,boussinesq_reused_gmsh,mf6_gmsh_existing,watertable_elevation_map,time_index:3,fallback_time_key,time_selector:last,3,3,,389,106.18062826972304,106.86991585007137,-0.6892875803483207,0.6892875803483207,0.006449781258509903,m,map,map
example12_map_simulation_comparison,boussinesq_reused_gmsh,mf6_gmsh_existing,watertable_elevation_map,time_index:3,fallback_time_key,time_selector:last,3,3,,390,117.50456851010281,118.72362848438068,-1.2190599742778687,1.2190599742778687,0.01026804849077072,m,map,map
example12_map_simulation_comparison,boussinesq_reused_gmsh,mf6_gmsh_existing,watertable_elevation_map,time_index:3,fallback_time_key,time_selector:last,3,3,,391,120.92039863567466,122.40679292758799,-1.486394291913328,1.486394291913328,0.012143070301601906,m,map,map
example12_map_simulation_comparison,boussinesq_reused_gmsh,mf6_gmsh_existing,watertable_elevation_map,time_index:3,fallback_time_key,time_selector:last,3,3,,392,127.269962544384,127.27618406866969,-0.006221524285692226,0.006221524285692226,4.888207743827006e-05,m,map,map
example12_map_simulation_comparison,boussinesq_reused_gmsh,mf6_gmsh_existing,watertable_elevation_map,time_index:3,fallback_time_key,time_selector:last,3,3,,393,110.95846882013414,112.23971210516953,-1.2812432850353872,1.2812432850353872,0.011415240301354762,m,map,map
example12_map_simulation_comparison,boussinesq_reused_gmsh,mf6_gmsh_existing,watertable_elevation_map,time_index:3,fallback_time_key,time_selector:last,3,3,,394,101.74976636335634,101.93974426864503,-0.18997790528868563,0.18997790528868563,0.0018636294082515143,m,map,map
example12_map_simulation_comparison,boussinesq_reused_gmsh,mf6_gmsh_existing,watertable_elevation_map,time_index:3,fallback_time_key,time_selector:last,3,3,,395,132.69874202154276,134.33067467827408,-1.6319326567313226,1.6319326567313226,0.01214862249921583,m,map,map
example12_map_simulation_comparison,boussinesq_reused_gmsh,mf6_gmsh_existing,watertable_elevation_map,time_index:3,fallback_time_key,time_selector:last,3,3,,396,122.80679046456905,123.49453848933453,-0.687748024765483,0.687748024765483,0.005569056196156235,m,map,map
example12_map_simulation_comparison,boussinesq_reused_gmsh,mf6_gmsh_existing,watertable_elevation_map,time_index:3,fallback_time_key,time_selector:last,3,3,,397,129.01641631420412,129.32740153181638,-0.31098521761225584,0.31098521761225584,0.002404635165701903,m,map,map
example12_map_simulation_comparison,boussinesq_reused_gmsh,mf6_gmsh_existing,watertable_elevation_map,time_index:3,fallback_time_key,time_selector:last,3,3,,398,122.73204133345988,122.81308864497666,-0.0810473115167838,0.0810473115167838,0.0006599240554162125,m,map,map
example12_map_simulation_comparison,boussinesq_reused_gmsh,mf6_gmsh_existing,watertable_elevation_map,time_index:3,fallback_time_key,time_selector:last,3,3,,399,130.27460828889028,130.7751934004157,-0.5005851115254245,0.5005851115254245,0.0038278292580512696,m,map,map
example12_map_simulation_comparison,boussinesq_reused_gmsh,mf6_gmsh_existing,watertable_elevation_map,time_index:3,fallback_time_key,time_selector:last,3,3,,400,128.53387502711777,129.5428141408893,-1.0089391137715324,1.0089391137715324,0.007788460675821213,m,map,map
example12_map_simulation_comparison,boussinesq_reused_gmsh,mf6_gmsh_existing,watertable_elevation_map,time_index:3,fallback_time_key,time_selector:last,3,3,,401,124.58016573203103,124.97499522398194,-0.394829491950901,0.394829491950901,0.0031592679098989525,m,map,map
example12_map_simulation_comparison,boussinesq_reused_gmsh,mf6_gmsh_existing,watertable_elevation_map,time_index:3,fallback_time_key,time_selector:last,3,3,,402,120.87865268158998,123.11656351289305,-2.2379108313030684,2.2379108313030684,0.018177171027590526,m,map,map
example12_map_simulation_comparison,boussinesq_reused_gmsh,mf6_gmsh_existing,watertable_elevation_map,time_index:3,fallback_time_key,time_selector:last,3,3,,403,116.68621354849613,118.33361618348893,-1.647402634992801,1.647402634992801,0.013921679131636838,m,map,map
example12_map_simulation_comparison,boussinesq_reused_gmsh,mf6_gmsh_existing,watertable_elevation_map,time_index:3,fallback_time_key,time_selector:last,3,3,,404,123.43694664123194,124.10440683669145,-0.6674601954595119,0.6674601954595119,0.0053782151051075915,m,map,map
example12_map_simulation_comparison,boussinesq_reused_gmsh,mf6_gmsh_existing,watertable_elevation_map,time_index:3,fallback_time_key,time_selector:last,3,3,,405,130.56900800604507,131.0238997679782,-0.4548917619331405,0.4548917619331405,0.0034718227952204067,m,map,map
example12_map_simulation_comparison,boussinesq_reused_gmsh,mf6_gmsh_existing,watertable_elevation_map,time_index:3,fallback_time_key,time_selector:last,3,3,,406,128.980054142574,128.98654167229728,-0.0064875297232731555,0.0064875297232731555,5.0296175392897574e-05,m,map,map
example12_map_simulation_comparison,boussinesq_reused_gmsh,mf6_gmsh_existing,watertable_elevation_map,time_index:3,fallback_time_key,time_selector:last,3,3,,407,121.97127283976081,123.81813418321535,-1.8468613434545347,1.8468613434545347,0.01491591967232933,m,map,map
example12_map_simulation_comparison,boussinesq_reused_gmsh,mf6_gmsh_existing,watertable_elevation_map,time_index:3,fallback_time_key,time_selector:last,3,3,,408,126.92984534568319,127.06899102759964,-0.13914568191644605,0.13914568191644605,0.001095040424821059,m,map,map
example12_map_simulation_comparison,boussinesq_reused_gmsh,mf6_gmsh_existing,watertable_elevation_map,time_index:3,fallback_time_key,time_selector:last,3,3,,409,132.42525617469005,132.54451192624583,-0.11925575155578372,0.11925575155578372,0.000899741149766679,m,map,map
example12_map_simulation_comparison,boussinesq_reused_gmsh,mf6_gmsh_existing,watertable_elevation_map,time_index:3,fallback_time_key,time_selector:last,3,3,,410,100.3420635777431,100.37842091773385,-0.03635733999074375,0.03635733999074375,0.0003622027489408384,m,map,map
example12_map_simulation_comparison,boussinesq_reused_gmsh,mf6_gmsh_existing,watertable_elevation_map,time_index:3,fallback_time_key,time_selector:last,3,3,,411,125.44932015790963,126.36281373260768,-0.9134935746980517,0.9134935746980517,0.007229132904804307,m,map,map
example12_map_simulation_comparison,boussinesq_reused_gmsh,mf6_gmsh_existing,watertable_elevation_map,time_index:3,fallback_time_key,time_selector:last,3,3,,412,129.33744715223438,129.51180681214595,-0.17435965991157332,0.17435965991157332,0.0013462838964518361,m,map,map
example12_map_simulation_comparison,boussinesq_reused_gmsh,mf6_gmsh_existing,watertable_elevation_map,time_index:3,fallback_time_key,time_selector:last,3,3,,413,127.90974389090064,127.9158255217085,-0.006081630807855731,0.006081630807855731,4.754400624826224e-05,m,map,map
example12_map_simulation_comparison,boussinesq_reused_gmsh,mf6_gmsh_existing,watertable_elevation_map,time_index:3,fallback_time_key,time_selector:last,3,3,,414,106.49861136665425,106.56089428871283,-0.062282922058585655,0.062282922058585655,0.0005844819760036755,m,map,map
example12_map_simulation_comparison,boussinesq_reused_gmsh,mf6_gmsh_existing,watertable_elevation_map,time_index:3,fallback_time_key,time_selector:last,3,3,,415,120.06593536146266,120.33090950172759,-0.2649741402649255,0.2649741402649255,0.002202045520657527,m,map,map
example12_map_simulation_comparison,boussinesq_reused_gmsh,mf6_gmsh_existing,watertable_elevation_map,time_index:3,fallback_time_key,time_selector:last,3,3,,416,115.75202183904315,117.61837456821516,-1.8663527291720072,1.8663527291720072,0.01586786704053267,m,map,map
example12_map_simulation_comparison,boussinesq_reused_gmsh,mf6_gmsh_existing,watertable_elevation_map,time_index:3,fallback_time_key,time_selector:last,3,3,,417,115.27519200229472,117.06185236905964,-1.7866603667649201,1.7866603667649201,0.015262532845731291,m,map,map
example12_map_simulation_comparison,boussinesq_reused_gmsh,mf6_gmsh_existing,watertable_elevation_map,time_index:3,fallback_time_key,time_selector:last,3,3,,418,130.83639461751596,131.27213457456767,-0.43573995705170887,0.43573995705170887,0.0033193636902749657,m,map,map
example12_map_simulation_comparison,boussinesq_reused_gmsh,mf6_gmsh_existing,watertable_elevation_map,time_index:3,fallback_time_key,time_selector:last,3,3,,419,126.70788552970882,127.39829371477244,-0.6904081850636175,0.6904081850636175,0.005419289104525592,m,map,map
example12_map_simulation_comparison,boussinesq_reused_gmsh,mf6_gmsh_existing,watertable_elevation_map,time_index:3,fallback_time_key,time_selector:last,3,3,,420,129.90753290402637,130.3089446137276,-0.40141170970122175,0.40141170970122175,0.00308046167430117,m,map,map
example12_map_simulation_comparison,boussinesq_reused_gmsh,mf6_gmsh_existing,watertable_elevation_map,time_index:3,fallback_time_key,time_selector:last,3,3,,421,128.6363866303834,129.29323316315063,-0.6568465327672186,0.6568465327672186,0.005080285461949635,m,map,map
example12_map_simulation_comparison,boussinesq_reused_gmsh,mf6_gmsh_existing,watertable_elevation_map,time_index:3,fallback_time_key,time_selector:last,3,3,,422,117.1421168205965,118.64848854804569,-1.5063717274491921,1.5063717274491921,0.012696088638661417,m,map,map
example12_map_simulation_comparison,boussinesq_reused_gmsh,mf6_gmsh_existing,watertable_elevation_map,time_index:3,fallback_time_key,time_selector:last,3,3,,423,115.64536258753427,116.14903278293228,-0.5036701953980156,0.5036701953980156,0.004336413169615548,m,map,map
example12_map_simulation_comparison,boussinesq_reused_gmsh,mf6_gmsh_existing,watertable_elevation_map,time_index:3,fallback_time_key,time_selector:last,3,3,,424,118.84566619598182,120.73169359352566,-1.8860273975438417,1.8860273975438417,0.015621642846273976,m,map,map
example12_map_simulation_comparison,boussinesq_reused_gmsh,mf6_gmsh_existing,watertable_elevation_map,time_index:3,fallback_time_key,time_selector:last,3,3,,425,120.5071746359939,122.65210410195236,-2.1449294659584552,2.1449294659584552,0.017487914142716388,m,map,map
example12_map_simulation_comparison,boussinesq_reused_gmsh,mf6_gmsh_existing,watertable_elevation_map,time_index:3,fallback_time_key,time_selector:last,3,3,,426,116.0591221520104,116.09376503617617,-0.034642884165762666,0.034642884165762666,0.00029840434716685727,m,map,map
example12_map_simulation_comparison,boussinesq_reused_gmsh,mf6_gmsh_existing,watertable_elevation_map,time_index:3,fallback_time_key,time_selector:last,3,3,,427,132.60584515638317,132.8873581457991,-0.28151298941594405,0.28151298941594405,0.002118433185398105,m,map,map
example12_map_simulation_comparison,boussinesq_reused_gmsh,mf6_gmsh_existing,watertable_elevation_map,time_index:3,fallback_time_key,time_selector:last,3,3,,428,102.9391952695949,102.9513235482199,-0.012128278624999211,0.012128278624999211,0.00011780595146325263,m,map,map
example12_map_simulation_comparison,boussinesq_reused_gmsh,mf6_gmsh_existing,watertable_elevation_map,time_index:3,fallback_time_key,time_selector:last,3,3,,429,122.62402208120035,124.83598268983556,-2.2119606086352093,2.2119606086352093,0.017718934564972286,m,map,map
example12_map_simulation_comparison,boussinesq_reused_gmsh,mf6_gmsh_existing,watertable_elevation_map,time_index:3,fallback_time_key,time_selector:last,3,3,,430,126.86866298971843,126.92134435593175,-0.05268136621332076,0.05268136621332076,0.00041507097549789434,m,map,map
example12_map_simulation_comparison,boussinesq_reused_gmsh,mf6_gmsh_existing,watertable_elevation_map,time_index:3,fallback_time_key,time_selector:last,3,3,,431,110.91323219493522,111.02291884325166,-0.10968664831644048,0.10968664831644048,0.0009879640119289442,m,map,map
example12_map_simulation_comparison,boussinesq_reused_gmsh,mf6_gmsh_existing,watertable_elevation_map,time_index:3,fallback_time_key,time_selector:last,3,3,,432,129.863760006908,130.3518194420963,-0.48805943518831896,0.48805943518831896,0.0037441704862824737,m,map,map
example12_map_simulation_comparison,boussinesq_reused_gmsh,mf6_gmsh_existing,watertable_elevation_map,time_index:3,fallback_time_key,time_selector:last,3,3,,433,112.0399311256573,113.60772952998886,-1.5677984043315547,1.5677984043315547,0.013800103310027909,m,map,map
example12_map_simulation_comparison,boussinesq_reused_gmsh,mf6_gmsh_existing,watertable_elevation_map,time_index:3,fallback_time_key,time_selector:last,3,3,,434,118.26868661354094,120.17465298905788,-1.9059663755169396,1.9059663755169396,0.015859969869773467,m,map,map
example12_map_simulation_comparison,boussinesq_reused_gmsh,mf6_gmsh_existing,watertable_elevation_map,time_index:3,fallback_time_key,time_selector:last,3,3,,435,105.39011383018857,105.4399305847239,-0.0498167545353283,0.0498167545353283,0.00047246573721232833,m,map,map
example12_map_simulation_comparison,boussinesq_reused_gmsh,mf6_gmsh_existing,watertable_elevation_map,time_index:3,fallback_time_key,time_selector:last,3,3,,436,107.42055969377778,107.46123017111191,-0.04067047733413176,0.04067047733413176,0.000378466515499326,m,map,map
example12_map_simulation_comparison,boussinesq_reused_gmsh,mf6_gmsh_existing,watertable_elevation_map,time_index:3,fallback_time_key,time_selector:last,3,3,,437,119.2786746235509,119.28668252599128,-0.008007902440382964,0.008007902440382964,6.713157136076886e-05,m,map,map
example12_map_simulation_comparison,boussinesq_reused_gmsh,mf6_gmsh_existing,watertable_elevation_map,time_index:3,fallback_time_key,time_selector:last,3,3,,438,108.74586633658336,109.82418173252117,-1.078315395937807,1.078315395937807,0.009818560711556805,m,map,map
example12_map_simulation_comparison,boussinesq_reused_gmsh,mf6_gmsh_existing,watertable_elevation_map,time_index:3,fallback_time_key,time_selector:last,3,3,,439,124.16330164808878,125.12486562028658,-0.9615639721978084,0.9615639721978084,0.00768483520386622,m,map,map
example12_map_simulation_comparison,boussinesq_reused_gmsh,mf6_gmsh_existing,watertable_elevation_map,time_index:3,fallback_time_key,time_selector:last,3,3,,440,127.91065025497457,128.79544162662884,-0.8847913716542735,0.8847913716542735,0.006869741354816242,m,map,map
example12_map_simulation_comparison,boussinesq_reused_gmsh,mf6_gmsh_existing,watertable_elevation_map,time_index:3,fallback_time_key,time_selector:last,3,3,,441,123.92796961023745,123.93784641712294,-0.009876806885486644,0.009876806885486644,7.969161294158238e-05,m,map,map
example12_map_simulation_comparison,boussinesq_reused_gmsh,mf6_gmsh_existing,watertable_elevation_map,time_index:3,fallback_time_key,time_selector:last,3,3,,442,104.2279811651106,104.25142873557068,-0.023447570460078282,0.023447570460078282,0.00022491366060365512,m,map,map
example12_map_simulation_comparison,boussinesq_reused_gmsh,mf6_gmsh_existing,watertable_elevation_map,time_index:3,fallback_time_key,time_selector:last,3,3,,443,116.06804491377365,116.07857890438561,-0.01053399061196103,0.01053399061196103,9.074879027109663e-05,m,map,map
example12_map_simulation_comparison,boussinesq_reused_gmsh,mf6_gmsh_existing,watertable_elevation_map,time_index:3,fallback_time_key,time_selector:last,3,3,,444,123.82077253734708,123.8310312620157,-0.010258724668616992,0.010258724668616992,8.284453875628655e-05,m,map,map
example12_map_simulation_comparison,boussinesq_reused_gmsh,mf6_gmsh_existing,watertable_elevation_map,time_index:3,fallback_time_key,time_selector:last,3,3,,445,110.66695067141987,110.67942025904604,-0.01246958762617112,0.01246958762617112,0.00011266401284887427,m,map,map
example12_map_simulation_comparison,boussinesq_reused_gmsh,mf6_gmsh_existing,watertable_elevation_map,time_index:3,fallback_time_key,time_selector:last,3,3,,446,122.44005781702332,124.53330604792957,-2.093248230906255,2.093248230906255,0.01680874215369035,m,map,map
example12_map_simulation_comparison,boussinesq_reused_gmsh,mf6_gmsh_existing,watertable_elevation_map,time_index:3,fallback_time_key,time_selector:last,3,3,,447,124.17635320818894,125.40185483964522,-1.2255016314562823,1.2255016314562823,0.009772595732522177,m,map,map
example12_map_simulation_comparison,boussinesq_reused_gmsh,mf6_gmsh_existing,watertable_elevation_map,time_index:3,fallback_time_key,time_selector:last,3,3,,448,113.50263602246049,115.53981926321339,-2.0371832407528956,2.0371832407528956,0.017631871451278203,m,map,map
example12_map_simulation_comparison,boussinesq_reused_gmsh,mf6_gmsh_existing,watertable_elevation_map,time_index:3,fallback_time_key,time_selector:last,3,3,,449,125.05524579760804,125.50252382495671,-0.4472780273486734,0.4472780273486734,0.003563896674878902,m,map,map
example12_map_simulation_comparison,boussinesq_reused_gmsh,mf6_gmsh_existing,watertable_elevation_map,time_index:3,fallback_time_key,time_selector:last,3,3,,450,128.85100648344857,129.02215692056444,-0.17115043711586964,0.17115043711586964,0.0013265197327404971,m,map,map
example12_map_simulation_comparison,boussinesq_reused_gmsh,mf6_gmsh_existing,watertable_elevation_map,time_index:3,fallback_time_key,time_selector:last,3,3,,451,106.3440629848893,107.13420826983247,-0.7901452849431649,0.7901452849431649,0.007375284679876232,m,map,map
example12_map_simulation_comparison,boussinesq_reused_gmsh,mf6_gmsh_existing,watertable_elevation_map,time_index:3,fallback_time_key,time_selector:last,3,3,,452,123.70786687532714,123.91696688848619,-0.2091000131590448,0.2091000131590448,0.001687420362275454,m,map,map
example12_map_simulation_comparison,boussinesq_reused_gmsh,mf6_gmsh_existing,watertable_elevation_map,time_index:3,fallback_time_key,time_selector:last,3,3,,453,128.84514791193587,128.85248587171287,-0.007337959777004244,0.007337959777004244,5.694853092946928e-05,m,map,map
example12_map_simulation_comparison,boussinesq_reused_gmsh,mf6_gmsh_existing,watertable_elevation_map,time_index:3,fallback_time_key,time_selector:last,3,3,,454,127.73908266770721,128.0374052358859,-0.2983225681786905,0.2983225681786905,0.002329964182178519,m,map,map
example12_map_simulation_comparison,boussinesq_reused_gmsh,mf6_gmsh_existing,watertable_elevation_map,time_index:3,fallback_time_key,time_selector:last,3,3,,455,128.25252171077332,128.27045877115643,-0.017937060383104608,0.017937060383104608,0.00013983781265728218,m,map,map
example12_map_simulation_comparison,boussinesq_reused_gmsh,mf6_gmsh_existing,watertable_elevation_map,time_index:3,fallback_time_key,time_selector:last,3,3,,456,132.53511028871444,133.18777688585212,-0.6526665971376815,0.6526665971376815,0.004900349059035995,m,map,map
example12_map_simulation_comparison,boussinesq_reused_gmsh,mf6_gmsh_existing,watertable_elevation_map,time_index:3,fallback_time_key,time_selector:last,3,3,,457,125.39182938525538,125.81034266789004,-0.41851328263466314,0.41851328263466314,0.003326541155200893,m,map,map
example12_map_simulation_comparison,boussinesq_reused_gmsh,mf6_gmsh_existing,watertable_elevation_map,time_index:3,fallback_time_key,time_selector:last,3,3,,458,130.24780593893348,130.26160244712858,-0.013796508195099477,0.013796508195099477,0.00010591385286158516,m,map,map
example12_map_simulation_comparison,boussinesq_reused_gmsh,mf6_gmsh_existing,watertable_elevation_map,time_index:3,fallback_time_key,time_selector:last,3,3,,459,127.00480131698349,127.16944757525012,-0.16464625826662882,0.16464625826662882,0.0012946997994089933,m,map,map
example12_map_simulation_comparison,boussinesq_reused_gmsh,mf6_gmsh_existing,watertable_elevation_map,time_index:3,fallback_time_key,time_selector:last,3,3,,460,126.16918612677307,126.20325761011165,-0.0340714833385789,0.0340714833385789,0.0002699730893146852,m,map,map
example12_map_simulation_comparison,boussinesq_reused_gmsh,mf6_gmsh_existing,watertable_elevation_map,time_index:3,fallback_time_key,time_selector:last,3,3,,461,125.37056696077832,125.37704474894169,-0.006477788163365972,0.006477788163365972,5.1666460765104696e-05,m,map,map
example12_map_simulation_comparison,boussinesq_reused_gmsh,mf6_gmsh_existing,watertable_elevation_map,time_index:3,fallback_time_key,time_selector:last,3,3,,462,115.3783555551495,116.57269713353801,-1.1943415783885172,1.1943415783885172,0.010245465771632255,m,map,map
example12_map_simulation_comparison,boussinesq_reused_gmsh,mf6_gmsh_existing,watertable_elevation_map,time_index:3,fallback_time_key,time_selector:last,3,3,,463,123.27768266579395,123.28410652214795,-0.0064238563540044424,0.0064238563540044424,5.210611923322329e-05,m,map,map
example12_map_simulation_comparison,boussinesq_reused_gmsh,mf6_gmsh_existing,watertable_elevation_map,time_index:3,fallback_time_key,time_selector:last,3,3,,464,132.56651618373022,132.72342584412323,-0.15690966039301202,0.15690966039301202,0.0011822303364689686,m,map,map
example12_map_simulation_comparison,boussinesq_reused_gmsh,mf6_gmsh_existing,watertable_elevation_map,time_index:3,fallback_time_key,time_selector:last,3,3,,465,121.6893762391291,121.70682740694757,-0.01745116781846434,0.01745116781846434,0.0001433869256990274,m,map,map
example12_map_simulation_comparison,boussinesq_reused_gmsh,mf6_gmsh_existing,watertable_elevation_map,time_index:3,fallback_time_key,time_selector:last,3,3,,466,130.35701048579568,130.765620369285,-0.40860988348930505,0.40860988348930505,0.003124750085958234,m,map,map
example12_map_simulation_comparison,boussinesq_reused_gmsh,mf6_gmsh_existing,watertable_elevation_map,time_index:3,fallback_time_key,time_selector:last,3,3,,467,110.46986351138388,110.48290025772172,-0.013036746337846239,0.013036746337846239,0.0001179978648952519,m,map,map
example12_map_simulation_comparison,boussinesq_reused_gmsh,mf6_gmsh_existing,watertable_elevation_map,time_index:3,fallback_time_key,time_selector:last,3,3,,468,119.17759000562876,119.19478811152175,-0.017198105892987314,0.017198105892987314,0.00014428572058785254,m,map,map
example12_map_simulation_comparison,boussinesq_reused_gmsh,mf6_gmsh_existing,watertable_elevation_map,time_index:3,fallback_time_key,time_selector:last,3,3,,469,111.01912016778195,113.11897765288029,-2.0998574850983402,2.0998574850983402,0.018563264349347422,m,map,map
example12_map_simulation_comparison,boussinesq_reused_gmsh,mf6_gmsh_existing,watertable_elevation_map,time_index:3,fallback_time_key,time_selector:last,3,3,,470,103.96664944173962,104.03274045464727,-0.0660910129076484,0.0660910129076484,0.0006352905116102422,m,map,map
example12_map_simulation_comparison,boussinesq_reused_gmsh,mf6_gmsh_existing,watertable_elevation_map,time_index:3,fallback_time_key,time_selector:last,3,3,,471,115.96778241513175,117.82136558006906,-1.8535831649373051,1.8535831649373051,0.015732148034540025,m,map,map
example12_map_simulation_comparison,boussinesq_reused_gmsh,mf6_gmsh_existing,watertable_elevation_map,time_index:3,fallback_time_key,time_selector:last,3,3,,472,118.17849805678193,118.28480004330201,-0.10630198652008005,0.10630198652008005,0.0008986952379440532,m,map,map
example12_map_simulation_comparison,boussinesq_reused_gmsh,mf6_gmsh_existing,watertable_elevation_map,time_index:3,fallback_time_key,time_selector:last,3,3,,473,99.22076475386035,99.26848944492087,-0.04772469106052313,0.04772469106052313,0.0004807637481680748,m,map,map
example12_map_simulation_comparison,boussinesq_reused_gmsh,mf6_gmsh_existing,watertable_elevation_map,time_index:3,fallback_time_key,time_selector:last,3,3,,474,119.21398134916826,119.22303601843039,-0.00905466926212739,0.00905466926212739,7.594731324177697e-05,m,map,map
example12_map_simulation_comparison,boussinesq_reused_gmsh,mf6_gmsh_existing,watertable_elevation_map,time_index:3,fallback_time_key,time_selector:last,3,3,,475,101.47266967053643,101.61598137535915,-0.1433117048227217,0.1433117048227217,0.0014103264356946253,m,map,map
example12_map_simulation_comparison,boussinesq_reused_gmsh,mf6_gmsh_existing,watertable_elevation_map,time_index:3,fallback_time_key,time_selector:last,3,3,,476,132.5266062314169,132.92910802748423,-0.4025017960673267,0.4025017960673267,0.0030279432551680555,m,map,map
example12_map_simulation_comparison,boussinesq_reused_gmsh,mf6_gmsh_existing,watertable_elevation_map,time_index:3,fallback_time_key,time_selector:last,3,3,,477,116.759998087636,118.55417664149094,-1.794178553854934,1.794178553854934,0.015133828302654815,m,map,map
example12_map_simulation_comparison,boussinesq_reused_gmsh,mf6_gmsh_existing,watertable_elevation_map,time_index:3,fallback_time_key,time_selector:last,3,3,,478,126.20959253888817,126.43064826569628,-0.22105572680810326,0.22105572680810326,0.0017484346544166308,m,map,map
example12_map_simulation_comparison,boussinesq_reused_gmsh,mf6_gmsh_existing,watertable_elevation_map,time_index:3,fallback_time_key,time_selector:last,3,3,,479,129.94312059994138,129.95255388045044,-0.00943328050905734,0.00943328050905734,7.259018947588722e-05,m,map,map
example12_map_simulation_comparison,boussinesq_reused_gmsh,mf6_gmsh_existing,watertable_elevation_map,time_index:3,fallback_time_key,time_selector:last,3,3,,480,123.49499107625883,125.20477825012895,-1.7097871738701258,1.7097871738701258,0.0136559258980866,m,map,map
example12_map_simulation_comparison,boussinesq_reused_gmsh,mf6_gmsh_existing,watertable_elevation_map,time_index:3,fallback_time_key,time_selector:last,3,3,,481,131.5206745948348,132.32594691600187,-0.8052723211670809,0.8052723211670809,0.006085520942300555,m,map,map
example12_map_simulation_comparison,boussinesq_reused_gmsh,mf6_gmsh_existing,watertable_elevation_map,time_index:3,fallback_time_key,time_selector:last,3,3,,482,112.05102207225472,112.75871763969009,-0.7076955674353655,0.7076955674353655,0.006276193825622781,m,map,map
example12_map_simulation_comparison,boussinesq_reused_gmsh,mf6_gmsh_existing,watertable_elevation_map,time_index:3,fallback_time_key,time_selector:last,3,3,,483,117.21782496995179,117.47696635951608,-0.25914138956429156,0.25914138956429156,0.002205891057581775,m,map,map
example12_map_simulation_comparison,boussinesq_reused_gmsh,mf6_gmsh_existing,watertable_elevation_map,time_index:3,fallback_time_key,time_selector:last,3,3,,484,125.71527155862923,125.91974676115223,-0.20447520252299967,0.20447520252299967,0.0016238533493150476,m,map,map
example12_map_simulation_comparison,boussinesq_reused_gmsh,mf6_gmsh_existing,watertable_elevation_map,time_index:3,fallback_time_key,time_selector:last,3,3,,485,112.21321816130411,113.23902407605208,-1.0258059147479628,1.0258059147479628,0.009058766826346232,m,map,map
example12_map_simulation_comparison,boussinesq_reused_gmsh,mf6_gmsh_existing,watertable_elevation_map,time_index:3,fallback_time_key,time_selector:last,3,3,,486,111.27458054913312,112.14007986832264,-0.8654993191895244,0.8654993191895244,0.007718019464635773,m,map,map
example12_map_simulation_comparison,boussinesq_reused_gmsh,mf6_gmsh_existing,watertable_elevation_map,time_index:3,fallback_time_key,time_selector:last,3,3,,487,111.44017233218693,111.48700919561634,-0.046836863429405184,0.046836863429405184,0.0004201105022669027,m,map,map
example12_map_simulation_comparison,boussinesq_reused_gmsh,mf6_gmsh_existing,watertable_elevation_map,time_index:3,fallback_time_key,time_selector:last,3,3,,488,112.29249420655891,112.32156758212344,-0.029073375564522053,0.029073375564522053,0.0002588405431865539,m,map,map
example12_map_simulation_comparison,boussinesq_reused_gmsh,mf6_gmsh_existing,watertable_elevation_map,time_index:3,fallback_time_key,time_selector:last,3,3,,489,111.0801280617402,111.8221616930946,-0.7420336313544027,0.7420336313544027,0.006635836940721795,m,map,map
example12_map_simulation_comparison,boussinesq_reused_gmsh,mf6_gmsh_existing,watertable_elevation_map,time_index:3,fallback_time_key,time_selector:last,3,3,,490,110.98900320136174,112.48862842220645,-1.499625220844706,1.499625220844706,0.013331349505090634,m,map,map
example12_map_simulation_comparison,boussinesq_reused_gmsh,mf6_gmsh_existing,watertable_elevation_map,time_index:3,fallback_time_key,time_selector:last,3,3,,491,116.21962385343438,117.7498472071359,-1.5302233537015155,1.5302233537015155,0.01299554428303989,m,map,map
example12_map_simulation_comparison,boussinesq_reused_gmsh,mf6_gmsh_existing,watertable_elevation_map,time_index:3,fallback_time_key,time_selector:last,3,3,,492,132.05812633810953,133.09135415267485,-1.033227814565322,1.033227814565322,0.00776329778251457,m,map,map
example12_map_simulation_comparison,boussinesq_reused_gmsh,mf6_gmsh_existing,watertable_elevation_map,time_index:3,fallback_time_key,time_selector:last,3,3,,493,116.37740551570334,118.42108317579432,-2.043677660090978,2.043677660090978,0.017257718011725744,m,map,map
example12_map_simulation_comparison,boussinesq_reused_gmsh,mf6_gmsh_existing,watertable_elevation_map,time_index:3,fallback_time_key,time_selector:last,3,3,,494,127.25936024632587,128.4632955545715,-1.2039353082456188,1.2039353082456188,0.00937182331379771,m,map,map
example12_map_simulation_comparison,boussinesq_reused_gmsh,mf6_gmsh_existing,watertable_elevation_map,time_index:3,fallback_time_key,time_selector:last,3,3,,495,125.9857996363586,127.03772616775758,-1.0519265313989763,1.0519265313989763,0.008280426320051352,m,map,map
example12_map_simulation_comparison,boussinesq_reused_gmsh,mf6_gmsh_existing,watertable_elevation_map,time_index:3,fallback_time_key,time_selector:last,3,3,,496,132.17729971111794,132.5291159943975,-0.35181628327956105,0.35181628327956105,0.002654633894143183,m,map,map
example12_map_simulation_comparison,boussinesq_reused_gmsh,mf6_gmsh_existing,watertable_elevation_map,time_index:3,fallback_time_key,time_selector:last,3,3,,497,130.17063432687783,130.44204552225295,-0.2714111953751228,0.2714111953751228,0.0020807033061193527,m,map,map
example12_map_simulation_comparison,boussinesq_reused_gmsh,mf6_gmsh_existing,watertable_elevation_map,time_index:3,fallback_time_key,time_selector:last,3,3,,498,128.1702986679171,129.10084632960712,-0.9305476616900137,0.9305476616900137,0.0072079129467070594,m,map,map
example12_map_simulation_comparison,boussinesq_reused_gmsh,mf6_gmsh_existing,watertable_elevation_map,time_index:3,fallback_time_key,time_selector:last,3,3,,499,124.37378767009928,124.38132526167658,-0.007537591577303715,0.007537591577303715,6.060066944491819e-05,m,map,map
example12_map_simulation_comparison,boussinesq_reused_gmsh,mf6_gmsh_existing,watertable_elevation_map,time_index:3,fallback_time_key,time_selector:last,3,3,,500,114.02801639196902,115.41152744675851,-1.3835110547894942,1.3835110547894942,0.011987633171458836,m,map,map
example12_map_simulation_comparison,boussinesq_reused_gmsh,mf6_gmsh_existing,watertable_elevation_map,time_index:3,fallback_time_key,time_selector:last,3,3,,501,123.85442873414719,124.25635569058029,-0.40192695643310117,0.40192695643310117,0.0032346591383540044,m,map,map
example12_map_simulation_comparison,boussinesq_reused_gmsh,mf6_gmsh_existing,watertable_elevation_map,time_index:3,fallback_time_key,time_selector:last,3,3,,502,123.24603863185388,123.26589506279339,-0.019856430939512393,0.019856430939512393,0.00016108617009917664,m,map,map
example12_map_simulation_comparison,boussinesq_reused_gmsh,mf6_gmsh_existing,watertable_elevation_map,time_index:3,fallback_time_key,time_selector:last,3,3,,503,110.77391001454338,112.23571468315629,-1.4618046686129134,1.4618046686129134,0.013024416271947104,m,map,map
example12_map_simulation_comparison,boussinesq_reused_gmsh,mf6_gmsh_existing,watertable_elevation_map,time_index:3,fallback_time_key,time_selector:last,3,3,,504,119.21294704506303,120.63286346337696,-1.4199164183139317,1.4199164183139317,0.01177056050522257,m,map,map
example12_map_simulation_comparison,boussinesq_reused_gmsh,mf6_gmsh_existing,watertable_elevation_map,time_index:3,fallback_time_key,time_selector:last,3,3,,505,125.09909807213711,125.2516990094041,-0.15260093726699608,0.15260093726699608,0.0012183542297141898,m,map,map
example12_map_simulation_comparison,boussinesq_reused_gmsh,mf6_gmsh_existing,watertable_elevation_map,time_index:3,fallback_time_key,time_selector:last,3,3,,506,113.54202187639358,115.62903245151156,-2.0870105751179864,2.0870105751179864,0.018049191720022076,m,map,map
example12_map_simulation_comparison,boussinesq_reused_gmsh,mf6_gmsh_existing,watertable_elevation_map,time_index:3,fallback_time_key,time_selector:last,3,3,,507,129.61932641719835,129.6271450183246,-0.007818601126245994,0.007818601126245994,6.03160790522751e-05,m,map,map
example12_map_simulation_comparison,boussinesq_reused_gmsh,mf6_gmsh_existing,watertable_elevation_map,time_index:3,fallback_time_key,time_selector:last,3,3,,508,120.82215698670883,120.91575917062298,-0.09360218391414321,0.09360218391414321,0.0007741107077867504,m,map,map
example12_map_simulation_comparison,boussinesq_reused_gmsh,mf6_gmsh_existing,watertable_elevation_map,time_index:3,fallback_time_key,time_selector:last,3,3,,509,129.5598179080031,129.882459339652,-0.3226414316488899,0.3226414316488899,0.002484103190602199,m,map,map
example12_map_simulation_comparison,boussinesq_reused_gmsh,mf6_gmsh_existing,watertable_elevation_map,time_index:3,fallback_time_key,time_selector:last,3,3,,510,132.5187983905909,133.59640009933426,-1.077601708743373,1.077601708743373,0.008066098397427873,m,map,map
example12_map_simulation_comparison,boussinesq_reused_gmsh,mf6_gmsh_existing,watertable_elevation_map,time_index:3,fallback_time_key,time_selector:last,3,3,,511,130.55549867978218,131.14186924801345,-0.5863705682312741,0.5863705682312741,0.004471268951659818,m,map,map
example12_map_simulation_comparison,boussinesq_reused_gmsh,mf6_gmsh_existing,watertable_elevation_map,time_index:3,fallback_time_key,time_selector:last,3,3,,512,107.02839878613575,108.73460478392559,-1.7062059977898372,1.7062059977898372,0.015691471920832957,m,map,map
example12_map_simulation_comparison,boussinesq_reused_gmsh,mf6_gmsh_existing,watertable_elevation_map,time_index:3,fallback_time_key,time_selector:last,3,3,,513,130.41418193501602,130.62801588259398,-0.21383394757796736,0.21383394757796736,0.0016369685027609797,m,map,map
example12_map_simulation_comparison,boussinesq_reused_gmsh,mf6_gmsh_existing,watertable_elevation_map,time_index:3,fallback_time_key,time_selector:last,3,3,,514,132.24294061670938,132.39726870021624,-0.15432808350686855,0.15432808350686855,0.0011656440123119889,m,map,map
example12_map_simulation_comparison,boussinesq_reused_gmsh,mf6_gmsh_existing,watertable_elevation_map,time_index:3,fallback_time_key,time_selector:last,3,3,,515,124.32153169283798,124.36470334908743,-0.04317165624945574,0.04317165624945574,0.0003471375324900216,m,map,map
example12_map_simulation_comparison,boussinesq_reused_gmsh,mf6_gmsh_existing,watertable_elevation_map,time_index:3,fallback_time_key,time_selector:last,3,3,,516,127.25547551508332,127.26399866906947,-0.008523153986146781,0.008523153986146781,6.697223154452296e-05,m,map,map
example12_map_simulation_comparison,boussinesq_reused_gmsh,mf6_gmsh_existing,watertable_elevation_map,time_index:3,fallback_time_key,time_selector:last,3,3,,517,126.56036498086392,126.57103570056078,-0.010670719696861397,0.010670719696861397,8.4306173508021e-05,m,map,map
example12_map_simulation_comparison,boussinesq_reused_gmsh,mf6_gmsh_existing,watertable_elevation_map,time_index:3,fallback_time_key,time_selector:last,3,3,,518,107.2575533463572,108.24027247911229,-0.9827191327550935,0.9827191327550935,0.009079052650617949,m,map,map
example12_map_simulation_comparison,boussinesq_reused_gmsh,mf6_gmsh_existing,watertable_elevation_map,time_index:3,fallback_time_key,time_selector:last,3,3,,519,122.33435160442664,122.56549218720248,-0.23114058277583638,0.23114058277583638,0.0018858536660775603,m,map,map
example12_map_simulation_comparison,boussinesq_reused_gmsh,mf6_gmsh_existing,watertable_elevation_map,time_index:3,fallback_time_key,time_selector:last,3,3,,520,116.8560586365244,116.88074733791426,-0.0246887013898629,0.0246887013898629,0.0002112298385506154,m,map,map
example12_map_simulation_comparison,boussinesq_reused_gmsh,mf6_gmsh_existing,watertable_elevation_map,time_index:3,fallback_time_key,time_selector:last,3,3,,521,126.39105198758989,126.40097486341028,-0.009922875820393529,0.009922875820393529,7.850315894411616e-05,m,map,map
example12_map_simulation_comparison,boussinesq_reused_gmsh,mf6_gmsh_existing,watertable_elevation_map,time_index:3,fallback_time_key,time_selector:last,3,3,,522,126.79671384690182,127.58407421820874,-0.7873603713069173,0.7873603713069173,0.006171306067246954,m,map,map
example12_map_simulation_comparison,boussinesq_reused_gmsh,mf6_gmsh_existing,watertable_elevation_map,time_index:3,fallback_time_key,time_selector:last,3,3,,523,120.86115087074916,121.55599520940048,-0.6948443386513219,0.6948443386513219,0.005716249021320064,m,map,map
example12_map_simulation_comparison,boussinesq_reused_gmsh,mf6_gmsh_existing,watertable_elevation_map,time_index:3,fallback_time_key,time_selector:last,3,3,,524,102.17373895479984,102.18639299452315,-0.01265403972330148,0.01265403972330148,0.00012383292288220503,m,map,map
example12_map_simulation_comparison,boussinesq_reused_gmsh,mf6_gmsh_existing,watertable_elevation_map,time_index:3,fallback_time_key,time_selector:last,3,3,,525,128.8233750243748,129.01514803076682,-0.191773006392026,0.191773006392026,0.0014864379053093285,m,map,map
example12_map_simulation_comparison,boussinesq_reused_gmsh,mf6_gmsh_existing,watertable_elevation_map,time_index:3,fallback_time_key,time_selector:last,3,3,,526,102.29440198318667,102.31024911602758,-0.015847132840903555,0.015847132840903555,0.00015489291618214814,m,map,map
example12_map_simulation_comparison,boussinesq_reused_gmsh,mf6_gmsh_existing,watertable_elevation_map,time_index:3,fallback_time_key,time_selector:last,3,3,,527,105.2392718846798,105.26134781065339,-0.022075925973595645,0.022075925973595645,0.0002097249031363948,m,map,map
example12_map_simulation_comparison,boussinesq_reused_gmsh,mf6_gmsh_existing,watertable_elevation_map,time_index:3,fallback_time_key,time_selector:last,3,3,,528,118.68420335836424,118.7126859344779,-0.02848257611366023,0.02848257611366023,0.00023992866381088252,m,map,map
example12_map_simulation_comparison,boussinesq_reused_gmsh,mf6_gmsh_existing,watertable_elevation_map,time_index:3,fallback_time_key,time_selector:last,3,3,,529,129.79907230578516,130.19905371531883,-0.399981409533666,0.399981409533666,0.0030720761643032233,m,map,map
example12_map_simulation_comparison,boussinesq_reused_gmsh,mf6_gmsh_existing,watertable_elevation_map,time_index:3,fallback_time_key,time_selector:last,3,3,,530,124.43363381627391,124.84508358202442,-0.41144976575050407,0.41144976575050407,0.0032956825687106665,m,map,map
example12_map_simulation_comparison,boussinesq_reused_gmsh,mf6_gmsh_existing,watertable_elevation_map,time_index:3,fallback_time_key,time_selector:last,3,3,,531,100.2057339891761,100.25160024407155,-0.045866254895457814,0.045866254895457814,0.00045751144903215794,m,map,map
example12_map_simulation_comparison,boussinesq_reused_gmsh,mf6_gmsh_existing,watertable_elevation_map,time_index:3,fallback_time_key,time_selector:last,3,3,,532,129.0505136964903,129.42115287452842,-0.3706391780381182,0.3706391780381182,0.002863822256300301,m,map,map
example12_map_simulation_comparison,boussinesq_reused_gmsh,mf6_gmsh_existing,watertable_elevation_map,time_index:3,fallback_time_key,time_selector:last,3,3,,533,130.91449679655824,130.9290132449163,-0.014516448358051548,0.014516448358051548,0.00011087266296658806,m,map,map
example12_map_simulation_comparison,boussinesq_reused_gmsh,mf6_gmsh_existing,watertable_elevation_map,time_index:3,fallback_time_key,time_selector:last,3,3,,534,127.02241666178497,127.5081844790846,-0.4857678172996316,0.4857678172996316,0.0038096991129170452,m,map,map
example12_map_simulation_comparison,boussinesq_reused_gmsh,mf6_gmsh_existing,watertable_elevation_map,time_index:3,fallback_time_key,time_selector:last,3,3,,535,131.05143793689638,132.0344034604618,-0.9829655235654116,0.9829655235654116,0.007444768164986366,m,map,map
example12_map_simulation_comparison,boussinesq_reused_gmsh,mf6_gmsh_existing,watertable_elevation_map,time_index:3,fallback_time_key,time_selector:last,3,3,,536,128.85056875160365,130.13399505300106,-1.2834263013974123,1.2834263013974123,0.009862344584708228,m,map,map
example12_map_simulation_comparison,boussinesq_reused_gmsh,mf6_gmsh_existing,watertable_elevation_map,time_index:3,fallback_time_key,time_selector:last,3,3,,537,120.31854030975268,120.35627179091388,-0.037731481161202396,0.037731481161202396,0.0003134982548042908,m,map,map
example12_map_simulation_comparison,boussinesq_reused_gmsh,mf6_gmsh_existing,watertable_elevation_map,time_index:3,fallback_time_key,time_selector:last,3,3,,538,101.42227222253392,101.43607608498064,-0.013803862446721382,0.013803862446721382,0.0001360843496662553,m,map,map
example12_map_simulation_comparison,boussinesq_reused_gmsh,mf6_gmsh_existing,watertable_elevation_map,time_index:3,fallback_time_key,time_selector:last,3,3,,539,100.10405357294587,100.11857514449144,-0.014521571545571987,0.014521571545571987,0.00014504372964371906,m,map,map
example12_map_simulation_comparison,boussinesq_reused_gmsh,mf6_gmsh_existing,watertable_elevation_map,time_index:3,fallback_time_key,time_selector:last,3,3,,540,121.01142385847444,121.0232802833996,-0.011856424925156261,0.011856424925156261,9.796813387797894e-05,m,map,map
example12_map_simulation_comparison,boussinesq_reused_gmsh,mf6_gmsh_existing,watertable_elevation_map,time_index:3,fallback_time_key,time_selector:last,3,3,,541,117.80057888967276,118.46806149210555,-0.6674826024327842,0.6674826024327842,0.0056342831479289784,m,map,map
example12_map_simulation_comparison,boussinesq_reused_gmsh,mf6_gmsh_existing,watertable_elevation_map,time_index:3,fallback_time_key,time_selector:last,3,3,,542,114.66428705537707,114.67342530538549,-0.00913825000841939,0.00913825000841939,7.96893437523421e-05,m,map,map
example12_map_simulation_comparison,boussinesq_reused_gmsh,mf6_gmsh_existing,watertable_elevation_map,time_index:3,fallback_time_key,time_selector:last,3,3,,543,114.0766553782974,115.88622536731269,-1.8095699890152872,1.8095699890152872,0.015615056779006122,m,map,map
example12_map_simulation_comparison,boussinesq_reused_gmsh,mf6_gmsh_existing,watertable_elevation_map,time_index:3,fallback_time_key,time_selector:last,3,3,,544,122.78184907126234,122.79675449373823,-0.014905422475891328,0.014905422475891328,0.00012138286990843393,m,map,map
example12_map_simulation_comparison,boussinesq_reused_gmsh,mf6_gmsh_existing,watertable_elevation_map,time_index:3,fallback_time_key,time_selector:last,3,3,,545,102.62398256735702,102.63514300016209,-0.011160432805070286,0.011160432805070286,0.00010873890247371371,m,map,map
example12_map_simulation_comparison,boussinesq_reused_gmsh,mf6_gmsh_existing,watertable_elevation_map,time_index:3,fallback_time_key,time_selector:last,3,3,,546,127.14877524224985,127.43783703372117,-0.28906179147131184,0.28906179147131184,0.002268257200526901,m,map,map
example12_map_simulation_comparison,boussinesq_reused_gmsh,mf6_gmsh_existing,watertable_elevation_map,time_index:3,fallback_time_key,time_selector:last,3,3,,547,103.114873600553,103.21229363207584,-0.0974200315228444,0.0974200315228444,0.0009438801144185468,m,map,map
example12_map_simulation_comparison,boussinesq_reused_gmsh,mf6_gmsh_existing,watertable_elevation_map,time_index:3,fallback_time_key,time_selector:last,3,3,,548,101.59544073498714,101.67422793341957,-0.07878719843243687,0.07878719843243687,0.0007748984185454541,m,map,map
example12_map_simulation_comparison,boussinesq_reused_gmsh,mf6_gmsh_existing,watertable_elevation_map,time_index:3,fallback_time_key,time_selector:last,3,3,,549,129.85927793785763,129.94493707170886,-0.08565913385123736,0.08565913385123736,0.0006591956237892299,m,map,map
example12_map_simulation_comparison,boussinesq_reused_gmsh,mf6_gmsh_existing,watertable_elevation_map,time_index:3,fallback_time_key,time_selector:last,3,3,,550,115.84218341182171,117.90666234618101,-2.0644789343593004,2.0644789343593004,0.017509434100491005,m,map,map
example12_map_simulation_comparison,boussinesq_reused_gmsh,mf6_gmsh_existing,watertable_elevation_map,time_index:3,fallback_time_key,time_selector:last,3,3,,551,102.06815354015497,102.08396806324917,-0.015814523094206834,0.015814523094206834,0.00015491681401342544,m,map,map
example12_map_simulation_comparison,boussinesq_reused_gmsh,mf6_gmsh_existing,watertable_elevation_map,time_index:3,fallback_time_key,time_selector:last,3,3,,552,131.4716428063099,131.52512834979112,-0.053485543481230025,0.053485543481230025,0.000406656462930682,m,map,map
example12_map_simulation_comparison,boussinesq_reused_gmsh,mf6_gmsh_existing,watertable_elevation_map,time_index:3,fallback_time_key,time_selector:last,3,3,,553,128.23448008513319,128.51758667056745,-0.28310658543426825,0.28310658543426825,0.0022028626024542686,m,map,map
example12_map_simulation_comparison,boussinesq_reused_gmsh,mf6_gmsh_existing,watertable_elevation_map,time_index:3,fallback_time_key,time_selector:last,3,3,,554,104.17008490940708,104.1842198086225,-0.01413489921542066,0.01413489921542066,0.0001356721703285321,m,map,map
example12_map_simulation_comparison,boussinesq_reused_gmsh,mf6_gmsh_existing,watertable_elevation_map,time_index:3,fallback_time_key,time_selector:last,3,3,,555,107.0902153669041,107.43124837562115,-0.3410330087170479,0.3410330087170479,0.003174430287961141,m,map,map
example12_map_simulation_comparison,boussinesq_reused_gmsh,mf6_gmsh_existing,watertable_elevation_map,time_index:3,fallback_time_key,time_selector:last,3,3,,556,127.10453830758482,127.11613233563148,-0.011594028046658877,0.011594028046658877,9.120815614533134e-05,m,map,map
example12_map_simulation_comparison,boussinesq_reused_gmsh,mf6_gmsh_existing,watertable_elevation_map,time_index:3,fallback_time_key,time_selector:last,3,3,,557,117.71750542073413,118.95031173779589,-1.2328063170617583,1.2328063170617583,0.010364044440499268,m,map,map
example12_map_simulation_comparison,boussinesq_reused_gmsh,mf6_gmsh_existing,watertable_elevation_map,time_index:3,fallback_time_key,time_selector:last,3,3,,558,129.34573279666844,129.5693492126117,-0.22361641594326898,0.22361641594326898,0.001725843475344886,m,map,map
example12_map_simulation_comparison,boussinesq_reused_gmsh,mf6_gmsh_existing,watertable_elevation_map,time_index:3,fallback_time_key,time_selector:last,3,3,,559,111.6005774637712,113.06411354406228,-1.4635360802910782,1.4635360802910782,0.0129443024352791,m,map,map
example12_map_simulation_comparison,boussinesq_reused_gmsh,mf6_gmsh_existing,watertable_elevation_map,time_index:3,fallback_time_key,time_selector:last,3,3,,560,122.88732384705958,123.90716649498998,-1.0198426479304032,1.0198426479304032,0.00823069945652933,m,map,map
example12_map_simulation_comparison,boussinesq_reused_gmsh,mf6_gmsh_existing,watertable_elevation_map,time_index:3,fallback_time_key,time_selector:last,3,3,,561,129.02983334435376,129.03530750495884,-0.00547416060507544,0.00547416060507544,4.242374208210468e-05,m,map,map
example12_map_simulation_comparison,boussinesq_reused_gmsh,mf6_gmsh_existing,watertable_elevation_map,time_index:3,fallback_time_key,time_selector:last,3,3,,562,123.97975413473714,125.86486765331732,-1.8851135185801837,1.8851135185801837,0.01497728122014594,m,map,map
example12_map_simulation_comparison,boussinesq_reused_gmsh,mf6_gmsh_existing,watertable_elevation_map,time_index:3,fallback_time_key,time_selector:last,3,3,,563,125.15908751455164,125.16947149501445,-0.010383980462805198,0.010383980462805198,8.295936971515292e-05,m,map,map
example12_map_simulation_comparison,boussinesq_reused_gmsh,mf6_gmsh_existing,watertable_elevation_map,time_index:3,fallback_time_key,time_selector:last,3,3,,564,126.60554249911047,127.19872807748794,-0.5931855783774722,0.5931855783774722,0.004663455266754796,m,map,map
example12_map_simulation_comparison,boussinesq_reused_gmsh,mf6_gmsh_existing,watertable_elevation_map,time_index:3,fallback_time_key,time_selector:last,3,3,,565,106.48221250707174,106.67335910136653,-0.19114659429479275,0.19114659429479275,0.001791886895707066,m,map,map
example12_map_simulation_comparison,boussinesq_reused_gmsh,mf6_gmsh_existing,watertable_elevation_map,time_index:3,fallback_time_key,time_selector:last,3,3,,566,108.47333988005072,110.61140927052901,-2.138069390478293,2.138069390478293,0.01932955564510608,m,map,map
example12_map_simulation_comparison,boussinesq_reused_gmsh,mf6_gmsh_existing,watertable_elevation_map,time_index:3,fallback_time_key,time_selector:last,3,3,,567,107.72286405534868,109.42733152228134,-1.7044674669326554,1.7044674669326554,0.01557624994799033,m,map,map
example12_map_simulation_comparison,boussinesq_reused_gmsh,mf6_gmsh_existing,watertable_elevation_map,time_index:3,fallback_time_key,time_selector:last,3,3,,568,110.04476344786967,110.0765132076719,-0.031749759802224276,0.031749759802224276,0.0002884335529626082,m,map,map
example12_map_simulation_comparison,boussinesq_reused_gmsh,mf6_gmsh_existing,watertable_elevation_map,time_index:3,fallback_time_key,time_selector:last,3,3,,569,113.6704727833447,114.7882678280144,-1.1177950446696912,1.1177950446696912,0.009737885812027997,m,map,map
example12_map_simulation_comparison,boussinesq_reused_gmsh,mf6_gmsh_existing,watertable_elevation_map,time_index:3,fallback_time_key,time_selector:last,3,3,,570,126.68392764077808,126.78324872524858,-0.09932108447050325,0.09932108447050325,0.0007833928020391837,m,map,map
example12_map_simulation_comparison,boussinesq_reused_gmsh,mf6_gmsh_existing,watertable_elevation_map,time_index:3,fallback_time_key,time_selector:last,3,3,,571,111.39633646118264,111.40500409641983,-0.008667635237188165,0.008667635237188165,7.780292552825024e-05,m,map,map
example12_map_simulation_comparison,boussinesq_reused_gmsh,mf6_gmsh_existing,watertable_elevation_map,time_index:3,fallback_time_key,time_selector:last,3,3,,572,106.18493127397625,107.57849325378002,-1.3935619798037777,1.3935619798037777,0.012953908701029438,m,map,map
example12_map_simulation_comparison,boussinesq_reused_gmsh,mf6_gmsh_existing,watertable_elevation_map,time_index:3,fallback_time_key,time_selector:last,3,3,,573,127.35290696137716,127.44978447062915,-0.09687750925199623,0.09687750925199623,0.0007601229743493343,m,map,map
example12_map_simulation_comparison,boussinesq_reused_gmsh,mf6_gmsh_existing,watertable_elevation_map,time_index:3,fallback_time_key,time_selector:last,3,3,,574,130.99545402921436,131.0838554899278,-0.08840146071344179,0.08840146071344179,0.0006743886223291195,m,map,map
example12_map_simulation_comparison,boussinesq_reused_gmsh,mf6_gmsh_existing,watertable_elevation_map,time_index:3,fallback_time_key,time_selector:last,3,3,,575,131.34631905470636,131.6684143670428,-0.32209531233644384,0.32209531233644384,0.002446261040545087,m,map,map
example12_map_simulation_comparison,boussinesq_reused_gmsh,mf6_gmsh_existing,watertable_elevation_map,time_index:3,fallback_time_key,time_selector:last,3,3,,576,120.85434137556113,120.87615648402277,-0.021815108461638033,0.021815108461638033,0.00018047486862739155,m,map,map
example12_map_simulation_comparison,boussinesq_reused_gmsh,mf6_gmsh_existing,watertable_elevation_map,time_index:3,fallback_time_key,time_selector:last,3,3,,577,126.3281458023715,127.26494725427978,-0.9368014519082806,0.9368014519082806,0.007361032806908872,m,map,map
example12_map_simulation_comparison,boussinesq_reused_gmsh,mf6_gmsh_existing,watertable_elevation_map,time_index:3,fallback_time_key,time_selector:last,3,3,,578,130.22382837008092,130.23472095174282,-0.010892581661892109,0.010892581661892109,8.3638077329073e-05,m,map,map
example12_map_simulation_comparison,boussinesq_reused_gmsh,mf6_gmsh_existing,watertable_elevation_map,time_index:3,fallback_time_key,time_selector:last,3,3,,579,105.94587239345249,106.01634529987523,-0.07047290642273651,0.07047290642273651,0.0006647362368830823,m,map,map
example12_map_simulation_comparison,boussinesq_reused_gmsh,mf6_gmsh_existing,watertable_elevation_map,time_index:3,fallback_time_key,time_selector:last,3,3,,580,124.32322342623081,124.41898619162548,-0.09576276539466733,0.09576276539466733,0.0007696796793310716,m,map,map
example12_map_simulation_comparison,boussinesq_reused_gmsh,mf6_gmsh_existing,watertable_elevation_map,time_index:3,fallback_time_key,time_selector:last,3,3,,581,127.85658363029223,127.8633642233916,-0.006780593099364296,0.006780593099364296,5.3029991354817176e-05,m,map,map
example12_map_simulation_comparison,boussinesq_reused_gmsh,mf6_gmsh_existing,watertable_elevation_map,time_index:3,fallback_time_key,time_selector:last,3,3,,582,125.54840220845472,125.6692768028698,-0.12087459441508486,0.12087459441508486,0.0009618468211979441,m,map,map
example12_map_simulation_comparison,boussinesq_reused_gmsh,mf6_gmsh_existing,watertable_elevation_map,time_index:3,fallback_time_key,time_selector:last,3,3,,583,113.21158016482443,113.92963350554128,-0.7180533407168497,0.7180533407168497,0.006302603796947396,m,map,map
example12_map_simulation_comparison,boussinesq_reused_gmsh,mf6_gmsh_existing,watertable_elevation_map,time_index:3,fallback_time_key,time_selector:last,3,3,,584,124.59227293235998,124.60348162451162,-0.011208692151640776,0.011208692151640776,8.995488733948696e-05,m,map,map
example12_map_simulation_comparison,boussinesq_reused_gmsh,mf6_gmsh_existing,watertable_elevation_map,time_index:3,fallback_time_key,time_selector:last,3,3,,585,98.79485583715442,98.806435684652,-0.011579847497586115,0.011579847497586115,0.0001171973001287492,m,map,map
example12_map_simulation_comparison,boussinesq_reused_gmsh,mf6_gmsh_existing,watertable_elevation_map,time_index:3,fallback_time_key,time_selector:last,3,3,,586,103.53359361840623,103.93572877852868,-0.4021351601224552,0.4021351601224552,0.003869075291513512,m,map,map
example12_map_simulation_comparison,boussinesq_reused_gmsh,mf6_gmsh_existing,watertable_elevation_map,time_index:3,fallback_time_key,time_selector:last,3,3,,587,131.1117660412852,131.6232424732336,-0.5114764319484095,0.5114764319484095,0.0038859127182831817,m,map,map
example12_map_simulation_comparison,boussinesq_reused_gmsh,mf6_gmsh_existing,watertable_elevation_map,time_index:3,fallback_time_key,time_selector:last,3,3,,588,125.61373564788482,125.91224307329477,-0.29850742540995157,0.29850742540995157,0.0023707577446316114,m,map,map
example12_map_simulation_comparison,boussinesq_reused_gmsh,mf6_gmsh_existing,watertable_elevation_map,time_index:3,fallback_time_key,time_selector:last,3,3,,589,121.76361746576191,121.91346368937994,-0.14984622361802735,0.14984622361802735,0.0012291195663164535,m,map,map
example12_map_simulation_comparison,boussinesq_reused_gmsh,mf6_gmsh_existing,watertable_elevation_map,time_index:3,fallback_time_key,time_selector:last,3,3,,590,125.12244697624236,125.13695778300043,-0.014510806758067929,0.014510806758067929,0.00011595940172391812,m,map,map
example12_map_simulation_comparison,boussinesq_reused_gmsh,mf6_gmsh_existing,watertable_elevation_map,time_index:3,fallback_time_key,time_selector:last,3,3,,591,120.87227416769906,120.89037673596108,-0.018102568262023055,0.018102568262023055,0.0001497436665414751,m,map,map
example12_map_simulation_comparison,boussinesq_reused_gmsh,mf6_gmsh_existing,watertable_elevation_map,time_index:3,fallback_time_key,time_selector:last,3,3,,592,123.11398206150672,123.12752481499416,-0.013542753487442383,0.013542753487442383,0.00010998965103693192,m,map,map
example12_map_simulation_comparison,boussinesq_reused_gmsh,mf6_gmsh_existing,watertable_elevation_map,time_index:3,fallback_time_key,time_selector:last,3,3,,593,109.77207509870424,109.93978479659168,-0.16770969788744594,0.16770969788744594,0.0015254686754002562,m,map,map
example12_map_simulation_comparison,boussinesq_reused_gmsh,mf6_gmsh_existing,watertable_elevation_map,time_index:3,fallback_time_key,time_selector:last,3,3,,594,129.70722649369625,129.7870152761788,-0.07978878248255228,0.07978878248255228,0.0006147670652011423,m,map,map
example12_map_simulation_comparison,boussinesq_reused_gmsh,mf6_gmsh_existing,watertable_elevation_map,time_index:3,fallback_time_key,time_selector:last,3,3,,595,112.71553186816303,112.7272530635059,-0.011721195342872193,0.011721195342872193,0.0001039783639211802,m,map,map
example12_map_simulation_comparison,boussinesq_reused_gmsh,mf6_gmsh_existing,watertable_elevation_map,time_index:3,fallback_time_key,time_selector:last,3,3,,596,112.51429596050066,112.52265912829871,-0.008363167798052018,0.008363167798052018,7.432429932638107e-05,m,map,map
example12_map_simulation_comparison,boussinesq_reused_gmsh,mf6_gmsh_existing,watertable_elevation_map,time_index:3,fallback_time_key,time_selector:last,3,3,,597,126.95085038981186,127.20626346350268,-0.2554130736908178,0.2554130736908178,0.0020078655463698883,m,map,map
example12_map_simulation_comparison,boussinesq_reused_gmsh,mf6_gmsh_existing,watertable_elevation_map,time_index:3,fallback_time_key,time_selector:last,3,3,,598,109.0241631262635,109.06470478524936,-0.04054165898585893,0.04054165898585893,0.0003717211637411598,m,map,map
example12_map_simulation_comparison,boussinesq_reused_gmsh,mf6_gmsh_existing,watertable_elevation_map,time_index:3,fallback_time_key,time_selector:last,3,3,,599,119.0612086006302,120.66737219667029,-1.6061635960400906,1.6061635960400906,0.01331067020687479,m,map,map
example12_map_simulation_comparison,boussinesq_reused_gmsh,mf6_gmsh_existing,watertable_elevation_map,time_index:3,fallback_time_key,time_selector:last,3,3,,600,123.68681742380605,124.41029974322622,-0.7234823194201709,0.7234823194201709,0.005815292792585386,m,map,map
example12_map_simulation_comparison,boussinesq_reused_gmsh,mf6_gmsh_existing,watertable_elevation_map,time_index:3,fallback_time_key,time_selector:last,3,3,,601,123.47130619320573,123.55945216531285,-0.08814597210711383,0.08814597210711383,0.0007133891463777408,m,map,map
example12_map_simulation_comparison,boussinesq_reused_gmsh,mf6_gmsh_existing,watertable_elevation_map,time_index:3,fallback_time_key,time_selector:last,3,3,,602,124.24324803550218,124.45928804958876,-0.21604001408658746,0.21604001408658746,0.0017358287796127346,m,map,map
example12_map_simulation_comparison,boussinesq_reused_gmsh,mf6_gmsh_existing,watertable_elevation_map,time_index:3,fallback_time_key,time_selector:last,3,3,,603,111.9197541354607,112.99102926244424,-1.0712751269835366,1.0712751269835366,0.00948106353200205,m,map,map
example12_map_simulation_comparison,boussinesq_reused_gmsh,mf6_gmsh_existing,watertable_elevation_map,time_index:3,fallback_time_key,time_selector:last,3,3,,604,101.64436565144825,101.66012421208283,-0.015758560634580476,0.015758560634580476,0.0001550122110976871,m,map,map
example12_map_simulation_comparison,boussinesq_reused_gmsh,mf6_gmsh_existing,watertable_elevation_map,time_index:3,fallback_time_key,time_selector:last,3,3,,605,131.5844648464207,132.26516688990432,-0.6807020434836204,0.6807020434836204,0.005146495176997185,m,map,map
example12_map_simulation_comparison,boussinesq_reused_gmsh,mf6_gmsh_existing,watertable_elevation_map,time_index:3,fallback_time_key,time_selector:last,3,3,,606,106.33874092873705,106.44325440672125,-0.10451347798419874,0.10451347798419874,0.0009818703737190446,m,map,map
example12_map_simulation_comparison,boussinesq_reused_gmsh,mf6_gmsh_existing,watertable_elevation_map,time_index:3,fallback_time_key,time_selector:last,3,3,,607,119.68516915087879,119.70255592144274,-0.01738677056394522,0.01738677056394522,0.00014524978543779504,m,map,map
example12_map_simulation_comparison,boussinesq_reused_gmsh,mf6_gmsh_existing,watertable_elevation_map,time_index:3,fallback_time_key,time_selector:last,3,3,,608,108.07282201744886,108.08705843687554,-0.014236419426680413,0.014236419426680413,0.0001317125253713394,m,map,map
example12_map_simulation_comparison,boussinesq_reused_gmsh,mf6_gmsh_existing,watertable_elevation_map,time_index:3,fallback_time_key,time_selector:last,3,3,,609,132.25911109231546,132.39819054669053,-0.13907945437506442,0.13907945437506442,0.0010504634073984396,m,map,map
example12_map_simulation_comparison,boussinesq_reused_gmsh,mf6_gmsh_existing,watertable_elevation_map,time_index:3,fallback_time_key,time_selector:last,3,3,,610,109.1687755970772,109.18594658127114,-0.01717098419393892,0.01717098419393892,0.0001572636839408442,m,map,map
example12_map_simulation_comparison,boussinesq_reused_gmsh,mf6_gmsh_existing,watertable_elevation_map,time_index:3,fallback_time_key,time_selector:last,3,3,,611,105.75240364589189,105.89922553774954,-0.14682189185765537,0.14682189185765537,0.0013864302700241963,m,map,map
example12_map_simulation_comparison,boussinesq_reused_gmsh,mf6_gmsh_existing,watertable_elevation_map,time_index:3,fallback_time_key,time_selector:last,3,3,,612,112.27482073239254,114.18428121640073,-1.9094604840081928,1.9094604840081928,0.01672262121954777,m,map,map
example12_map_simulation_comparison,boussinesq_reused_gmsh,mf6_gmsh_existing,watertable_elevation_map,time_index:3,fallback_time_key,time_selector:last,3,3,,613,106.48922412650562,106.78132361787135,-0.29209949136573243,0.29209949136573243,0.0027354923264581586,m,map,map
example12_map_simulation_comparison,boussinesq_reused_gmsh,mf6_gmsh_existing,watertable_elevation_map,time_index:3,fallback_time_key,time_selector:last,3,3,,614,106.77559177097548,107.16217013732343,-0.3865783663479476,0.3865783663479476,0.00360741449946903,m,map,map
example12_map_simulation_comparison,boussinesq_reused_gmsh,mf6_gmsh_existing,watertable_elevation_map,time_index:3,fallback_time_key,time_selector:last,3,3,,615,128.78648496887885,129.48409564565242,-0.6976106767735644,0.6976106767735644,0.005387616705318414,m,map,map
example12_map_simulation_comparison,boussinesq_reused_gmsh,mf6_gmsh_existing,watertable_elevation_map,time_index:3,fallback_time_key,time_selector:last,3,3,,616,112.76135316348125,113.34542675120149,-0.5840735877202405,0.5840735877202405,0.005153040616295084,m,map,map
example12_map_simulation_comparison,boussinesq_reused_gmsh,mf6_gmsh_existing,watertable_elevation_map,time_index:3,fallback_time_key,time_selector:last,3,3,,617,108.08202334340157,108.87550417723689,-0.7934808338353179,0.7934808338353179,0.007287964724770612,m,map,map
example12_map_simulation_comparison,boussinesq_reused_gmsh,mf6_gmsh_existing,watertable_elevation_map,time_index:3,fallback_time_key,time_selector:last,3,3,,618,110.54147486451325,110.57197159693,-0.03049673241675066,0.03049673241675066,0.00027580888697472945,m,map,map
example12_map_simulation_comparison,boussinesq_reused_gmsh,mf6_gmsh_existing,watertable_elevation_map,time_index:3,fallback_time_key,time_selector:last,3,3,,619,126.57284717685897,127.21853221270497,-0.6456850358460002,0.6456850358460002,0.0050754007660333425,m,map,map
example12_map_simulation_comparison,boussinesq_reused_gmsh,mf6_gmsh_existing,watertable_elevation_map,time_index:3,fallback_time_key,time_selector:last,3,3,,620,127.33896606508328,128.03954735323111,-0.7005812881478306,0.7005812881478306,0.005471600787646421,m,map,map
example12_map_simulation_comparison,boussinesq_reused_gmsh,mf6_gmsh_existing,watertable_elevation_map,time_index:3,fallback_time_key,time_selector:last,3,3,,621,101.82531235930756,101.85006705009414,-0.02475469078657966,0.02475469078657966,0.00024305031408967321,m,map,map
example12_map_simulation_comparison,boussinesq_reused_gmsh,mf6_gmsh_existing,watertable_elevation_map,time_index:3,fallback_time_key,time_selector:last,3,3,,622,130.8733026888361,130.88194870357555,-0.008646014739440488,0.008646014739440488,6.60596424876144e-05,m,map,map
example12_map_simulation_comparison,boussinesq_reused_gmsh,mf6_gmsh_existing,watertable_elevation_map,time_index:3,fallback_time_key,time_selector:last,3,3,,623,109.94427866256632,110.0555596721431,-0.11128100957678555,0.11128100957678555,0.0010111348296105447,m,map,map
example12_map_simulation_comparison,boussinesq_reused_gmsh,mf6_gmsh_existing,watertable_elevation_map,time_index:3,fallback_time_key,time_selector:last,3,3,,624,107.66982898556275,107.68970538829309,-0.019876402730346854,0.019876402730346854,0.00018457105680324027,m,map,map
example12_map_simulation_comparison,boussinesq_reused_gmsh,mf6_gmsh_existing,watertable_elevation_map,time_index:3,fallback_time_key,time_selector:last,3,3,,625,111.9033553660519,111.93205428740626,-0.028698921354362028,0.028698921354362028,0.00025639591390570066,m,map,map
example12_map_simulation_comparison,boussinesq_reused_gmsh,mf6_gmsh_existing,watertable_elevation_map,time_index:3,fallback_time_key,time_selector:last,3,3,,626,113.72431331076285,113.74665395684447,-0.022340646081616455,0.022340646081616455,0.00019640706169776656,m,map,map
example12_map_simulation_comparison,boussinesq_reused_gmsh,mf6_gmsh_existing,watertable_elevation_map,time_index:3,fallback_time_key,time_selector:last,3,3,,627,131.25360687140264,131.35217472239867,-0.09856785099603371,0.09856785099603371,0.0007504089765117954,m,map,map
example12_map_simulation_comparison,boussinesq_reused_gmsh,mf6_gmsh_existing,watertable_elevation_map,time_index:3,fallback_time_key,time_selector:last,3,3,,628,107.62634006373389,107.70176823938908,-0.07542817565519044,0.07542817565519044,0.0007003429645420119,m,map,map
example12_map_simulation_comparison,boussinesq_reused_gmsh,mf6_gmsh_existing,watertable_elevation_map,time_index:3,fallback_time_key,time_selector:last,3,3,,629,128.98861597363256,129.22558300971687,-0.2369670360843088,0.2369670360843088,0.001833747084480095,m,map,map
example12_map_simulation_comparison,boussinesq_reused_gmsh,mf6_gmsh_existing,watertable_elevation_map,time_index:3,fallback_time_key,time_selector:last,3,3,,630,106.99563812676516,107.02606293464653,-0.03042480788137425,0.03042480788137425,0.00028427475557941983,m,map,map
example12_map_simulation_comparison,boussinesq_reused_gmsh,mf6_gmsh_existing,watertable_elevation_map,time_index:3,fallback_time_key,time_selector:last,3,3,,631,129.64675864324843,129.6558725895768,-0.009113946328369593,0.009113946328369593,7.029335537480525e-05,m,map,map
example12_map_simulation_comparison,boussinesq_reused_gmsh,mf6_gmsh_existing,watertable_elevation_map,time_index:3,fallback_time_key,time_selector:last,3,3,,632,110.88459010590742,111.18869114510308,-0.30410103919565756,0.30410103919565756,0.0027349997204194148,m,map,map
example12_map_simulation_comparison,boussinesq_reused_gmsh,mf6_gmsh_existing,watertable_elevation_map,time_index:3,fallback_time_key,time_selector:last,3,3,,633,109.27121788284822,109.86648331983427,-0.5952654369860539,0.5952654369860539,0.005418080373549103,m,map,map
example12_map_simulation_comparison,boussinesq_reused_gmsh,mf6_gmsh_existing,watertable_elevation_map,time_index:3,fallback_time_key,time_selector:last,3,3,,634,127.02661086873623,127.17924834486072,-0.15263747612449663,0.15263747612449663,0.0012001759572489615,m,map,map
example12_map_simulation_comparison,boussinesq_reused_gmsh,mf6_gmsh_existing,watertable_elevation_map,time_index:3,fallback_time_key,time_selector:last,3,3,,635,110.6316932171888,111.31200445770439,-0.6803112405155929,0.6803112405155929,0.006111750873860987,m,map,map
example12_map_simulation_comparison,boussinesq_reused_gmsh,mf6_gmsh_existing,watertable_elevation_map,time_index:3,fallback_time_key,time_selector:last,3,3,,636,106.61919865351204,107.02953983249698,-0.41034117898493605,0.41034117898493605,0.003833905850918605,m,map,map
example12_map_simulation_comparison,boussinesq_reused_gmsh,mf6_gmsh_existing,watertable_elevation_map,time_index:3,fallback_time_key,time_selector:last,3,3,,637,104.62455687556809,104.66041242331137,-0.03585554774328159,0.03585554774328159,0.0003425893985422072,m,map,map
example12_map_simulation_comparison,boussinesq_reused_gmsh,mf6_gmsh_existing,watertable_elevation_map,time_index:3,fallback_time_key,time_selector:last,3,3,,638,105.79291024727652,105.83672128252537,-0.04381103524885077,0.04381103524885077,0.0004139492863908699,m,map,map
example12_map_simulation_comparison,boussinesq_reused_gmsh,mf6_gmsh_existing,watertable_elevation_map,time_index:3,fallback_time_key,time_selector:last,3,3,,639,105.3439585790733,105.69312407421342,-0.3491654951401131,0.3491654951401131,0.003303578148517431,m,map,map
example12_map_simulation_comparison,boussinesq_reused_gmsh,mf6_gmsh_existing,watertable_elevation_map,time_index:3,fallback_time_key,time_selector:last,3,3,,640,109.0687174451502,109.42267312835261,-0.35395568320241466,0.35395568320241466,0.0032347563177078046,m,map,map
example12_map_simulation_comparison,boussinesq_reused_gmsh,mf6_gmsh_existing,watertable_elevation_map,time_index:3,fallback_time_key,time_selector:last,3,3,,641,109.18947851557066,109.90414732728924,-0.7146688117185818,0.7146688117185818,0.006502655533010347,m,map,map
example12_map_simulation_comparison,boussinesq_reused_gmsh,mf6_gmsh_existing,watertable_elevation_map,time_index:3,fallback_time_key,time_selector:last,3,3,,642,109.47907179472118,110.44088635496375,-0.9618145602425727,0.9618145602425727,0.00870886310302909,m,map,map
example12_map_simulation_comparison,boussinesq_reused_gmsh,mf6_gmsh_existing,watertable_elevation_map,time_index:3,fallback_time_key,time_selector:last,3,3,,643,103.1904664038015,103.20332593985614,-0.012859536054648402,0.012859536054648402,0.00012460389175967604,m,map,map
example12_map_simulation_comparison,boussinesq_reused_gmsh,mf6_gmsh_existing,watertable_elevation_map,time_index:3,fallback_time_key,time_selector:last,3,3,,644,101.7110722883313,101.7616871424165,-0.050614854085210936,0.050614854085210936,0.0004973861529474736,m,map,map
example12_map_simulation_comparison,boussinesq_reused_gmsh,mf6_gmsh_existing,watertable_elevation_map,time_index:3,fallback_time_key,time_selector:last,3,3,,645,103.41050208042446,103.4296583266626,-0.01915624623813983,0.01915624623813983,0.00018521037918967618,m,map,map
example12_map_simulation_comparison,boussinesq_reused_gmsh,mf6_gmsh_existing,watertable_elevation_map,time_index:3,fallback_time_key,time_selector:last,3,3,,646,102.87839586892534,102.90358253558742,-0.025186666662079915,0.025186666662079915,0.00024475986201325444,m,map,map
example12_map_simulation_comparison,boussinesq_reused_gmsh,mf6_gmsh_existing,watertable_elevation_map,time_index:3,fallback_time_key,time_selector:last,3,3,,647,104.43656434587108,104.45399725924183,-0.017432913370754477,0.017432913370754477,0.0001668956079056329,m,map,map
example12_map_simulation_comparison,boussinesq_reused_gmsh,mf6_gmsh_existing,watertable_elevation_map,time_index:3,fallback_time_key,time_selector:last,3,3,,648,102.96628927279944,103.0253297695334,-0.059040496733956616,0.059040496733956616,0.0005730677772740897,m,map,map
example12_map_simulation_comparison,boussinesq_reused_gmsh,mf6_gmsh_existing,watertable_elevation_map,time_index:3,fallback_time_key,time_selector:last,3,3,,649,103.24194245477858,103.27907414836665,-0.03713169358806567,0.03713169358806567,0.00035952775423532307,m,map,map
example12_map_simulation_comparison,boussinesq_reused_gmsh,mf6_gmsh_existing,watertable_elevation_map,time_index:3,fallback_time_key,time_selector:last,3,3,,650,102.64133396884392,102.65688316020295,-0.015549191359028214,0.015549191359028214,0.0001514675965250441,m,map,map
example12_map_simulation_comparison,boussinesq_reused_gmsh,mf6_gmsh_existing,watertable_elevation_map,time_index:3,fallback_time_key,time_selector:last,3,3,,651,102.96525905178186,102.97837794824407,-0.013118896462216867,0.013118896462216867,0.00012739466986759392,m,map,map
example12_map_simulation_comparison,boussinesq_reused_gmsh,mf6_gmsh_existing,watertable_elevation_map,time_index:3,fallback_time_key,time_selector:last,3,3,,652,109.79718663933468,109.80854809016519,-0.011361450830506215,0.011361450830506215,0.00010346599630091807,m,map,map
example12_map_simulation_comparison,boussinesq_reused_gmsh,mf6_gmsh_existing,watertable_elevation_map,time_index:3,fallback_time_key,time_selector:last,3,3,,653,105.09789453615016,105.29159544706823,-0.19370091091806785,0.19370091091806785,0.0018396616567126138,m,map,map
example12_map_simulation_comparison,boussinesq_reused_gmsh,mf6_gmsh_existing,watertable_elevation_map,time_index:3,fallback_time_key,time_selector:last,3,3,,654,103.68544135061174,103.72959676341283,-0.044155412801089255,0.044155412801089255,0.00042567805311920015,m,map,map
example12_map_simulation_comparison,boussinesq_reused_gmsh,mf6_gmsh_existing,watertable_elevation_map,time_index:3,fallback_time_key,time_selector:last,3,3,,655,103.44009862408961,103.47419679207674,-0.03409816798712484,0.03409816798712484,0.00032953305311122567,m,map,map
example12_map_simulation_comparison,boussinesq_reused_gmsh,mf6_gmsh_existing,watertable_elevation_map,time_index:3,fallback_time_key,time_selector:last,3,3,,656,103.59764509686151,103.64708424831609,-0.04943915145457822,0.04943915145457822,0.0004769951013395868,m,map,map
example12_map_simulation_comparison,boussinesq_reused_gmsh,mf6_gmsh_existing,watertable_elevation_map,time_index:3,fallback_time_key,time_selector:last,3,3,,657,103.12828970105247,103.17378023720694,-0.045490536154474626,0.045490536154474626,0.00044091179028128355,m,map,map
example12_map_simulation_comparison,boussinesq_reused_gmsh,mf6_gmsh_existing,watertable_elevation_map,time_index:3,fallback_time_key,time_selector:last,3,3,,658,102.6,102.6578919020683,-0.05789190206830597,0.05789190206830597,0.0005639303612773641,m,map,map
example12_map_simulation_comparison,boussinesq_reused_gmsh,mf6_gmsh_existing,watertable_elevation_map,time_index:3,fallback_time_key,time_selector:last,3,3,,659,102.04890514248245,102.08425670247448,-0.035351559992022885,0.035351559992022885,0.0003462978634899144,m,map,map
example12_map_simulation_comparison,boussinesq_reused_gmsh,mf6_gmsh_existing,watertable_elevation_map,time_index:3,fallback_time_key,time_selector:last,3,3,,660,102.64857445599267,102.68365933532354,-0.035084879330867125,0.035084879330867125,0.0003416792852725867,m,map,map
example12_map_simulation_comparison,boussinesq_reused_gmsh,mf6_gmsh_existing,watertable_elevation_map,time_index:3,fallback_time_key,time_selector:last,3,3,,661,104.54134289769576,104.56178560042963,-0.02044270273387383,0.02044270273387383,0.00019550835533732348,m,map,map
example12_map_simulation_comparison,boussinesq_reused_gmsh,mf6_gmsh_existing,watertable_elevation_map,time_index:3,fallback_time_key,time_selector:last,3,3,,662,108.70128057629601,108.7957944890076,-0.09451391271159082,0.09451391271159082,0.0008687276301028366,m,map,map
example12_map_simulation_comparison,boussinesq_reused_gmsh,mf6_gmsh_existing,watertable_elevation_map,time_index:3,fallback_time_key,time_selector:last,3,3,,663,103.6369235204449,103.6663883016926,-0.029464781247710903,0.029464781247710903,0.0002842269488733584,m,map,map
example12_map_simulation_comparison,boussinesq_reused_gmsh,mf6_gmsh_existing,watertable_elevation_map,time_index:3,fallback_time_key,time_selector:last,3,3,,664,109.40755767984433,109.78538867154789,-0.3778309917035614,0.3778309917035614,0.003441541686698792,m,map,map
example12_map_simulation_comparison,boussinesq_reused_gmsh,mf6_gmsh_existing,watertable_elevation_map,time_index:3,fallback_time_key,time_selector:last,3,3,,665,104.01053462678246,104.0439021803031,-0.03336755352064813,0.03336755352064813,0.00032070647891333176,m,map,map
example12_map_simulation_comparison,boussinesq_reused_gmsh,mf6_gmsh_existing,watertable_elevation_map,time_index:3,fallback_time_key,time_selector:last,3,3,,666,103.0299907989403,103.0707105957891,-0.04071979684879068,0.04071979684879068,0.0003950666160484807,m,map,map
example12_map_simulation_comparison,boussinesq_reused_gmsh,mf6_gmsh_existing,watertable_elevation_map,time_index:3,fallback_time_key,time_selector:last,3,3,,667,103.58375031424137,103.61343332878253,-0.02968301454116329,0.02968301454116329,0.00028647843805131116,m,map,map
example12_map_simulation_comparison,boussinesq_reused_gmsh,mf6_gmsh_existing,watertable_elevation_map,time_index:3,fallback_time_key,time_selector:last,3,3,,668,102.48557571510295,102.51723383507738,-0.03165811997442347,0.03165811997442347,0.0003088077856777999,m,map,map
example12_map_simulation_comparison,boussinesq_reused_gmsh,mf6_gmsh_existing,watertable_depth_map,time_index:3,fallback_time_key,time_selector:last,3,3,,0,1.0085139281312934,0.0,1.0085139281312934,1.0085139281312934,nan,m,map,map
example12_map_simulation_comparison,boussinesq_reused_gmsh,mf6_gmsh_existing,watertable_depth_map,time_index:3,fallback_time_key,time_selector:last,3,3,,1,0.0411242036666124,0.0,0.0411242036666124,0.0411242036666124,nan,m,map,map
example12_map_simulation_comparison,boussinesq_reused_gmsh,mf6_gmsh_existing,watertable_depth_map,time_index:3,fallback_time_key,time_selector:last,3,3,,2,0.9983097750599939,0.32841287388473006,0.6698969011752638,0.6698969011752638,2.039800977504894,m,map,map
example12_map_simulation_comparison,boussinesq_reused_gmsh,mf6_gmsh_existing,watertable_depth_map,time_index:3,fallback_time_key,time_selector:last,3,3,,3,0.0,0.0,0.0,0.0,nan,m,map,map
example12_map_simulation_comparison,boussinesq_reused_gmsh,mf6_gmsh_existing,watertable_depth_map,time_index:3,fallback_time_key,time_selector:last,3,3,,4,1.7820046692586402,0.12235895949227427,1.659645709766366,1.659645709766366,13.56374487534896,m,map,map
example12_map_simulation_comparison,boussinesq_reused_gmsh,mf6_gmsh_existing,watertable_depth_map,time_index:3,fallback_time_key,time_selector:last,3,3,,5,3.2395026433907077,0.9931318219231287,2.246370821467579,2.246370821467579,2.2619059946318534,m,map,map
example12_map_simulation_comparison,boussinesq_reused_gmsh,mf6_gmsh_existing,watertable_depth_map,time_index:3,fallback_time_key,time_selector:last,3,3,,6,0.2347847740288529,0.05205126333967769,0.1827335106891752,0.1827335106891752,3.5106450634384685,m,map,map
example12_map_simulation_comparison,boussinesq_reused_gmsh,mf6_gmsh_existing,watertable_depth_map,time_index:3,fallback_time_key,time_selector:last,3,3,,7,0.0,0.0,0.0,0.0,nan,m,map,map
example12_map_simulation_comparison,boussinesq_reused_gmsh,mf6_gmsh_existing,watertable_depth_map,time_index:3,fallback_time_key,time_selector:last,3,3,,8,1.4286084493958526,0.1912407224023127,1.23736772699354,1.23736772699354,6.470210483677697,m,map,map
example12_map_simulation_comparison,boussinesq_reused_gmsh,mf6_gmsh_existing,watertable_depth_map,time_index:3,fallback_time_key,time_selector:last,3,3,,9,0.9284479738301314,0.1302948647177118,0.7981531091124197,0.7981531091124197,6.125744946599739,m,map,map
example12_map_simulation_comparison,boussinesq_reused_gmsh,mf6_gmsh_existing,watertable_depth_map,time_index:3,fallback_time_key,time_selector:last,3,3,,10,0.6834595687146816,0.0,0.6834595687146816,0.6834595687146816,nan,m,map,map
example12_map_simulation_comparison,boussinesq_reused_gmsh,mf6_gmsh_existing,watertable_depth_map,time_index:3,fallback_time_key,time_selector:last,3,3,,11,0.0,0.0,0.0,0.0,nan,m,map,map
example12_map_simulation_comparison,boussinesq_reused_gmsh,mf6_gmsh_existing,watertable_depth_map,time_index:3,fallback_time_key,time_selector:last,3,3,,12,1.430695631531023,0.38066106890288154,1.0500345626281415,1.0500345626281415,2.7584500974961483,m,map,map
example12_map_simulation_comparison,boussinesq_reused_gmsh,mf6_gmsh_existing,watertable_depth_map,time_index:3,fallback_time_key,time_selector:last,3,3,,13,0.0,0.0,0.0,0.0,nan,m,map,map
example12_map_simulation_comparison,boussinesq_reused_gmsh,mf6_gmsh_existing,watertable_depth_map,time_index:3,fallback_time_key,time_selector:last,3,3,,14,0.7243105881004084,0.0,0.7243105881004084,0.7243105881004084,nan,m,map,map
example12_map_simulation_comparison,boussinesq_reused_gmsh,mf6_gmsh_existing,watertable_depth_map,time_index:3,fallback_time_key,time_selector:last,3,3,,15,0.0,0.0,0.0,0.0,nan,m,map,map
example12_map_simulation_comparison,boussinesq_reused_gmsh,mf6_gmsh_existing,watertable_depth_map,time_index:3,fallback_time_key,time_selector:last,3,3,,16,0.21969138494392837,0.0,0.21969138494392837,0.21969138494392837,nan,m,map,map
example12_map_simulation_comparison,boussinesq_reused_gmsh,mf6_gmsh_existing,watertable_depth_map,time_index:3,fallback_time_key,time_selector:last,3,3,,17,1.856231623316873,0.23510367914491326,1.6211279441719597,1.6211279441719597,6.895374628198517,m,map,map
example12_map_simulation_comparison,boussinesq_reused_gmsh,mf6_gmsh_existing,watertable_depth_map,time_index:3,fallback_time_key,time_selector:last,3,3,,18,0.8448833237691389,0.1396501785069546,0.7052331452621843,0.7052331452621843,5.049998165430655,m,map,map
example12_map_simulation_comparison,boussinesq_reused_gmsh,mf6_gmsh_existing,watertable_depth_map,time_index:3,fallback_time_key,time_selector:last,3,3,,19,0.0,0.0,0.0,0.0,nan,m,map,map
example12_map_simulation_comparison,boussinesq_reused_gmsh,mf6_gmsh_existing,watertable_depth_map,time_index:3,fallback_time_key,time_selector:last,3,3,,20,0.6910115271405743,0.0,0.6910115271405743,0.6910115271405743,nan,m,map,map
example12_map_simulation_comparison,boussinesq_reused_gmsh,mf6_gmsh_existing,watertable_depth_map,time_index:3,fallback_time_key,time_selector:last,3,3,,21,2.462063697982728,0.6949396281722358,1.7671240698104924,1.7671240698104924,2.542845447536521,m,map,map
example12_map_simulation_comparison,boussinesq_reused_gmsh,mf6_gmsh_existing,watertable_depth_map,time_index:3,fallback_time_key,time_selector:last,3,3,,22,0.9637410024218127,0.10172310553237196,0.8620178968894407,0.8620178968894407,8.474160244892598,m,map,map
example12_map_simulation_comparison,boussinesq_reused_gmsh,mf6_gmsh_existing,watertable_depth_map,time_index:3,fallback_time_key,time_selector:last,3,3,,23,0.5622878625988932,0.21349450844451212,0.34879335415438106,0.34879335415438106,1.6337345475330272,m,map,map
example12_map_simulation_comparison,boussinesq_reused_gmsh,mf6_gmsh_existing,watertable_depth_map,time_index:3,fallback_time_key,time_selector:last,3,3,,24,1.4404396957632173,0.4880172979840012,0.9524223977792161,0.9524223977792161,1.9516160630241424,m,map,map
example12_map_simulation_comparison,boussinesq_reused_gmsh,mf6_gmsh_existing,watertable_depth_map,time_index:3,fallback_time_key,time_selector:last,3,3,,25,2.180750393755062,0.20570278570507128,1.9750476080499908,1.9750476080499908,9.601462621326567,m,map,map
example12_map_simulation_comparison,boussinesq_reused_gmsh,mf6_gmsh_existing,watertable_depth_map,time_index:3,fallback_time_key,time_selector:last,3,3,,26,0.23946897737489792,0.08722358608858372,0.1522453912863142,0.1522453912863142,1.745461269291253,m,map,map
example12_map_simulation_comparison,boussinesq_reused_gmsh,mf6_gmsh_existing,watertable_depth_map,time_index:3,fallback_time_key,time_selector:last,3,3,,27,0.22166062243141482,0.038372374875848436,0.18328824755556639,0.18328824755556639,4.776567730003284,m,map,map
example12_map_simulation_comparison,boussinesq_reused_gmsh,mf6_gmsh_existing,watertable_depth_map,time_index:3,fallback_time_key,time_selector:last,3,3,,28,0.33310534764896715,0.12573249970999711,0.20737284793897004,0.20737284793897004,1.6493177851174274,m,map,map
example12_map_simulation_comparison,boussinesq_reused_gmsh,mf6_gmsh_existing,watertable_depth_map,time_index:3,fallback_time_key,time_selector:last,3,3,,29,0.4375323692923132,0.1354420711842863,0.3020902981080269,0.3020902981080269,2.2304022337121108,m,map,map
example12_map_simulation_comparison,boussinesq_reused_gmsh,mf6_gmsh_existing,watertable_depth_map,time_index:3,fallback_time_key,time_selector:last,3,3,,30,3.376314875920656,1.102859037012749,2.273455838907907,2.273455838907907,2.0614201476427003,m,map,map
example12_map_simulation_comparison,boussinesq_reused_gmsh,mf6_gmsh_existing,watertable_depth_map,time_index:3,fallback_time_key,time_selector:last,3,3,,31,0.25953947478450345,0.04812400157669572,0.21141547320780774,0.21141547320780774,4.393139936022833,m,map,map
example12_map_simulation_comparison,boussinesq_reused_gmsh,mf6_gmsh_existing,watertable_depth_map,time_index:3,fallback_time_key,time_selector:last,3,3,,32,0.0,0.0,0.0,0.0,nan,m,map,map
example12_map_simulation_comparison,boussinesq_reused_gmsh,mf6_gmsh_existing,watertable_depth_map,time_index:3,fallback_time_key,time_selector:last,3,3,,33,0.8065010332245066,0.0,0.8065010332245066,0.8065010332245066,nan,m,map,map
example12_map_simulation_comparison,boussinesq_reused_gmsh,mf6_gmsh_existing,watertable_depth_map,time_index:3,fallback_time_key,time_selector:last,3,3,,34,0.0,0.0,0.0,0.0,nan,m,map,map
example12_map_simulation_comparison,boussinesq_reused_gmsh,mf6_gmsh_existing,watertable_depth_map,time_index:3,fallback_time_key,time_selector:last,3,3,,35,0.0,0.0,0.0,0.0,nan,m,map,map
example12_map_simulation_comparison,boussinesq_reused_gmsh,mf6_gmsh_existing,watertable_depth_map,time_index:3,fallback_time_key,time_selector:last,3,3,,36,0.0,0.0,0.0,0.0,nan,m,map,map
example12_map_simulation_comparison,boussinesq_reused_gmsh,mf6_gmsh_existing,watertable_depth_map,time_index:3,fallback_time_key,time_selector:last,3,3,,37,0.00364888370857841,0.0,0.00364888370857841,0.00364888370857841,nan,m,map,map
example12_map_simulation_comparison,boussinesq_reused_gmsh,mf6_gmsh_existing,watertable_depth_map,time_index:3,fallback_time_key,time_selector:last,3,3,,38,0.9585512800744311,0.30680202279475566,0.6517492572796755,0.6517492572796755,2.1243316825055047,m,map,map
example12_map_simulation_comparison,boussinesq_reused_gmsh,mf6_gmsh_existing,watertable_depth_map,time_index:3,fallback_time_key,time_selector:last,3,3,,39,0.0,0.0,0.0,0.0,nan,m,map,map
example12_map_simulation_comparison,boussinesq_reused_gmsh,mf6_gmsh_existing,watertable_depth_map,time_index:3,fallback_time_key,time_selector:last,3,3,,40,1.4186550657314427,0.5303181007041076,0.8883369650273352,0.8883369650273352,1.6751021016402856,m,map,map
example12_map_simulation_comparison,boussinesq_reused_gmsh,mf6_gmsh_existing,watertable_depth_map,time_index:3,fallback_time_key,time_selector:last,3,3,,41,0.8875257197749136,0.11346646338313349,0.7740592563917801,0.7740592563917801,6.821921062068125,m,map,map
example12_map_simulation_comparison,boussinesq_reused_gmsh,mf6_gmsh_existing,watertable_depth_map,time_index:3,fallback_time_key,time_selector:last,3,3,,42,0.6453565749629462,0.06474538248745887,0.5806111924754873,0.5806111924754873,8.967607729986787,m,map,map
example12_map_simulation_comparison,boussinesq_reused_gmsh,mf6_gmsh_existing,watertable_depth_map,time_index:3,fallback_time_key,time_selector:last,3,3,,43,1.232075778247065,0.32154388796170963,0.9105318902853554,0.9105318902853554,2.831749955059896,m,map,map
example12_map_simulation_comparison,boussinesq_reused_gmsh,mf6_gmsh_existing,watertable_depth_map,time_index:3,fallback_time_key,time_selector:last,3,3,,44,0.7577708967708787,0.0,0.7577708967708787,0.7577708967708787,nan,m,map,map
example12_map_simulation_comparison,boussinesq_reused_gmsh,mf6_gmsh_existing,watertable_depth_map,time_index:3,fallback_time_key,time_selector:last,3,3,,45,3.6110839203730905,1.2626675407290264,2.348416379644064,2.348416379644064,1.8598849688399837,m,map,map
example12_map_simulation_comparison,boussinesq_reused_gmsh,mf6_gmsh_existing,watertable_depth_map,time_index:3,fallback_time_key,time_selector:last,3,3,,46,0.0,0.0,0.0,0.0,nan,m,map,map
example12_map_simulation_comparison,boussinesq_reused_gmsh,mf6_gmsh_existing,watertable_depth_map,time_index:3,fallback_time_key,time_selector:last,3,3,,47,1.5472192787416077,0.0,1.5472192787416077,1.5472192787416077,nan,m,map,map
example12_map_simulation_comparison,boussinesq_reused_gmsh,mf6_gmsh_existing,watertable_depth_map,time_index:3,fallback_time_key,time_selector:last,3,3,,48,1.3364231406294493,0.0,1.3364231406294493,1.3364231406294493,nan,m,map,map
example12_map_simulation_comparison,boussinesq_reused_gmsh,mf6_gmsh_existing,watertable_depth_map,time_index:3,fallback_time_key,time_selector:last,3,3,,49,0.0,0.0,0.0,0.0,nan,m,map,map
example12_map_simulation_comparison,boussinesq_reused_gmsh,mf6_gmsh_existing,watertable_depth_map,time_index:3,fallback_time_key,time_selector:last,3,3,,50,1.1471839380233035,0.0,1.1471839380233035,1.1471839380233035,nan,m,map,map
example12_map_simulation_comparison,boussinesq_reused_gmsh,mf6_gmsh_existing,watertable_depth_map,time_index:3,fallback_time_key,time_selector:last,3,3,,51,0.0,0.0,0.0,0.0,nan,m,map,map
example12_map_simulation_comparison,boussinesq_reused_gmsh,mf6_gmsh_existing,watertable_depth_map,time_index:3,fallback_time_key,time_selector:last,3,3,,52,1.1148587507738057,0.2931972266419791,0.8216615241318266,0.8216615241318266,2.802419154991364,m,map,map
example12_map_simulation_comparison,boussinesq_reused_gmsh,mf6_gmsh_existing,watertable_depth_map,time_index:3,fallback_time_key,time_selector:last,3,3,,53,0.27138850178164375,0.0,0.27138850178164375,0.27138850178164375,nan,m,map,map
example12_map_simulation_comparison,boussinesq_reused_gmsh,mf6_gmsh_existing,watertable_depth_map,time_index:3,fallback_time_key,time_selector:last,3,3,,54,0.8979279779837412,0.18768735865681663,0.7102406193269246,0.7102406193269246,3.784168653710921,m,map,map
example12_map_simulation_comparison,boussinesq_reused_gmsh,mf6_gmsh_existing,watertable_depth_map,time_index:3,fallback_time_key,time_selector:last,3,3,,55,0.0,0.0,0.0,0.0,nan,m,map,map
example12_map_simulation_comparison,boussinesq_reused_gmsh,mf6_gmsh_existing,watertable_depth_map,time_index:3,fallback_time_key,time_selector:last,3,3,,56,0.24701411835482645,0.0,0.24701411835482645,0.24701411835482645,nan,m,map,map
example12_map_simulation_comparison,boussinesq_reused_gmsh,mf6_gmsh_existing,watertable_depth_map,time_index:3,fallback_time_key,time_selector:last,3,3,,57,3.6950647582556826,1.3852769942903365,2.309787763965346,2.309787763965346,1.6673833272952225,m,map,map
example12_map_simulation_comparison,boussinesq_reused_gmsh,mf6_gmsh_existing,watertable_depth_map,time_index:3,fallback_time_key,time_selector:last,3,3,,58,0.1470366297997714,0.0,0.1470366297997714,0.1470366297997714,nan,m,map,map
example12_map_simulation_comparison,boussinesq_reused_gmsh,mf6_gmsh_existing,watertable_depth_map,time_index:3,fallback_time_key,time_selector:last,3,3,,59,0.6605610557210184,0.012580452447053858,0.6479806032739646,0.6479806032739646,51.506939515971965,m,map,map
example12_map_simulation_comparison,boussinesq_reused_gmsh,mf6_gmsh_existing,watertable_depth_map,time_index:3,fallback_time_key,time_selector:last,3,3,,60,0.0,0.0,0.0,0.0,nan,m,map,map
example12_map_simulation_comparison,boussinesq_reused_gmsh,mf6_gmsh_existing,watertable_depth_map,time_index:3,fallback_time_key,time_selector:last,3,3,,61,0.0,0.0,0.0,0.0,nan,m,map,map
example12_map_simulation_comparison,boussinesq_reused_gmsh,mf6_gmsh_existing,watertable_depth_map,time_index:3,fallback_time_key,time_selector:last,3,3,,62,1.1427227014546588,0.0,1.1427227014546588,1.1427227014546588,nan,m,map,map
example12_map_simulation_comparison,boussinesq_reused_gmsh,mf6_gmsh_existing,watertable_depth_map,time_index:3,fallback_time_key,time_selector:last,3,3,,63,1.1050660882818164,0.2953092066831857,0.8097568815986307,0.8097568815986307,2.74206446420533,m,map,map
example12_map_simulation_comparison,boussinesq_reused_gmsh,mf6_gmsh_existing,watertable_depth_map,time_index:3,fallback_time_key,time_selector:last,3,3,,64,0.0,0.0,0.0,0.0,nan,m,map,map
example12_map_simulation_comparison,boussinesq_reused_gmsh,mf6_gmsh_existing,watertable_depth_map,time_index:3,fallback_time_key,time_selector:last,3,3,,65,0.38071553157169546,0.043444833093161606,0.33727069847853386,0.33727069847853386,7.763194710756562,m,map,map
example12_map_simulation_comparison,boussinesq_reused_gmsh,mf6_gmsh_existing,watertable_depth_map,time_index:3,fallback_time_key,time_selector:last,3,3,,66,0.0,0.0,0.0,0.0,nan,m,map,map
example12_map_simulation_comparison,boussinesq_reused_gmsh,mf6_gmsh_existing,watertable_depth_map,time_index:3,fallback_time_key,time_selector:last,3,3,,67,0.40869671930792606,0.1270189715463914,0.28167774776153465,0.28167774776153465,2.2176037510952202,m,map,map
example12_map_simulation_comparison,boussinesq_reused_gmsh,mf6_gmsh_existing,watertable_depth_map,time_index:3,fallback_time_key,time_selector:last,3,3,,68,0.013601752445055126,0.0,0.013601752445055126,0.013601752445055126,nan,m,map,map
example12_map_simulation_comparison,boussinesq_reused_gmsh,mf6_gmsh_existing,watertable_depth_map,time_index:3,fallback_time_key,time_selector:last,3,3,,69,0.0,0.0,0.0,0.0,nan,m,map,map
example12_map_simulation_comparison,boussinesq_reused_gmsh,mf6_gmsh_existing,watertable_depth_map,time_index:3,fallback_time_key,time_selector:last,3,3,,70,1.4764896024952776,0.04790868118291769,1.42858092131236,1.42858092131236,29.818832120591424,m,map,map
example12_map_simulation_comparison,boussinesq_reused_gmsh,mf6_gmsh_existing,watertable_depth_map,time_index:3,fallback_time_key,time_selector:last,3,3,,71,1.7842410091516143,0.0,1.7842410091516143,1.7842410091516143,nan,m,map,map
example12_map_simulation_comparison,boussinesq_reused_gmsh,mf6_gmsh_existing,watertable_depth_map,time_index:3,fallback_time_key,time_selector:last,3,3,,72,0.0,0.0,0.0,0.0,nan,m,map,map
example12_map_simulation_comparison,boussinesq_reused_gmsh,mf6_gmsh_existing,watertable_depth_map,time_index:3,fallback_time_key,time_selector:last,3,3,,73,0.0,0.0,0.0,0.0,nan,m,map,map
example12_map_simulation_comparison,boussinesq_reused_gmsh,mf6_gmsh_existing,watertable_depth_map,time_index:3,fallback_time_key,time_selector:last,3,3,,74,0.0,0.0,0.0,0.0,nan,m,map,map
example12_map_simulation_comparison,boussinesq_reused_gmsh,mf6_gmsh_existing,watertable_depth_map,time_index:3,fallback_time_key,time_selector:last,3,3,,75,0.5021917050007119,0.2778448776525977,0.22434682734811418,0.22434682734811418,0.8074535303422992,m,map,map
example12_map_simulation_comparison,boussinesq_reused_gmsh,mf6_gmsh_existing,watertable_depth_map,time_index:3,fallback_time_key,time_selector:last,3,3,,76,0.2662457475028077,0.0,0.2662457475028077,0.2662457475028077,nan,m,map,map
example12_map_simulation_comparison,boussinesq_reused_gmsh,mf6_gmsh_existing,watertable_depth_map,time_index:3,fallback_time_key,time_selector:last,3,3,,77,0.0,0.0,0.0,0.0,nan,m,map,map
example12_map_simulation_comparison,boussinesq_reused_gmsh,mf6_gmsh_existing,watertable_depth_map,time_index:3,fallback_time_key,time_selector:last,3,3,,78,1.4540373441924288,0.12436232081377341,1.3296750233786554,1.3296750233786554,10.691944430417793,m,map,map
example12_map_simulation_comparison,boussinesq_reused_gmsh,mf6_gmsh_existing,watertable_depth_map,time_index:3,fallback_time_key,time_selector:last,3,3,,79,1.4060297195176759,0.2199417823930787,1.1860879371245971,1.1860879371245971,5.392735860459781,m,map,map
example12_map_simulation_comparison,boussinesq_reused_gmsh,mf6_gmsh_existing,watertable_depth_map,time_index:3,fallback_time_key,time_selector:last,3,3,,80,0.0,0.0,0.0,0.0,nan,m,map,map
example12_map_simulation_comparison,boussinesq_reused_gmsh,mf6_gmsh_existing,watertable_depth_map,time_index:3,fallback_time_key,time_selector:last,3,3,,81,1.2626605468908707,0.28544689696209957,0.9772136499287711,0.9772136499287711,3.4234516483762003,m,map,map
example12_map_simulation_comparison,boussinesq_reused_gmsh,mf6_gmsh_existing,watertable_depth_map,time_index:3,fallback_time_key,time_selector:last,3,3,,82,0.12821360215086486,0.0,0.12821360215086486,0.12821360215086486,nan,m,map,map
example12_map_simulation_comparison,boussinesq_reused_gmsh,mf6_gmsh_existing,watertable_depth_map,time_index:3,fallback_time_key,time_selector:last,3,3,,83,2.115564584324275,0.2783151244636457,1.8372494598606295,1.8372494598606295,6.601328129045377,m,map,map
example12_map_simulation_comparison,boussinesq_reused_gmsh,mf6_gmsh_existing,watertable_depth_map,time_index:3,fallback_time_key,time_selector:last,3,3,,84,0.0,0.0,0.0,0.0,nan,m,map,map
example12_map_simulation_comparison,boussinesq_reused_gmsh,mf6_gmsh_existing,watertable_depth_map,time_index:3,fallback_time_key,time_selector:last,3,3,,85,0.0,0.0,0.0,0.0,nan,m,map,map
example12_map_simulation_comparison,boussinesq_reused_gmsh,mf6_gmsh_existing,watertable_depth_map,time_index:3,fallback_time_key,time_selector:last,3,3,,86,0.5302686406202923,0.18155220542188033,0.348716435198412,0.348716435198412,1.9207502017840283,m,map,map
example12_map_simulation_comparison,boussinesq_reused_gmsh,mf6_gmsh_existing,watertable_depth_map,time_index:3,fallback_time_key,time_selector:last,3,3,,87,0.44968597338517213,0.04610917249620172,0.4035768008889704,0.4035768008889704,8.752635951604105,m,map,map
example12_map_simulation_comparison,boussinesq_reused_gmsh,mf6_gmsh_existing,watertable_depth_map,time_index:3,fallback_time_key,time_selector:last,3,3,,88,0.0,0.0,0.0,0.0,nan,m,map,map
example12_map_simulation_comparison,boussinesq_reused_gmsh,mf6_gmsh_existing,watertable_depth_map,time_index:3,fallback_time_key,time_selector:last,3,3,,89,0.0,0.0,0.0,0.0,nan,m,map,map
example12_map_simulation_comparison,boussinesq_reused_gmsh,mf6_gmsh_existing,watertable_depth_map,time_index:3,fallback_time_key,time_selector:last,3,3,,90,0.0,0.0,0.0,0.0,nan,m,map,map
example12_map_simulation_comparison,boussinesq_reused_gmsh,mf6_gmsh_existing,watertable_depth_map,time_index:3,fallback_time_key,time_selector:last,3,3,,91,0.9765499979317696,0.5651698772671807,0.41138012066458884,0.41138012066458884,0.7278875559571115,m,map,map
example12_map_simulation_comparison,boussinesq_reused_gmsh,mf6_gmsh_existing,watertable_depth_map,time_index:3,fallback_time_key,time_selector:last,3,3,,92,0.4094563027801712,0.053780002441015995,0.3556763003391552,0.3556763003391552,6.613541915124463,m,map,map
example12_map_simulation_comparison,boussinesq_reused_gmsh,mf6_gmsh_existing,watertable_depth_map,time_index:3,fallback_time_key,time_selector:last,3,3,,93,0.8888496913976098,0.0,0.8888496913976098,0.8888496913976098,nan,m,map,map
example12_map_simulation_comparison,boussinesq_reused_gmsh,mf6_gmsh_existing,watertable_depth_map,time_index:3,fallback_time_key,time_selector:last,3,3,,94,0.0,0.0,0.0,0.0,nan,m,map,map
example12_map_simulation_comparison,boussinesq_reused_gmsh,mf6_gmsh_existing,watertable_depth_map,time_index:3,fallback_time_key,time_selector:last,3,3,,95,1.6587703670706873,0.48864936029883665,1.1701210067718506,1.1701210067718506,2.3946025552069803,m,map,map
example12_map_simulation_comparison,boussinesq_reused_gmsh,mf6_gmsh_existing,watertable_depth_map,time_index:3,fallback_time_key,time_selector:last,3,3,,96,1.8284719413410357,0.38884000000615515,1.4396319413348806,1.4396319413348806,3.7023761478039603,m,map,map
example12_map_simulation_comparison,boussinesq_reused_gmsh,mf6_gmsh_existing,watertable_depth_map,time_index:3,fallback_time_key,time_selector:last,3,3,,97,0.0,0.0,0.0,0.0,nan,m,map,map
example12_map_simulation_comparison,boussinesq_reused_gmsh,mf6_gmsh_existing,watertable_depth_map,time_index:3,fallback_time_key,time_selector:last,3,3,,98,0.0,0.0,0.0,0.0,nan,m,map,map
example12_map_simulation_comparison,boussinesq_reused_gmsh,mf6_gmsh_existing,watertable_depth_map,time_index:3,fallback_time_key,time_selector:last,3,3,,99,0.17345372557795713,0.028902691464963937,0.1445510341129932,0.1445510341129932,5.001300113804939,m,map,map
example12_map_simulation_comparison,boussinesq_reused_gmsh,mf6_gmsh_existing,watertable_depth_map,time_index:3,fallback_time_key,time_selector:last,3,3,,100,0.0,0.0,0.0,0.0,nan,m,map,map
example12_map_simulation_comparison,boussinesq_reused_gmsh,mf6_gmsh_existing,watertable_depth_map,time_index:3,fallback_time_key,time_selector:last,3,3,,101,0.0,0.0,0.0,0.0,nan,m,map,map
example12_map_simulation_comparison,boussinesq_reused_gmsh,mf6_gmsh_existing,watertable_depth_map,time_index:3,fallback_time_key,time_selector:last,3,3,,102,0.2183493458320811,0.05457570497868858,0.16377364085339252,0.16377364085339252,3.0008525023606194,m,map,map
example12_map_simulation_comparison,boussinesq_reused_gmsh,mf6_gmsh_existing,watertable_depth_map,time_index:3,fallback_time_key,time_selector:last,3,3,,103,0.0,0.0,0.0,0.0,nan,m,map,map
example12_map_simulation_comparison,boussinesq_reused_gmsh,mf6_gmsh_existing,watertable_depth_map,time_index:3,fallback_time_key,time_selector:last,3,3,,104,0.056738552476673476,0.0,0.056738552476673476,0.056738552476673476,nan,m,map,map
example12_map_simulation_comparison,boussinesq_reused_gmsh,mf6_gmsh_existing,watertable_depth_map,time_index:3,fallback_time_key,time_selector:last,3,3,,105,1.1384054577688687,0.19826116132421134,0.9401442964446574,0.9401442964446574,4.741948902978853,m,map,map
example12_map_simulation_comparison,boussinesq_reused_gmsh,mf6_gmsh_existing,watertable_depth_map,time_index:3,fallback_time_key,time_selector:last,3,3,,106,2.6837500104923606,0.46387803216870793,2.2198719783236527,2.2198719783236527,4.785464765264648,m,map,map
example12_map_simulation_comparison,boussinesq_reused_gmsh,mf6_gmsh_existing,watertable_depth_map,time_index:3,fallback_time_key,time_selector:last,3,3,,107,0.8378450718311115,0.22262910977210026,0.6152159620590112,0.6152159620590112,2.7634120384741783,m,map,map
example12_map_simulation_comparison,boussinesq_reused_gmsh,mf6_gmsh_existing,watertable_depth_map,time_index:3,fallback_time_key,time_selector:last,3,3,,108,1.2452714843737311,0.13707099402897427,1.1082004903447569,1.1082004903447569,8.084865059857258,m,map,map
example12_map_simulation_comparison,boussinesq_reused_gmsh,mf6_gmsh_existing,watertable_depth_map,time_index:3,fallback_time_key,time_selector:last,3,3,,109,1.94311658804358,0.9447679077992888,0.9983486802442911,0.9983486802442911,1.056713158864394,m,map,map
example12_map_simulation_comparison,boussinesq_reused_gmsh,mf6_gmsh_existing,watertable_depth_map,time_index:3,fallback_time_key,time_selector:last,3,3,,110,0.22971648021572832,0.11155180074031534,0.11816467947541298,0.11816467947541298,1.0592807887565343,m,map,map
example12_map_simulation_comparison,boussinesq_reused_gmsh,mf6_gmsh_existing,watertable_depth_map,time_index:3,fallback_time_key,time_selector:last,3,3,,111,0.4547121289031111,0.27833634874968993,0.17637578015342115,0.17637578015342115,0.633678572510259,m,map,map
example12_map_simulation_comparison,boussinesq_reused_gmsh,mf6_gmsh_existing,watertable_depth_map,time_index:3,fallback_time_key,time_selector:last,3,3,,112,0.0,0.0,0.0,0.0,nan,m,map,map
example12_map_simulation_comparison,boussinesq_reused_gmsh,mf6_gmsh_existing,watertable_depth_map,time_index:3,fallback_time_key,time_selector:last,3,3,,113,0.0,0.0,0.0,0.0,nan,m,map,map
example12_map_simulation_comparison,boussinesq_reused_gmsh,mf6_gmsh_existing,watertable_depth_map,time_index:3,fallback_time_key,time_selector:last,3,3,,114,0.0,0.0,0.0,0.0,nan,m,map,map
example12_map_simulation_comparison,boussinesq_reused_gmsh,mf6_gmsh_existing,watertable_depth_map,time_index:3,fallback_time_key,time_selector:last,3,3,,115,1.5201078985874688,0.4035784248258949,1.1165294737615739,1.1165294737615739,2.766573743983585,m,map,map
example12_map_simulation_comparison,boussinesq_reused_gmsh,mf6_gmsh_existing,watertable_depth_map,time_index:3,fallback_time_key,time_selector:last,3,3,,116,0.0,0.0,0.0,0.0,nan,m,map,map
example12_map_simulation_comparison,boussinesq_reused_gmsh,mf6_gmsh_existing,watertable_depth_map,time_index:3,fallback_time_key,time_selector:last,3,3,,117,1.2630558988608271,0.11290725579338812,1.150148643067439,1.150148643067439,10.186667233965242,m,map,map
example12_map_simulation_comparison,boussinesq_reused_gmsh,mf6_gmsh_existing,watertable_depth_map,time_index:3,fallback_time_key,time_selector:last,3,3,,118,0.7464782763806568,0.14009039580793115,0.6063878805727256,0.6063878805727256,4.328547128984522,m,map,map
example12_map_simulation_comparison,boussinesq_reused_gmsh,mf6_gmsh_existing,watertable_depth_map,time_index:3,fallback_time_key,time_selector:last,3,3,,119,0.1534878808628548,0.02312189752464633,0.13036598333820848,0.13036598333820848,5.638204355816708,m,map,map
example12_map_simulation_comparison,boussinesq_reused_gmsh,mf6_gmsh_existing,watertable_depth_map,time_index:3,fallback_time_key,time_selector:last,3,3,,120,0.0,0.0,0.0,0.0,nan,m,map,map
example12_map_simulation_comparison,boussinesq_reused_gmsh,mf6_gmsh_existing,watertable_depth_map,time_index:3,fallback_time_key,time_selector:last,3,3,,121,0.0,0.0,0.0,0.0,nan,m,map,map
example12_map_simulation_comparison,boussinesq_reused_gmsh,mf6_gmsh_existing,watertable_depth_map,time_index:3,fallback_time_key,time_selector:last,3,3,,122,0.0,0.0,0.0,0.0,nan,m,map,map
example12_map_simulation_comparison,boussinesq_reused_gmsh,mf6_gmsh_existing,watertable_depth_map,time_index:3,fallback_time_key,time_selector:last,3,3,,123,0.0,0.0,0.0,0.0,nan,m,map,map
example12_map_simulation_comparison,boussinesq_reused_gmsh,mf6_gmsh_existing,watertable_depth_map,time_index:3,fallback_time_key,time_selector:last,3,3,,124,0.5834131971914758,0.12465309113656531,0.45876010605491047,0.45876010605491047,3.6802946631488656,m,map,map
example12_map_simulation_comparison,boussinesq_reused_gmsh,mf6_gmsh_existing,watertable_depth_map,time_index:3,fallback_time_key,time_selector:last,3,3,,125,0.0,0.0,0.0,0.0,nan,m,map,map
example12_map_simulation_comparison,boussinesq_reused_gmsh,mf6_gmsh_existing,watertable_depth_map,time_index:3,fallback_time_key,time_selector:last,3,3,,126,0.39034488825807045,0.0,0.39034488825807045,0.39034488825807045,nan,m,map,map
example12_map_simulation_comparison,boussinesq_reused_gmsh,mf6_gmsh_existing,watertable_depth_map,time_index:3,fallback_time_key,time_selector:last,3,3,,127,0.1123605086409043,0.0,0.1123605086409043,0.1123605086409043,nan,m,map,map
example12_map_simulation_comparison,boussinesq_reused_gmsh,mf6_gmsh_existing,watertable_depth_map,time_index:3,fallback_time_key,time_selector:last,3,3,,128,0.0,0.0,0.0,0.0,nan,m,map,map
example12_map_simulation_comparison,boussinesq_reused_gmsh,mf6_gmsh_existing,watertable_depth_map,time_index:3,fallback_time_key,time_selector:last,3,3,,129,0.0,0.0,0.0,0.0,nan,m,map,map
example12_map_simulation_comparison,boussinesq_reused_gmsh,mf6_gmsh_existing,watertable_depth_map,time_index:3,fallback_time_key,time_selector:last,3,3,,130,0.06262974696008428,0.0,0.06262974696008428,0.06262974696008428,nan,m,map,map
example12_map_simulation_comparison,boussinesq_reused_gmsh,mf6_gmsh_existing,watertable_depth_map,time_index:3,fallback_time_key,time_selector:last,3,3,,131,0.13654865362465785,0.037385930673551115,0.09916272295110673,0.09916272295110673,2.6524075010190917,m,map,map
example12_map_simulation_comparison,boussinesq_reused_gmsh,mf6_gmsh_existing,watertable_depth_map,time_index:3,fallback_time_key,time_selector:last,3,3,,132,0.0,0.0,0.0,0.0,nan,m,map,map
example12_map_simulation_comparison,boussinesq_reused_gmsh,mf6_gmsh_existing,watertable_depth_map,time_index:3,fallback_time_key,time_selector:last,3,3,,133,0.0,0.0,0.0,0.0,nan,m,map,map
example12_map_simulation_comparison,boussinesq_reused_gmsh,mf6_gmsh_existing,watertable_depth_map,time_index:3,fallback_time_key,time_selector:last,3,3,,134,0.0,0.0,0.0,0.0,nan,m,map,map
example12_map_simulation_comparison,boussinesq_reused_gmsh,mf6_gmsh_existing,watertable_depth_map,time_index:3,fallback_time_key,time_selector:last,3,3,,135,0.4432552230957185,0.15836334138924713,0.2848918817064714,0.2848918817064714,1.7989761974409537,m,map,map
example12_map_simulation_comparison,boussinesq_reused_gmsh,mf6_gmsh_existing,watertable_depth_map,time_index:3,fallback_time_key,time_selector:last,3,3,,136,1.3718505687233602,0.0,1.3718505687233602,1.3718505687233602,nan,m,map,map
example12_map_simulation_comparison,boussinesq_reused_gmsh,mf6_gmsh_existing,watertable_depth_map,time_index:3,fallback_time_key,time_selector:last,3,3,,137,0.0,0.0,0.0,0.0,nan,m,map,map
example12_map_simulation_comparison,boussinesq_reused_gmsh,mf6_gmsh_existing,watertable_depth_map,time_index:3,fallback_time_key,time_selector:last,3,3,,138,0.48662656912431146,0.009927457822513475,0.476699111301798,0.476699111301798,48.018245942152525,m,map,map
example12_map_simulation_comparison,boussinesq_reused_gmsh,mf6_gmsh_existing,watertable_depth_map,time_index:3,fallback_time_key,time_selector:last,3,3,,139,0.0,0.0,0.0,0.0,nan,m,map,map
example12_map_simulation_comparison,boussinesq_reused_gmsh,mf6_gmsh_existing,watertable_depth_map,time_index:3,fallback_time_key,time_selector:last,3,3,,140,1.5671287602824862,0.4752301448913556,1.0918986153911305,1.0918986153911305,2.2976206941602033,m,map,map
example12_map_simulation_comparison,boussinesq_reused_gmsh,mf6_gmsh_existing,watertable_depth_map,time_index:3,fallback_time_key,time_selector:last,3,3,,141,1.0576383057627652,0.3627516745310686,0.6948866312316966,0.6948866312316966,1.9155986864291694,m,map,map
example12_map_simulation_comparison,boussinesq_reused_gmsh,mf6_gmsh_existing,watertable_depth_map,time_index:3,fallback_time_key,time_selector:last,3,3,,142,0.1731149994364074,0.02023873932863296,0.15287626010777444,0.15287626010777444,7.553645393885341,m,map,map
example12_map_simulation_comparison,boussinesq_reused_gmsh,mf6_gmsh_existing,watertable_depth_map,time_index:3,fallback_time_key,time_selector:last,3,3,,143,0.0,0.0,0.0,0.0,nan,m,map,map
example12_map_simulation_comparison,boussinesq_reused_gmsh,mf6_gmsh_existing,watertable_depth_map,time_index:3,fallback_time_key,time_selector:last,3,3,,144,2.2824996540777107,0.5432750479054107,1.7392246061723,1.7392246061723,3.201370305663505,m,map,map
example12_map_simulation_comparison,boussinesq_reused_gmsh,mf6_gmsh_existing,watertable_depth_map,time_index:3,fallback_time_key,time_selector:last,3,3,,145,2.820130649298349,0.8829591012471241,1.937171548051225,1.937171548051225,2.193953882252408,m,map,map
example12_map_simulation_comparison,boussinesq_reused_gmsh,mf6_gmsh_existing,watertable_depth_map,time_index:3,fallback_time_key,time_selector:last,3,3,,146,1.011173110396939,0.5598177311045447,0.45135537929239433,0.45135537929239433,0.8062541684806063,m,map,map
example12_map_simulation_comparison,boussinesq_reused_gmsh,mf6_gmsh_existing,watertable_depth_map,time_index:3,fallback_time_key,time_selector:last,3,3,,147,1.9879824344573933,0.4937427860491823,1.494239648408211,1.494239648408211,3.0263523652968733,m,map,map
example12_map_simulation_comparison,boussinesq_reused_gmsh,mf6_gmsh_existing,watertable_depth_map,time_index:3,fallback_time_key,time_selector:last,3,3,,148,1.766136692863057,0.42657310254378444,1.3395635903192726,1.3395635903192726,3.140290802047878,m,map,map
example12_map_simulation_comparison,boussinesq_reused_gmsh,mf6_gmsh_existing,watertable_depth_map,time_index:3,fallback_time_key,time_selector:last,3,3,,149,1.9015063398164074,0.6389876216029649,1.2625187182134425,1.2625187182134425,1.975810916409127,m,map,map
example12_map_simulation_comparison,boussinesq_reused_gmsh,mf6_gmsh_existing,watertable_depth_map,time_index:3,fallback_time_key,time_selector:last,3,3,,150,0.0,0.0,0.0,0.0,nan,m,map,map
example12_map_simulation_comparison,boussinesq_reused_gmsh,mf6_gmsh_existing,watertable_depth_map,time_index:3,fallback_time_key,time_selector:last,3,3,,151,0.5406421877734431,0.0818966895736537,0.4587454981997894,0.4587454981997894,5.601514549464385,m,map,map
example12_map_simulation_comparison,boussinesq_reused_gmsh,mf6_gmsh_existing,watertable_depth_map,time_index:3,fallback_time_key,time_selector:last,3,3,,152,0.4438091340869903,0.02485634159351946,0.41895279249347084,0.41895279249347084,16.854966002024213,m,map,map
example12_map_simulation_comparison,boussinesq_reused_gmsh,mf6_gmsh_existing,watertable_depth_map,time_index:3,fallback_time_key,time_selector:last,3,3,,153,0.5201275143117243,0.0,0.5201275143117243,0.5201275143117243,nan,m,map,map
example12_map_simulation_comparison,boussinesq_reused_gmsh,mf6_gmsh_existing,watertable_depth_map,time_index:3,fallback_time_key,time_selector:last,3,3,,154,0.0,0.0,0.0,0.0,nan,m,map,map
example12_map_simulation_comparison,boussinesq_reused_gmsh,mf6_gmsh_existing,watertable_depth_map,time_index:3,fallback_time_key,time_selector:last,3,3,,155,0.5787515122273987,0.00620852103213565,0.5725429911952631,0.5725429911952631,92.21890176931812,m,map,map
example12_map_simulation_comparison,boussinesq_reused_gmsh,mf6_gmsh_existing,watertable_depth_map,time_index:3,fallback_time_key,time_selector:last,3,3,,156,0.0,0.0,0.0,0.0,nan,m,map,map
example12_map_simulation_comparison,boussinesq_reused_gmsh,mf6_gmsh_existing,watertable_depth_map,time_index:3,fallback_time_key,time_selector:last,3,3,,157,0.19419284363294764,0.0,0.19419284363294764,0.19419284363294764,nan,m,map,map
example12_map_simulation_comparison,boussinesq_reused_gmsh,mf6_gmsh_existing,watertable_depth_map,time_index:3,fallback_time_key,time_selector:last,3,3,,158,0.0,0.0,0.0,0.0,nan,m,map,map
example12_map_simulation_comparison,boussinesq_reused_gmsh,mf6_gmsh_existing,watertable_depth_map,time_index:3,fallback_time_key,time_selector:last,3,3,,159,0.0,0.0,0.0,0.0,nan,m,map,map
example12_map_simulation_comparison,boussinesq_reused_gmsh,mf6_gmsh_existing,watertable_depth_map,time_index:3,fallback_time_key,time_selector:last,3,3,,160,0.20060448239111395,0.01988790312255162,0.18071657926856233,0.18071657926856233,9.086758827965186,m,map,map
example12_map_simulation_comparison,boussinesq_reused_gmsh,mf6_gmsh_existing,watertable_depth_map,time_index:3,fallback_time_key,time_selector:last,3,3,,161,1.5991179576599563,0.4255190432417777,1.1735989144181787,1.1735989144181787,2.7580408751561936,m,map,map
example12_map_simulation_comparison,boussinesq_reused_gmsh,mf6_gmsh_existing,watertable_depth_map,time_index:3,fallback_time_key,time_selector:last,3,3,,162,0.0,0.0,0.0,0.0,nan,m,map,map
example12_map_simulation_comparison,boussinesq_reused_gmsh,mf6_gmsh_existing,watertable_depth_map,time_index:3,fallback_time_key,time_selector:last,3,3,,163,1.8375168037806304,0.48140121001334535,1.356115593767285,1.356115593767285,2.817017418235594,m,map,map
example12_map_simulation_comparison,boussinesq_reused_gmsh,mf6_gmsh_existing,watertable_depth_map,time_index:3,fallback_time_key,time_selector:last,3,3,,164,0.0,0.0,0.0,0.0,nan,m,map,map
example12_map_simulation_comparison,boussinesq_reused_gmsh,mf6_gmsh_existing,watertable_depth_map,time_index:3,fallback_time_key,time_selector:last,3,3,,165,0.14373933055495058,0.0,0.14373933055495058,0.14373933055495058,nan,m,map,map
example12_map_simulation_comparison,boussinesq_reused_gmsh,mf6_gmsh_existing,watertable_depth_map,time_index:3,fallback_time_key,time_selector:last,3,3,,166,0.5900306513779583,0.0,0.5900306513779583,0.5900306513779583,nan,m,map,map
example12_map_simulation_comparison,boussinesq_reused_gmsh,mf6_gmsh_existing,watertable_depth_map,time_index:3,fallback_time_key,time_selector:last,3,3,,167,1.9178935763814877,0.0,1.9178935763814877,1.9178935763814877,nan,m,map,map
example12_map_simulation_comparison,boussinesq_reused_gmsh,mf6_gmsh_existing,watertable_depth_map,time_index:3,fallback_time_key,time_selector:last,3,3,,168,0.5432975497236043,0.13245834603364415,0.4108392036899602,0.4108392036899602,3.101648299198964,m,map,map
example12_map_simulation_comparison,boussinesq_reused_gmsh,mf6_gmsh_existing,watertable_depth_map,time_index:3,fallback_time_key,time_selector:last,3,3,,169,0.16268517880209288,0.0,0.16268517880209288,0.16268517880209288,nan,m,map,map
example12_map_simulation_comparison,boussinesq_reused_gmsh,mf6_gmsh_existing,watertable_depth_map,time_index:3,fallback_time_key,time_selector:last,3,3,,170,0.1903314464424568,0.029575038441095103,0.1607564080013617,0.1607564080013617,5.435543501373357,m,map,map
example12_map_simulation_comparison,boussinesq_reused_gmsh,mf6_gmsh_existing,watertable_depth_map,time_index:3,fallback_time_key,time_selector:last,3,3,,171,0.0,0.0,0.0,0.0,nan,m,map,map
example12_map_simulation_comparison,boussinesq_reused_gmsh,mf6_gmsh_existing,watertable_depth_map,time_index:3,fallback_time_key,time_selector:last,3,3,,172,0.9871291039752919,0.0,0.9871291039752919,0.9871291039752919,nan,m,map,map
example12_map_simulation_comparison,boussinesq_reused_gmsh,mf6_gmsh_existing,watertable_depth_map,time_index:3,fallback_time_key,time_selector:last,3,3,,173,0.9431832321551781,0.09460784737851213,0.8485753847766659,0.8485753847766659,8.969397447355927,m,map,map
example12_map_simulation_comparison,boussinesq_reused_gmsh,mf6_gmsh_existing,watertable_depth_map,time_index:3,fallback_time_key,time_selector:last,3,3,,174,0.0,0.0,0.0,0.0,nan,m,map,map
example12_map_simulation_comparison,boussinesq_reused_gmsh,mf6_gmsh_existing,watertable_depth_map,time_index:3,fallback_time_key,time_selector:last,3,3,,175,0.18074041721145306,0.0,0.18074041721145306,0.18074041721145306,nan,m,map,map
example12_map_simulation_comparison,boussinesq_reused_gmsh,mf6_gmsh_existing,watertable_depth_map,time_index:3,fallback_time_key,time_selector:last,3,3,,176,0.0,0.0,0.0,0.0,nan,m,map,map
example12_map_simulation_comparison,boussinesq_reused_gmsh,mf6_gmsh_existing,watertable_depth_map,time_index:3,fallback_time_key,time_selector:last,3,3,,177,1.698874376925346,0.4092581538884872,1.2896162230368589,1.2896162230368589,3.151106974372581,m,map,map
example12_map_simulation_comparison,boussinesq_reused_gmsh,mf6_gmsh_existing,watertable_depth_map,time_index:3,fallback_time_key,time_selector:last,3,3,,178,0.0,0.0,0.0,0.0,nan,m,map,map
example12_map_simulation_comparison,boussinesq_reused_gmsh,mf6_gmsh_existing,watertable_depth_map,time_index:3,fallback_time_key,time_selector:last,3,3,,179,2.033074957723798,0.19988469836386002,1.833190259359938,1.833190259359938,9.17123859087448,m,map,map
example12_map_simulation_comparison,boussinesq_reused_gmsh,mf6_gmsh_existing,watertable_depth_map,time_index:3,fallback_time_key,time_selector:last,3,3,,180,0.1487733288091988,0.0,0.1487733288091988,0.1487733288091988,nan,m,map,map
example12_map_simulation_comparison,boussinesq_reused_gmsh,mf6_gmsh_existing,watertable_depth_map,time_index:3,fallback_time_key,time_selector:last,3,3,,181,1.5698423684236644,0.13895986117202597,1.4308825072516385,1.4308825072516385,10.297092233564275,m,map,map
example12_map_simulation_comparison,boussinesq_reused_gmsh,mf6_gmsh_existing,watertable_depth_map,time_index:3,fallback_time_key,time_selector:last,3,3,,182,0.0,0.0,0.0,0.0,nan,m,map,map
example12_map_simulation_comparison,boussinesq_reused_gmsh,mf6_gmsh_existing,watertable_depth_map,time_index:3,fallback_time_key,time_selector:last,3,3,,183,0.49506816235631845,0.16218252354121887,0.3328856388150996,0.3328856388150996,2.052537052369248,m,map,map
example12_map_simulation_comparison,boussinesq_reused_gmsh,mf6_gmsh_existing,watertable_depth_map,time_index:3,fallback_time_key,time_selector:last,3,3,,184,0.730263689949453,0.0,0.730263689949453,0.730263689949453,nan,m,map,map
example12_map_simulation_comparison,boussinesq_reused_gmsh,mf6_gmsh_existing,watertable_depth_map,time_index:3,fallback_time_key,time_selector:last,3,3,,185,0.12212498736468547,0.0,0.12212498736468547,0.12212498736468547,nan,m,map,map
example12_map_simulation_comparison,boussinesq_reused_gmsh,mf6_gmsh_existing,watertable_depth_map,time_index:3,fallback_time_key,time_selector:last,3,3,,186,1.6153682941773724,0.4406059965476459,1.1747622976297265,1.1747622976297265,2.666242191060809,m,map,map
example12_map_simulation_comparison,boussinesq_reused_gmsh,mf6_gmsh_existing,watertable_depth_map,time_index:3,fallback_time_key,time_selector:last,3,3,,187,0.0,0.0,0.0,0.0,nan,m,map,map
example12_map_simulation_comparison,boussinesq_reused_gmsh,mf6_gmsh_existing,watertable_depth_map,time_index:3,fallback_time_key,time_selector:last,3,3,,188,0.0,0.0,0.0,0.0,nan,m,map,map
example12_map_simulation_comparison,boussinesq_reused_gmsh,mf6_gmsh_existing,watertable_depth_map,time_index:3,fallback_time_key,time_selector:last,3,3,,189,0.7791296997469601,0.21816537736418695,0.5609643223827732,0.5609643223827732,2.571280233189093,m,map,map
example12_map_simulation_comparison,boussinesq_reused_gmsh,mf6_gmsh_existing,watertable_depth_map,time_index:3,fallback_time_key,time_selector:last,3,3,,190,0.0,0.0,0.0,0.0,nan,m,map,map
example12_map_simulation_comparison,boussinesq_reused_gmsh,mf6_gmsh_existing,watertable_depth_map,time_index:3,fallback_time_key,time_selector:last,3,3,,191,0.0,0.0,0.0,0.0,nan,m,map,map
example12_map_simulation_comparison,boussinesq_reused_gmsh,mf6_gmsh_existing,watertable_depth_map,time_index:3,fallback_time_key,time_selector:last,3,3,,192,0.0,0.0,0.0,0.0,nan,m,map,map
example12_map_simulation_comparison,boussinesq_reused_gmsh,mf6_gmsh_existing,watertable_depth_map,time_index:3,fallback_time_key,time_selector:last,3,3,,193,0.0,0.0,0.0,0.0,nan,m,map,map
example12_map_simulation_comparison,boussinesq_reused_gmsh,mf6_gmsh_existing,watertable_depth_map,time_index:3,fallback_time_key,time_selector:last,3,3,,194,0.0,0.0,0.0,0.0,nan,m,map,map
example12_map_simulation_comparison,boussinesq_reused_gmsh,mf6_gmsh_existing,watertable_depth_map,time_index:3,fallback_time_key,time_selector:last,3,3,,195,0.0,0.0,0.0,0.0,nan,m,map,map
example12_map_simulation_comparison,boussinesq_reused_gmsh,mf6_gmsh_existing,watertable_depth_map,time_index:3,fallback_time_key,time_selector:last,3,3,,196,1.0950919225176676,0.03963009430464126,1.0554618282130264,1.0554618282130264,26.632836654375975,m,map,map
example12_map_simulation_comparison,boussinesq_reused_gmsh,mf6_gmsh_existing,watertable_depth_map,time_index:3,fallback_time_key,time_selector:last,3,3,,197,0.023545716209198986,0.0,0.023545716209198986,0.023545716209198986,nan,m,map,map
example12_map_simulation_comparison,boussinesq_reused_gmsh,mf6_gmsh_existing,watertable_depth_map,time_index:3,fallback_time_key,time_selector:last,3,3,,198,2.8937871667230723,1.5159863411459469,1.3778008255771255,1.3778008255771255,0.9088477832429771,m,map,map
example12_map_simulation_comparison,boussinesq_reused_gmsh,mf6_gmsh_existing,watertable_depth_map,time_index:3,fallback_time_key,time_selector:last,3,3,,199,0.1943554894514392,0.06189486195194149,0.13246062749949772,0.13246062749949772,2.1400908463508213,m,map,map
example12_map_simulation_comparison,boussinesq_reused_gmsh,mf6_gmsh_existing,watertable_depth_map,time_index:3,fallback_time_key,time_selector:last,3,3,,200,1.5369891311912198,0.37242392973831784,1.164565201452902,1.164565201452902,3.1269881134415263,m,map,map
example12_map_simulation_comparison,boussinesq_reused_gmsh,mf6_gmsh_existing,watertable_depth_map,time_index:3,fallback_time_key,time_selector:last,3,3,,201,0.9746814434642772,0.19187504456965598,0.7828063988946212,0.7828063988946212,4.079771815299518,m,map,map
example12_map_simulation_comparison,boussinesq_reused_gmsh,mf6_gmsh_existing,watertable_depth_map,time_index:3,fallback_time_key,time_selector:last,3,3,,202,0.17239736573151276,0.023645940970453694,0.14875142476105907,0.14875142476105907,6.290780516915288,m,map,map
example12_map_simulation_comparison,boussinesq_reused_gmsh,mf6_gmsh_existing,watertable_depth_map,time_index:3,fallback_time_key,time_selector:last,3,3,,203,0.03259710078363298,0.0,0.03259710078363298,0.03259710078363298,nan,m,map,map
example12_map_simulation_comparison,boussinesq_reused_gmsh,mf6_gmsh_existing,watertable_depth_map,time_index:3,fallback_time_key,time_selector:last,3,3,,204,0.04400649130339218,0.0,0.04400649130339218,0.04400649130339218,nan,m,map,map
example12_map_simulation_comparison,boussinesq_reused_gmsh,mf6_gmsh_existing,watertable_depth_map,time_index:3,fallback_time_key,time_selector:last,3,3,,205,1.9603375825459892,0.3091632683678682,1.651174314178121,1.651174314178121,5.340784249354669,m,map,map
example12_map_simulation_comparison,boussinesq_reused_gmsh,mf6_gmsh_existing,watertable_depth_map,time_index:3,fallback_time_key,time_selector:last,3,3,,206,0.1538159983116998,0.0,0.1538159983116998,0.1538159983116998,nan,m,map,map
example12_map_simulation_comparison,boussinesq_reused_gmsh,mf6_gmsh_existing,watertable_depth_map,time_index:3,fallback_time_key,time_selector:last,3,3,,207,1.7661305863637438,0.36898994137071384,1.39714064499303,1.39714064499303,3.7863922246849593,m,map,map
example12_map_simulation_comparison,boussinesq_reused_gmsh,mf6_gmsh_existing,watertable_depth_map,time_index:3,fallback_time_key,time_selector:last,3,3,,208,0.0,0.0,0.0,0.0,nan,m,map,map
example12_map_simulation_comparison,boussinesq_reused_gmsh,mf6_gmsh_existing,watertable_depth_map,time_index:3,fallback_time_key,time_selector:last,3,3,,209,0.2973174417002724,0.09072844502767907,0.20658899667259334,0.20658899667259334,2.2770036079596427,m,map,map
example12_map_simulation_comparison,boussinesq_reused_gmsh,mf6_gmsh_existing,watertable_depth_map,time_index:3,fallback_time_key,time_selector:last,3,3,,210,1.7946475031493918,0.3459451936999187,1.448702309449473,1.448702309449473,4.187664219165631,m,map,map
example12_map_simulation_comparison,boussinesq_reused_gmsh,mf6_gmsh_existing,watertable_depth_map,time_index:3,fallback_time_key,time_selector:last,3,3,,211,0.26256517726305617,0.07154122541892605,0.19102395184413012,0.19102395184413012,2.670124123895636,m,map,map
example12_map_simulation_comparison,boussinesq_reused_gmsh,mf6_gmsh_existing,watertable_depth_map,time_index:3,fallback_time_key,time_selector:last,3,3,,212,0.0,0.0,0.0,0.0,nan,m,map,map
example12_map_simulation_comparison,boussinesq_reused_gmsh,mf6_gmsh_existing,watertable_depth_map,time_index:3,fallback_time_key,time_selector:last,3,3,,213,0.0,0.0,0.0,0.0,nan,m,map,map
example12_map_simulation_comparison,boussinesq_reused_gmsh,mf6_gmsh_existing,watertable_depth_map,time_index:3,fallback_time_key,time_selector:last,3,3,,214,0.21531185370164962,0.0,0.21531185370164962,0.21531185370164962,nan,m,map,map
example12_map_simulation_comparison,boussinesq_reused_gmsh,mf6_gmsh_existing,watertable_depth_map,time_index:3,fallback_time_key,time_selector:last,3,3,,215,0.0,0.0,0.0,0.0,nan,m,map,map
example12_map_simulation_comparison,boussinesq_reused_gmsh,mf6_gmsh_existing,watertable_depth_map,time_index:3,fallback_time_key,time_selector:last,3,3,,216,0.04439490057353623,0.0,0.04439490057353623,0.04439490057353623,nan,m,map,map
example12_map_simulation_comparison,boussinesq_reused_gmsh,mf6_gmsh_existing,watertable_depth_map,time_index:3,fallback_time_key,time_selector:last,3,3,,217,0.13395178194691937,0.0,0.13395178194691937,0.13395178194691937,nan,m,map,map
example12_map_simulation_comparison,boussinesq_reused_gmsh,mf6_gmsh_existing,watertable_depth_map,time_index:3,fallback_time_key,time_selector:last,3,3,,218,0.31167484499236764,0.11426254258748259,0.19741230240488505,0.19741230240488505,1.7277079429047424,m,map,map
example12_map_simulation_comparison,boussinesq_reused_gmsh,mf6_gmsh_existing,watertable_depth_map,time_index:3,fallback_time_key,time_selector:last,3,3,,219,0.0,0.0,0.0,0.0,nan,m,map,map
example12_map_simulation_comparison,boussinesq_reused_gmsh,mf6_gmsh_existing,watertable_depth_map,time_index:3,fallback_time_key,time_selector:last,3,3,,220,0.0,0.0,0.0,0.0,nan,m,map,map
example12_map_simulation_comparison,boussinesq_reused_gmsh,mf6_gmsh_existing,watertable_depth_map,time_index:3,fallback_time_key,time_selector:last,3,3,,221,0.0,0.0,0.0,0.0,nan,m,map,map
example12_map_simulation_comparison,boussinesq_reused_gmsh,mf6_gmsh_existing,watertable_depth_map,time_index:3,fallback_time_key,time_selector:last,3,3,,222,0.9865265517764215,0.2934725368868101,0.6930540148896114,0.6930540148896114,2.3615634438629485,m,map,map
example12_map_simulation_comparison,boussinesq_reused_gmsh,mf6_gmsh_existing,watertable_depth_map,time_index:3,fallback_time_key,time_selector:last,3,3,,223,0.0,0.0,0.0,0.0,nan,m,map,map
example12_map_simulation_comparison,boussinesq_reused_gmsh,mf6_gmsh_existing,watertable_depth_map,time_index:3,fallback_time_key,time_selector:last,3,3,,224,0.8256836474948273,0.4712967193716793,0.354386928123148,0.354386928123148,0.7519401548044033,m,map,map
example12_map_simulation_comparison,boussinesq_reused_gmsh,mf6_gmsh_existing,watertable_depth_map,time_index:3,fallback_time_key,time_selector:last,3,3,,225,0.0,0.0,0.0,0.0,nan,m,map,map
example12_map_simulation_comparison,boussinesq_reused_gmsh,mf6_gmsh_existing,watertable_depth_map,time_index:3,fallback_time_key,time_selector:last,3,3,,226,0.003420970422865821,0.0,0.003420970422865821,0.003420970422865821,nan,m,map,map
example12_map_simulation_comparison,boussinesq_reused_gmsh,mf6_gmsh_existing,watertable_depth_map,time_index:3,fallback_time_key,time_selector:last,3,3,,227,0.0,0.0,0.0,0.0,nan,m,map,map
example12_map_simulation_comparison,boussinesq_reused_gmsh,mf6_gmsh_existing,watertable_depth_map,time_index:3,fallback_time_key,time_selector:last,3,3,,228,1.6705032089623444,0.21466072984371465,1.4558424791186297,1.4558424791186297,6.782062467497277,m,map,map
example12_map_simulation_comparison,boussinesq_reused_gmsh,mf6_gmsh_existing,watertable_depth_map,time_index:3,fallback_time_key,time_selector:last,3,3,,229,1.0546444979648726,0.1809343929151055,0.8737101050497671,0.8737101050497671,4.82887797600599,m,map,map
example12_map_simulation_comparison,boussinesq_reused_gmsh,mf6_gmsh_existing,watertable_depth_map,time_index:3,fallback_time_key,time_selector:last,3,3,,230,0.0,0.0,0.0,0.0,nan,m,map,map
example12_map_simulation_comparison,boussinesq_reused_gmsh,mf6_gmsh_existing,watertable_depth_map,time_index:3,fallback_time_key,time_selector:last,3,3,,231,0.04448964571402314,0.0,0.04448964571402314,0.04448964571402314,nan,m,map,map
example12_map_simulation_comparison,boussinesq_reused_gmsh,mf6_gmsh_existing,watertable_depth_map,time_index:3,fallback_time_key,time_selector:last,3,3,,232,0.0,0.0,0.0,0.0,nan,m,map,map
example12_map_simulation_comparison,boussinesq_reused_gmsh,mf6_gmsh_existing,watertable_depth_map,time_index:3,fallback_time_key,time_selector:last,3,3,,233,0.5391778602095769,0.0,0.5391778602095769,0.5391778602095769,nan,m,map,map
example12_map_simulation_comparison,boussinesq_reused_gmsh,mf6_gmsh_existing,watertable_depth_map,time_index:3,fallback_time_key,time_selector:last,3,3,,234,0.0,0.0,0.0,0.0,nan,m,map,map
example12_map_simulation_comparison,boussinesq_reused_gmsh,mf6_gmsh_existing,watertable_depth_map,time_index:3,fallback_time_key,time_selector:last,3,3,,235,0.0,0.0,0.0,0.0,nan,m,map,map
example12_map_simulation_comparison,boussinesq_reused_gmsh,mf6_gmsh_existing,watertable_depth_map,time_index:3,fallback_time_key,time_selector:last,3,3,,236,0.0,0.0,0.0,0.0,nan,m,map,map
example12_map_simulation_comparison,boussinesq_reused_gmsh,mf6_gmsh_existing,watertable_depth_map,time_index:3,fallback_time_key,time_selector:last,3,3,,237,0.0,0.0,0.0,0.0,nan,m,map,map
example12_map_simulation_comparison,boussinesq_reused_gmsh,mf6_gmsh_existing,watertable_depth_map,time_index:3,fallback_time_key,time_selector:last,3,3,,238,0.0,0.0,0.0,0.0,nan,m,map,map
example12_map_simulation_comparison,boussinesq_reused_gmsh,mf6_gmsh_existing,watertable_depth_map,time_index:3,fallback_time_key,time_selector:last,3,3,,239,0.31104199346893324,0.0,0.31104199346893324,0.31104199346893324,nan,m,map,map
example12_map_simulation_comparison,boussinesq_reused_gmsh,mf6_gmsh_existing,watertable_depth_map,time_index:3,fallback_time_key,time_selector:last,3,3,,240,0.26986952330665304,0.03800473998444431,0.23186478332220872,0.23186478332220872,6.1009438143008765,m,map,map
example12_map_simulation_comparison,boussinesq_reused_gmsh,mf6_gmsh_existing,watertable_depth_map,time_index:3,fallback_time_key,time_selector:last,3,3,,241,0.04945030385852078,0.0,0.04945030385852078,0.04945030385852078,nan,m,map,map
example12_map_simulation_comparison,boussinesq_reused_gmsh,mf6_gmsh_existing,watertable_depth_map,time_index:3,fallback_time_key,time_selector:last,3,3,,242,0.0,0.0,0.0,0.0,nan,m,map,map
example12_map_simulation_comparison,boussinesq_reused_gmsh,mf6_gmsh_existing,watertable_depth_map,time_index:3,fallback_time_key,time_selector:last,3,3,,243,0.9178940538895972,0.4137335884786353,0.5041604654109619,0.5041604654109619,1.2185630547059056,m,map,map
example12_map_simulation_comparison,boussinesq_reused_gmsh,mf6_gmsh_existing,watertable_depth_map,time_index:3,fallback_time_key,time_selector:last,3,3,,244,1.2265793641242482,0.7803878931475765,0.44619147097667167,0.44619147097667167,0.5717560137651878,m,map,map
example12_map_simulation_comparison,boussinesq_reused_gmsh,mf6_gmsh_existing,watertable_depth_map,time_index:3,fallback_time_key,time_selector:last,3,3,,245,0.23040972133648552,0.06392063612778998,0.16648908520869554,0.16648908520869554,2.6046218450619136,m,map,map
example12_map_simulation_comparison,boussinesq_reused_gmsh,mf6_gmsh_existing,watertable_depth_map,time_index:3,fallback_time_key,time_selector:last,3,3,,246,0.0,0.0,0.0,0.0,nan,m,map,map
example12_map_simulation_comparison,boussinesq_reused_gmsh,mf6_gmsh_existing,watertable_depth_map,time_index:3,fallback_time_key,time_selector:last,3,3,,247,0.03969115506302501,0.0,0.03969115506302501,0.03969115506302501,nan,m,map,map
example12_map_simulation_comparison,boussinesq_reused_gmsh,mf6_gmsh_existing,watertable_depth_map,time_index:3,fallback_time_key,time_selector:last,3,3,,248,1.2844020382669328,0.25810871328350515,1.0262933249834276,1.0262933249834276,3.9762056535307773,m,map,map
example12_map_simulation_comparison,boussinesq_reused_gmsh,mf6_gmsh_existing,watertable_depth_map,time_index:3,fallback_time_key,time_selector:last,3,3,,249,0.0,0.0,0.0,0.0,nan,m,map,map
example12_map_simulation_comparison,boussinesq_reused_gmsh,mf6_gmsh_existing,watertable_depth_map,time_index:3,fallback_time_key,time_selector:last,3,3,,250,0.10014506162376335,0.0,0.10014506162376335,0.10014506162376335,nan,m,map,map
example12_map_simulation_comparison,boussinesq_reused_gmsh,mf6_gmsh_existing,watertable_depth_map,time_index:3,fallback_time_key,time_selector:last,3,3,,251,0.0,0.0,0.0,0.0,nan,m,map,map
example12_map_simulation_comparison,boussinesq_reused_gmsh,mf6_gmsh_existing,watertable_depth_map,time_index:3,fallback_time_key,time_selector:last,3,3,,252,0.0,0.0,0.0,0.0,nan,m,map,map
example12_map_simulation_comparison,boussinesq_reused_gmsh,mf6_gmsh_existing,watertable_depth_map,time_index:3,fallback_time_key,time_selector:last,3,3,,253,0.6094055211602551,0.0,0.6094055211602551,0.6094055211602551,nan,m,map,map
example12_map_simulation_comparison,boussinesq_reused_gmsh,mf6_gmsh_existing,watertable_depth_map,time_index:3,fallback_time_key,time_selector:last,3,3,,254,0.0,0.0,0.0,0.0,nan,m,map,map
example12_map_simulation_comparison,boussinesq_reused_gmsh,mf6_gmsh_existing,watertable_depth_map,time_index:3,fallback_time_key,time_selector:last,3,3,,255,0.6278810933759473,0.13633966552146148,0.49154142785448585,0.49154142785448585,3.6052708943833474,m,map,map
example12_map_simulation_comparison,boussinesq_reused_gmsh,mf6_gmsh_existing,watertable_depth_map,time_index:3,fallback_time_key,time_selector:last,3,3,,256,0.0,0.0,0.0,0.0,nan,m,map,map
example12_map_simulation_comparison,boussinesq_reused_gmsh,mf6_gmsh_existing,watertable_depth_map,time_index:3,fallback_time_key,time_selector:last,3,3,,257,0.2526059476842306,0.0,0.2526059476842306,0.2526059476842306,nan,m,map,map
example12_map_simulation_comparison,boussinesq_reused_gmsh,mf6_gmsh_existing,watertable_depth_map,time_index:3,fallback_time_key,time_selector:last,3,3,,258,0.6892222753347852,0.0,0.6892222753347852,0.6892222753347852,nan,m,map,map
example12_map_simulation_comparison,boussinesq_reused_gmsh,mf6_gmsh_existing,watertable_depth_map,time_index:3,fallback_time_key,time_selector:last,3,3,,259,0.0,0.0,0.0,0.0,nan,m,map,map
example12_map_simulation_comparison,boussinesq_reused_gmsh,mf6_gmsh_existing,watertable_depth_map,time_index:3,fallback_time_key,time_selector:last,3,3,,260,0.0,0.0,0.0,0.0,nan,m,map,map
example12_map_simulation_comparison,boussinesq_reused_gmsh,mf6_gmsh_existing,watertable_depth_map,time_index:3,fallback_time_key,time_selector:last,3,3,,261,0.7467726769389174,0.08174337432772916,0.6650293026111882,0.6650293026111882,8.135574388511579,m,map,map
example12_map_simulation_comparison,boussinesq_reused_gmsh,mf6_gmsh_existing,watertable_depth_map,time_index:3,fallback_time_key,time_selector:last,3,3,,262,0.0,0.0,0.0,0.0,nan,m,map,map
example12_map_simulation_comparison,boussinesq_reused_gmsh,mf6_gmsh_existing,watertable_depth_map,time_index:3,fallback_time_key,time_selector:last,3,3,,263,0.3420449754128043,0.10750594324373708,0.23453903216906724,0.23453903216906724,2.1816378247788704,m,map,map
example12_map_simulation_comparison,boussinesq_reused_gmsh,mf6_gmsh_existing,watertable_depth_map,time_index:3,fallback_time_key,time_selector:last,3,3,,264,0.5851131282602182,0.03203204077931332,0.5530810874809049,0.5530810874809049,17.26649548467394,m,map,map
example12_map_simulation_comparison,boussinesq_reused_gmsh,mf6_gmsh_existing,watertable_depth_map,time_index:3,fallback_time_key,time_selector:last,3,3,,265,0.0,0.0,0.0,0.0,nan,m,map,map
example12_map_simulation_comparison,boussinesq_reused_gmsh,mf6_gmsh_existing,watertable_depth_map,time_index:3,fallback_time_key,time_selector:last,3,3,,266,2.223830841220135,0.29250373872704927,1.9313271024930856,1.9313271024930856,6.6027433047456165,m,map,map
example12_map_simulation_comparison,boussinesq_reused_gmsh,mf6_gmsh_existing,watertable_depth_map,time_index:3,fallback_time_key,time_selector:last,3,3,,267,0.0,0.0,0.0,0.0,nan,m,map,map
example12_map_simulation_comparison,boussinesq_reused_gmsh,mf6_gmsh_existing,watertable_depth_map,time_index:3,fallback_time_key,time_selector:last,3,3,,268,1.9838180339537814,0.19383850944473124,1.7899795245090502,1.7899795245090502,9.23438551831943,m,map,map
example12_map_simulation_comparison,boussinesq_reused_gmsh,mf6_gmsh_existing,watertable_depth_map,time_index:3,fallback_time_key,time_selector:last,3,3,,269,0.853554110729462,0.44711189865292056,0.4064422120765414,0.4064422120765414,0.9090391315934319,m,map,map
example12_map_simulation_comparison,boussinesq_reused_gmsh,mf6_gmsh_existing,watertable_depth_map,time_index:3,fallback_time_key,time_selector:last,3,3,,270,1.315418820132578,0.18270966412370626,1.1327091560088718,1.1327091560088718,6.1995032470857945,m,map,map
example12_map_simulation_comparison,boussinesq_reused_gmsh,mf6_gmsh_existing,watertable_depth_map,time_index:3,fallback_time_key,time_selector:last,3,3,,271,0.0,0.0,0.0,0.0,nan,m,map,map
example12_map_simulation_comparison,boussinesq_reused_gmsh,mf6_gmsh_existing,watertable_depth_map,time_index:3,fallback_time_key,time_selector:last,3,3,,272,0.9836628445893609,0.0,0.9836628445893609,0.9836628445893609,nan,m,map,map
example12_map_simulation_comparison,boussinesq_reused_gmsh,mf6_gmsh_existing,watertable_depth_map,time_index:3,fallback_time_key,time_selector:last,3,3,,273,2.152655953574609,1.1555691417598837,0.9970868118147251,0.9970868118147251,0.862853442327305,m,map,map
example12_map_simulation_comparison,boussinesq_reused_gmsh,mf6_gmsh_existing,watertable_depth_map,time_index:3,fallback_time_key,time_selector:last,3,3,,274,0.0,0.0,0.0,0.0,nan,m,map,map
example12_map_simulation_comparison,boussinesq_reused_gmsh,mf6_gmsh_existing,watertable_depth_map,time_index:3,fallback_time_key,time_selector:last,3,3,,275,1.3243685729880212,0.0,1.3243685729880212,1.3243685729880212,nan,m,map,map
example12_map_simulation_comparison,boussinesq_reused_gmsh,mf6_gmsh_existing,watertable_depth_map,time_index:3,fallback_time_key,time_selector:last,3,3,,276,2.09592816404529,0.75539731263585,1.34053085140944,1.34053085140944,1.7746036807198202,m,map,map
example12_map_simulation_comparison,boussinesq_reused_gmsh,mf6_gmsh_existing,watertable_depth_map,time_index:3,fallback_time_key,time_selector:last,3,3,,277,0.6525476443599985,0.3080639454495042,0.34448369891049424,0.34448369891049424,1.1182214082464244,m,map,map
example12_map_simulation_comparison,boussinesq_reused_gmsh,mf6_gmsh_existing,watertable_depth_map,time_index:3,fallback_time_key,time_selector:last,3,3,,278,0.0,0.0,0.0,0.0,nan,m,map,map
example12_map_simulation_comparison,boussinesq_reused_gmsh,mf6_gmsh_existing,watertable_depth_map,time_index:3,fallback_time_key,time_selector:last,3,3,,279,0.0,0.0,0.0,0.0,nan,m,map,map
example12_map_simulation_comparison,boussinesq_reused_gmsh,mf6_gmsh_existing,watertable_depth_map,time_index:3,fallback_time_key,time_selector:last,3,3,,280,0.609219733460634,0.3616704531183359,0.24754928034229806,0.24754928034229806,0.6844608903158085,m,map,map
example12_map_simulation_comparison,boussinesq_reused_gmsh,mf6_gmsh_existing,watertable_depth_map,time_index:3,fallback_time_key,time_selector:last,3,3,,281,0.0,0.0,0.0,0.0,nan,m,map,map
example12_map_simulation_comparison,boussinesq_reused_gmsh,mf6_gmsh_existing,watertable_depth_map,time_index:3,fallback_time_key,time_selector:last,3,3,,282,0.18266231294526847,0.0,0.18266231294526847,0.18266231294526847,nan,m,map,map
example12_map_simulation_comparison,boussinesq_reused_gmsh,mf6_gmsh_existing,watertable_depth_map,time_index:3,fallback_time_key,time_selector:last,3,3,,283,1.0832060930343346,0.5277551148755748,0.5554509781587598,0.5554509781587598,1.0524786259811325,m,map,map
example12_map_simulation_comparison,boussinesq_reused_gmsh,mf6_gmsh_existing,watertable_depth_map,time_index:3,fallback_time_key,time_selector:last,3,3,,284,0.0,0.0,0.0,0.0,nan,m,map,map
example12_map_simulation_comparison,boussinesq_reused_gmsh,mf6_gmsh_existing,watertable_depth_map,time_index:3,fallback_time_key,time_selector:last,3,3,,285,0.0,0.0,0.0,0.0,nan,m,map,map
example12_map_simulation_comparison,boussinesq_reused_gmsh,mf6_gmsh_existing,watertable_depth_map,time_index:3,fallback_time_key,time_selector:last,3,3,,286,0.7891061779385211,0.09486601069980338,0.6942401672387177,0.6942401672387177,7.318112800543394,m,map,map
example12_map_simulation_comparison,boussinesq_reused_gmsh,mf6_gmsh_existing,watertable_depth_map,time_index:3,fallback_time_key,time_selector:last,3,3,,287,0.08579745171125808,0.0,0.08579745171125808,0.08579745171125808,nan,m,map,map
example12_map_simulation_comparison,boussinesq_reused_gmsh,mf6_gmsh_existing,watertable_depth_map,time_index:3,fallback_time_key,time_selector:last,3,3,,288,0.0,0.0,0.0,0.0,nan,m,map,map
example12_map_simulation_comparison,boussinesq_reused_gmsh,mf6_gmsh_existing,watertable_depth_map,time_index:3,fallback_time_key,time_selector:last,3,3,,289,0.0,0.0,0.0,0.0,nan,m,map,map
example12_map_simulation_comparison,boussinesq_reused_gmsh,mf6_gmsh_existing,watertable_depth_map,time_index:3,fallback_time_key,time_selector:last,3,3,,290,0.0,0.0,0.0,0.0,nan,m,map,map
example12_map_simulation_comparison,boussinesq_reused_gmsh,mf6_gmsh_existing,watertable_depth_map,time_index:3,fallback_time_key,time_selector:last,3,3,,291,0.0,0.0,0.0,0.0,nan,m,map,map
example12_map_simulation_comparison,boussinesq_reused_gmsh,mf6_gmsh_existing,watertable_depth_map,time_index:3,fallback_time_key,time_selector:last,3,3,,292,1.8107084768022048,0.5543260916785187,1.2563823851236862,1.2563823851236862,2.266504146177418,m,map,map
example12_map_simulation_comparison,boussinesq_reused_gmsh,mf6_gmsh_existing,watertable_depth_map,time_index:3,fallback_time_key,time_selector:last,3,3,,293,0.17926859480664348,0.0,0.17926859480664348,0.17926859480664348,nan,m,map,map
example12_map_simulation_comparison,boussinesq_reused_gmsh,mf6_gmsh_existing,watertable_depth_map,time_index:3,fallback_time_key,time_selector:last,3,3,,294,0.0,0.0,0.0,0.0,nan,m,map,map
example12_map_simulation_comparison,boussinesq_reused_gmsh,mf6_gmsh_existing,watertable_depth_map,time_index:3,fallback_time_key,time_selector:last,3,3,,295,0.7693115030846087,0.32321870624696203,0.4460927968376467,0.4460927968376467,1.3801577328782455,m,map,map
example12_map_simulation_comparison,boussinesq_reused_gmsh,mf6_gmsh_existing,watertable_depth_map,time_index:3,fallback_time_key,time_selector:last,3,3,,296,0.3680494205740814,0.07676983316828512,0.2912795874057963,0.2912795874057963,3.7941933098550575,m,map,map
example12_map_simulation_comparison,boussinesq_reused_gmsh,mf6_gmsh_existing,watertable_depth_map,time_index:3,fallback_time_key,time_selector:last,3,3,,297,0.7185177986910389,0.5862896739377987,0.1322281247532402,0.1322281247532402,0.2255337772966963,m,map,map
example12_map_simulation_comparison,boussinesq_reused_gmsh,mf6_gmsh_existing,watertable_depth_map,time_index:3,fallback_time_key,time_selector:last,3,3,,298,0.7081949720661669,0.0,0.7081949720661669,0.7081949720661669,nan,m,map,map
example12_map_simulation_comparison,boussinesq_reused_gmsh,mf6_gmsh_existing,watertable_depth_map,time_index:3,fallback_time_key,time_selector:last,3,3,,299,0.0,0.0,0.0,0.0,nan,m,map,map
example12_map_simulation_comparison,boussinesq_reused_gmsh,mf6_gmsh_existing,watertable_depth_map,time_index:3,fallback_time_key,time_selector:last,3,3,,300,1.4341033715182476,0.440860878080926,0.9932424934373216,0.9932424934373216,2.2529612919180333,m,map,map
example12_map_simulation_comparison,boussinesq_reused_gmsh,mf6_gmsh_existing,watertable_depth_map,time_index:3,fallback_time_key,time_selector:last,3,3,,301,0.43814917810351517,0.0,0.43814917810351517,0.43814917810351517,nan,m,map,map
example12_map_simulation_comparison,boussinesq_reused_gmsh,mf6_gmsh_existing,watertable_depth_map,time_index:3,fallback_time_key,time_selector:last,3,3,,302,3.1606186891178965,1.5582876405853625,1.602331048532534,1.602331048532534,1.0282639782284526,m,map,map
example12_map_simulation_comparison,boussinesq_reused_gmsh,mf6_gmsh_existing,watertable_depth_map,time_index:3,fallback_time_key,time_selector:last,3,3,,303,3.141512494446303,1.1911258650235794,1.9503866294227237,1.9503866294227237,1.6374311789326428,m,map,map
example12_map_simulation_comparison,boussinesq_reused_gmsh,mf6_gmsh_existing,watertable_depth_map,time_index:3,fallback_time_key,time_selector:last,3,3,,304,0.0,0.0,0.0,0.0,nan,m,map,map
example12_map_simulation_comparison,boussinesq_reused_gmsh,mf6_gmsh_existing,watertable_depth_map,time_index:3,fallback_time_key,time_selector:last,3,3,,305,0.24022497622542005,0.0,0.24022497622542005,0.24022497622542005,nan,m,map,map
example12_map_simulation_comparison,boussinesq_reused_gmsh,mf6_gmsh_existing,watertable_depth_map,time_index:3,fallback_time_key,time_selector:last,3,3,,306,0.09216149877289581,0.0,0.09216149877289581,0.09216149877289581,nan,m,map,map
example12_map_simulation_comparison,boussinesq_reused_gmsh,mf6_gmsh_existing,watertable_depth_map,time_index:3,fallback_time_key,time_selector:last,3,3,,307,0.0,0.0,0.0,0.0,nan,m,map,map
example12_map_simulation_comparison,boussinesq_reused_gmsh,mf6_gmsh_existing,watertable_depth_map,time_index:3,fallback_time_key,time_selector:last,3,3,,308,0.06714227344352253,0.0,0.06714227344352253,0.06714227344352253,nan,m,map,map
example12_map_simulation_comparison,boussinesq_reused_gmsh,mf6_gmsh_existing,watertable_depth_map,time_index:3,fallback_time_key,time_selector:last,3,3,,309,0.1344486624894614,0.0,0.1344486624894614,0.1344486624894614,nan,m,map,map
example12_map_simulation_comparison,boussinesq_reused_gmsh,mf6_gmsh_existing,watertable_depth_map,time_index:3,fallback_time_key,time_selector:last,3,3,,310,0.13857541264067663,0.0,0.13857541264067663,0.13857541264067663,nan,m,map,map
example12_map_simulation_comparison,boussinesq_reused_gmsh,mf6_gmsh_existing,watertable_depth_map,time_index:3,fallback_time_key,time_selector:last,3,3,,311,0.0,0.0,0.0,0.0,nan,m,map,map
example12_map_simulation_comparison,boussinesq_reused_gmsh,mf6_gmsh_existing,watertable_depth_map,time_index:3,fallback_time_key,time_selector:last,3,3,,312,0.14027479620077088,0.0058454944347801074,0.13442930176599077,0.13442930176599077,22.99707976217544,m,map,map
example12_map_simulation_comparison,boussinesq_reused_gmsh,mf6_gmsh_existing,watertable_depth_map,time_index:3,fallback_time_key,time_selector:last,3,3,,313,0.0,0.0,0.0,0.0,nan,m,map,map
example12_map_simulation_comparison,boussinesq_reused_gmsh,mf6_gmsh_existing,watertable_depth_map,time_index:3,fallback_time_key,time_selector:last,3,3,,314,0.6653028782742467,0.2532290939917061,0.4120737842825406,0.4120737842825406,1.6272766204977893,m,map,map
example12_map_simulation_comparison,boussinesq_reused_gmsh,mf6_gmsh_existing,watertable_depth_map,time_index:3,fallback_time_key,time_selector:last,3,3,,315,0.6427719959809792,0.0,0.6427719959809792,0.6427719959809792,nan,m,map,map
example12_map_simulation_comparison,boussinesq_reused_gmsh,mf6_gmsh_existing,watertable_depth_map,time_index:3,fallback_time_key,time_selector:last,3,3,,316,0.0,0.0,0.0,0.0,nan,m,map,map
example12_map_simulation_comparison,boussinesq_reused_gmsh,mf6_gmsh_existing,watertable_depth_map,time_index:3,fallback_time_key,time_selector:last,3,3,,317,0.07435368104033557,0.0,0.07435368104033557,0.07435368104033557,nan,m,map,map
example12_map_simulation_comparison,boussinesq_reused_gmsh,mf6_gmsh_existing,watertable_depth_map,time_index:3,fallback_time_key,time_selector:last,3,3,,318,0.40714244232789554,0.13729168762341715,0.2698507547044784,0.2698507547044784,1.965528717548165,m,map,map
example12_map_simulation_comparison,boussinesq_reused_gmsh,mf6_gmsh_existing,watertable_depth_map,time_index:3,fallback_time_key,time_selector:last,3,3,,319,2.9164866870514885,1.3856854486812011,1.5308012383702874,1.5308012383702874,1.1047249141767328,m,map,map
example12_map_simulation_comparison,boussinesq_reused_gmsh,mf6_gmsh_existing,watertable_depth_map,time_index:3,fallback_time_key,time_selector:last,3,3,,320,0.09765625045984905,0.0,0.09765625045984905,0.09765625045984905,nan,m,map,map
example12_map_simulation_comparison,boussinesq_reused_gmsh,mf6_gmsh_existing,watertable_depth_map,time_index:3,fallback_time_key,time_selector:last,3,3,,321,0.0,0.0,0.0,0.0,nan,m,map,map
example12_map_simulation_comparison,boussinesq_reused_gmsh,mf6_gmsh_existing,watertable_depth_map,time_index:3,fallback_time_key,time_selector:last,3,3,,322,0.0,0.0,0.0,0.0,nan,m,map,map
example12_map_simulation_comparison,boussinesq_reused_gmsh,mf6_gmsh_existing,watertable_depth_map,time_index:3,fallback_time_key,time_selector:last,3,3,,323,0.5447283796426632,0.08621602839684783,0.45851235124581535,0.45851235124581535,5.318179922824874,m,map,map
example12_map_simulation_comparison,boussinesq_reused_gmsh,mf6_gmsh_existing,watertable_depth_map,time_index:3,fallback_time_key,time_selector:last,3,3,,324,0.0,0.0,0.0,0.0,nan,m,map,map
example12_map_simulation_comparison,boussinesq_reused_gmsh,mf6_gmsh_existing,watertable_depth_map,time_index:3,fallback_time_key,time_selector:last,3,3,,325,0.0,0.0,0.0,0.0,nan,m,map,map
example12_map_simulation_comparison,boussinesq_reused_gmsh,mf6_gmsh_existing,watertable_depth_map,time_index:3,fallback_time_key,time_selector:last,3,3,,326,0.791814940763885,0.18602207566536322,0.6057928650985218,0.6057928650985218,3.2565643778122766,m,map,map
example12_map_simulation_comparison,boussinesq_reused_gmsh,mf6_gmsh_existing,watertable_depth_map,time_index:3,fallback_time_key,time_selector:last,3,3,,327,0.15655861270113292,0.007344966130972352,0.14921364657016056,0.14921364657016056,20.315089805649947,m,map,map
example12_map_simulation_comparison,boussinesq_reused_gmsh,mf6_gmsh_existing,watertable_depth_map,time_index:3,fallback_time_key,time_selector:last,3,3,,328,0.0,0.0,0.0,0.0,nan,m,map,map
example12_map_simulation_comparison,boussinesq_reused_gmsh,mf6_gmsh_existing,watertable_depth_map,time_index:3,fallback_time_key,time_selector:last,3,3,,329,0.378246835518695,0.0,0.378246835518695,0.378246835518695,nan,m,map,map
example12_map_simulation_comparison,boussinesq_reused_gmsh,mf6_gmsh_existing,watertable_depth_map,time_index:3,fallback_time_key,time_selector:last,3,3,,330,2.0745187383264465,0.6982624758241514,1.3762562625022952,1.3762562625022952,1.9709726788310018,m,map,map
example12_map_simulation_comparison,boussinesq_reused_gmsh,mf6_gmsh_existing,watertable_depth_map,time_index:3,fallback_time_key,time_selector:last,3,3,,331,0.9446681433188076,0.08569279432502697,0.8589753489937806,0.8589753489937806,10.023892390948827,m,map,map
example12_map_simulation_comparison,boussinesq_reused_gmsh,mf6_gmsh_existing,watertable_depth_map,time_index:3,fallback_time_key,time_selector:last,3,3,,332,0.87398451755206,0.3723958386927677,0.5015886788592923,0.5015886788592923,1.3469234259438398,m,map,map
example12_map_simulation_comparison,boussinesq_reused_gmsh,mf6_gmsh_existing,watertable_depth_map,time_index:3,fallback_time_key,time_selector:last,3,3,,333,0.24568819009127196,0.10347881810736226,0.1422093719839097,0.1422093719839097,1.374284849642981,m,map,map
example12_map_simulation_comparison,boussinesq_reused_gmsh,mf6_gmsh_existing,watertable_depth_map,time_index:3,fallback_time_key,time_selector:last,3,3,,334,0.0,0.0,0.0,0.0,nan,m,map,map
example12_map_simulation_comparison,boussinesq_reused_gmsh,mf6_gmsh_existing,watertable_depth_map,time_index:3,fallback_time_key,time_selector:last,3,3,,335,0.053152150756119454,0.0,0.053152150756119454,0.053152150756119454,nan,m,map,map
example12_map_simulation_comparison,boussinesq_reused_gmsh,mf6_gmsh_existing,watertable_depth_map,time_index:3,fallback_time_key,time_selector:last,3,3,,336,2.2295593131871385,0.19636057422751207,2.0331987389596264,2.0331987389596264,10.354414306223571,m,map,map
example12_map_simulation_comparison,boussinesq_reused_gmsh,mf6_gmsh_existing,watertable_depth_map,time_index:3,fallback_time_key,time_selector:last,3,3,,337,0.5978227435320491,0.31127349448951236,0.28654924904253676,0.28654924904253676,0.9205706689304745,m,map,map
example12_map_simulation_comparison,boussinesq_reused_gmsh,mf6_gmsh_existing,watertable_depth_map,time_index:3,fallback_time_key,time_selector:last,3,3,,338,0.0,0.0,0.0,0.0,nan,m,map,map
example12_map_simulation_comparison,boussinesq_reused_gmsh,mf6_gmsh_existing,watertable_depth_map,time_index:3,fallback_time_key,time_selector:last,3,3,,339,0.0,0.0,0.0,0.0,nan,m,map,map
example12_map_simulation_comparison,boussinesq_reused_gmsh,mf6_gmsh_existing,watertable_depth_map,time_index:3,fallback_time_key,time_selector:last,3,3,,340,1.4210854715202004e-14,0.0,1.4210854715202004e-14,1.4210854715202004e-14,nan,m,map,map
example12_map_simulation_comparison,boussinesq_reused_gmsh,mf6_gmsh_existing,watertable_depth_map,time_index:3,fallback_time_key,time_selector:last,3,3,,341,0.00848559349650202,0.0,0.00848559349650202,0.00848559349650202,nan,m,map,map
example12_map_simulation_comparison,boussinesq_reused_gmsh,mf6_gmsh_existing,watertable_depth_map,time_index:3,fallback_time_key,time_selector:last,3,3,,342,0.0,0.0,0.0,0.0,nan,m,map,map
example12_map_simulation_comparison,boussinesq_reused_gmsh,mf6_gmsh_existing,watertable_depth_map,time_index:3,fallback_time_key,time_selector:last,3,3,,343,1.5463055814716853,0.14773893031494367,1.3985666511567416,1.3985666511567416,9.466473380952033,m,map,map
example12_map_simulation_comparison,boussinesq_reused_gmsh,mf6_gmsh_existing,watertable_depth_map,time_index:3,fallback_time_key,time_selector:last,3,3,,344,0.5620075737516856,0.12972370259157628,0.43228387116010936,0.43228387116010936,3.3323429914818057,m,map,map
example12_map_simulation_comparison,boussinesq_reused_gmsh,mf6_gmsh_existing,watertable_depth_map,time_index:3,fallback_time_key,time_selector:last,3,3,,345,0.7448611507064413,0.3193960358519945,0.4254651148544468,0.4254651148544468,1.3320926595707778,m,map,map
example12_map_simulation_comparison,boussinesq_reused_gmsh,mf6_gmsh_existing,watertable_depth_map,time_index:3,fallback_time_key,time_selector:last,3,3,,346,5.313737708729661,2.995285329327288,2.3184523794023733,2.3184523794023733,0.7740338981071546,m,map,map
example12_map_simulation_comparison,boussinesq_reused_gmsh,mf6_gmsh_existing,watertable_depth_map,time_index:3,fallback_time_key,time_selector:last,3,3,,347,0.0,0.0,0.0,0.0,nan,m,map,map
example12_map_simulation_comparison,boussinesq_reused_gmsh,mf6_gmsh_existing,watertable_depth_map,time_index:3,fallback_time_key,time_selector:last,3,3,,348,0.6883465019086827,0.0,0.6883465019086827,0.6883465019086827,nan,m,map,map
example12_map_simulation_comparison,boussinesq_reused_gmsh,mf6_gmsh_existing,watertable_depth_map,time_index:3,fallback_time_key,time_selector:last,3,3,,349,0.8850258783937193,0.5222269660539638,0.3627989123397555,0.3627989123397555,0.6947150107569627,m,map,map
example12_map_simulation_comparison,boussinesq_reused_gmsh,mf6_gmsh_existing,watertable_depth_map,time_index:3,fallback_time_key,time_selector:last,3,3,,350,0.7866991157093111,0.4353779847618853,0.3513211309474258,0.3513211309474258,0.8069336145684274,m,map,map
example12_map_simulation_comparison,boussinesq_reused_gmsh,mf6_gmsh_existing,watertable_depth_map,time_index:3,fallback_time_key,time_selector:last,3,3,,351,0.8593833459551234,0.2823804896924713,0.5770028562626521,0.5770028562626521,2.043352417481256,m,map,map
example12_map_simulation_comparison,boussinesq_reused_gmsh,mf6_gmsh_existing,watertable_depth_map,time_index:3,fallback_time_key,time_selector:last,3,3,,352,2.5325833697347804,0.45470114937322137,2.077882220361559,2.077882220361559,4.569775605858478,m,map,map
example12_map_simulation_comparison,boussinesq_reused_gmsh,mf6_gmsh_existing,watertable_depth_map,time_index:3,fallback_time_key,time_selector:last,3,3,,353,1.5472491913754993,0.34612088531477525,1.201128306060724,1.201128306060724,3.4702566560477077,m,map,map
example12_map_simulation_comparison,boussinesq_reused_gmsh,mf6_gmsh_existing,watertable_depth_map,time_index:3,fallback_time_key,time_selector:last,3,3,,354,0.06106392530745097,0.0,0.06106392530745097,0.06106392530745097,nan,m,map,map
example12_map_simulation_comparison,boussinesq_reused_gmsh,mf6_gmsh_existing,watertable_depth_map,time_index:3,fallback_time_key,time_selector:last,3,3,,355,1.8440588332889547,0.15145077158993558,1.6926080616990191,1.6926080616990191,11.175961957340721,m,map,map
example12_map_simulation_comparison,boussinesq_reused_gmsh,mf6_gmsh_existing,watertable_depth_map,time_index:3,fallback_time_key,time_selector:last,3,3,,356,0.0,0.0,0.0,0.0,nan,m,map,map
example12_map_simulation_comparison,boussinesq_reused_gmsh,mf6_gmsh_existing,watertable_depth_map,time_index:3,fallback_time_key,time_selector:last,3,3,,357,0.0,0.0,0.0,0.0,nan,m,map,map
example12_map_simulation_comparison,boussinesq_reused_gmsh,mf6_gmsh_existing,watertable_depth_map,time_index:3,fallback_time_key,time_selector:last,3,3,,358,0.0,0.0,0.0,0.0,nan,m,map,map
example12_map_simulation_comparison,boussinesq_reused_gmsh,mf6_gmsh_existing,watertable_depth_map,time_index:3,fallback_time_key,time_selector:last,3,3,,359,0.0,0.0,0.0,0.0,nan,m,map,map
example12_map_simulation_comparison,boussinesq_reused_gmsh,mf6_gmsh_existing,watertable_depth_map,time_index:3,fallback_time_key,time_selector:last,3,3,,360,0.0,0.0,0.0,0.0,nan,m,map,map
example12_map_simulation_comparison,boussinesq_reused_gmsh,mf6_gmsh_existing,watertable_depth_map,time_index:3,fallback_time_key,time_selector:last,3,3,,361,0.28026535077313497,0.0,0.28026535077313497,0.28026535077313497,nan,m,map,map
example12_map_simulation_comparison,boussinesq_reused_gmsh,mf6_gmsh_existing,watertable_depth_map,time_index:3,fallback_time_key,time_selector:last,3,3,,362,0.9005681532014478,0.1499991231153075,0.7505690300861403,0.7505690300861403,5.003822785744967,m,map,map
example12_map_simulation_comparison,boussinesq_reused_gmsh,mf6_gmsh_existing,watertable_depth_map,time_index:3,fallback_time_key,time_selector:last,3,3,,363,0.0,0.0,0.0,0.0,nan,m,map,map
example12_map_simulation_comparison,boussinesq_reused_gmsh,mf6_gmsh_existing,watertable_depth_map,time_index:3,fallback_time_key,time_selector:last,3,3,,364,0.8105571317794045,0.17477375456260802,0.6357833772167965,0.6357833772167965,3.6377508671591996,m,map,map
example12_map_simulation_comparison,boussinesq_reused_gmsh,mf6_gmsh_existing,watertable_depth_map,time_index:3,fallback_time_key,time_selector:last,3,3,,365,0.0,0.0,0.0,0.0,nan,m,map,map
example12_map_simulation_comparison,boussinesq_reused_gmsh,mf6_gmsh_existing,watertable_depth_map,time_index:3,fallback_time_key,time_selector:last,3,3,,366,0.2092163896102477,0.0,0.2092163896102477,0.2092163896102477,nan,m,map,map
example12_map_simulation_comparison,boussinesq_reused_gmsh,mf6_gmsh_existing,watertable_depth_map,time_index:3,fallback_time_key,time_selector:last,3,3,,367,0.0,0.0,0.0,0.0,nan,m,map,map
example12_map_simulation_comparison,boussinesq_reused_gmsh,mf6_gmsh_existing,watertable_depth_map,time_index:3,fallback_time_key,time_selector:last,3,3,,368,1.373121407795992,0.42532754956855,0.9477938582274419,0.9477938582274419,2.2283857680718753,m,map,map
example12_map_simulation_comparison,boussinesq_reused_gmsh,mf6_gmsh_existing,watertable_depth_map,time_index:3,fallback_time_key,time_selector:last,3,3,,369,0.6711259813461794,0.20287090742914415,0.46825507391703525,0.46825507391703525,2.308143044515048,m,map,map
example12_map_simulation_comparison,boussinesq_reused_gmsh,mf6_gmsh_existing,watertable_depth_map,time_index:3,fallback_time_key,time_selector:last,3,3,,370,1.4328965591875829,0.3571771675633215,1.0757193916242613,1.0757193916242613,3.011724962608519,m,map,map
example12_map_simulation_comparison,boussinesq_reused_gmsh,mf6_gmsh_existing,watertable_depth_map,time_index:3,fallback_time_key,time_selector:last,3,3,,371,0.04156397400008416,0.0,0.04156397400008416,0.04156397400008416,nan,m,map,map
example12_map_simulation_comparison,boussinesq_reused_gmsh,mf6_gmsh_existing,watertable_depth_map,time_index:3,fallback_time_key,time_selector:last,3,3,,372,0.0,0.0,0.0,0.0,nan,m,map,map
example12_map_simulation_comparison,boussinesq_reused_gmsh,mf6_gmsh_existing,watertable_depth_map,time_index:3,fallback_time_key,time_selector:last,3,3,,373,0.7482962779808702,0.24975836596371437,0.4985379120171558,0.4985379120171558,1.9960809324384547,m,map,map
example12_map_simulation_comparison,boussinesq_reused_gmsh,mf6_gmsh_existing,watertable_depth_map,time_index:3,fallback_time_key,time_selector:last,3,3,,374,0.07551056260268751,0.0,0.07551056260268751,0.07551056260268751,nan,m,map,map
example12_map_simulation_comparison,boussinesq_reused_gmsh,mf6_gmsh_existing,watertable_depth_map,time_index:3,fallback_time_key,time_selector:last,3,3,,375,0.12846844252274536,0.0,0.12846844252274536,0.12846844252274536,nan,m,map,map
example12_map_simulation_comparison,boussinesq_reused_gmsh,mf6_gmsh_existing,watertable_depth_map,time_index:3,fallback_time_key,time_selector:last,3,3,,376,0.0,0.0,0.0,0.0,nan,m,map,map
example12_map_simulation_comparison,boussinesq_reused_gmsh,mf6_gmsh_existing,watertable_depth_map,time_index:3,fallback_time_key,time_selector:last,3,3,,377,0.0,0.0,0.0,0.0,nan,m,map,map
example12_map_simulation_comparison,boussinesq_reused_gmsh,mf6_gmsh_existing,watertable_depth_map,time_index:3,fallback_time_key,time_selector:last,3,3,,378,0.0,0.0,0.0,0.0,nan,m,map,map
example12_map_simulation_comparison,boussinesq_reused_gmsh,mf6_gmsh_existing,watertable_depth_map,time_index:3,fallback_time_key,time_selector:last,3,3,,379,2.012553858016105,0.6698622673182797,1.3426915906978252,1.3426915906978252,2.004429352429633,m,map,map
example12_map_simulation_comparison,boussinesq_reused_gmsh,mf6_gmsh_existing,watertable_depth_map,time_index:3,fallback_time_key,time_selector:last,3,3,,380,1.321156795736968,0.1679829145656413,1.1531738811713268,1.1531738811713268,6.864828391346374,m,map,map
example12_map_simulation_comparison,boussinesq_reused_gmsh,mf6_gmsh_existing,watertable_depth_map,time_index:3,fallback_time_key,time_selector:last,3,3,,381,2.091885976845063,0.16945509001817527,1.9224308868268878,1.9224308868268878,11.344781007290447,m,map,map
example12_map_simulation_comparison,boussinesq_reused_gmsh,mf6_gmsh_existing,watertable_depth_map,time_index:3,fallback_time_key,time_selector:last,3,3,,382,1.6979012059705667,0.10278601666115605,1.5951151893094107,1.5951151893094107,15.518795660385017,m,map,map
example12_map_simulation_comparison,boussinesq_reused_gmsh,mf6_gmsh_existing,watertable_depth_map,time_index:3,fallback_time_key,time_selector:last,3,3,,383,1.2378344002033828,0.5537568577139069,0.6840775424894758,0.6840775424894758,1.2353391799310192,m,map,map
example12_map_simulation_comparison,boussinesq_reused_gmsh,mf6_gmsh_existing,watertable_depth_map,time_index:3,fallback_time_key,time_selector:last,3,3,,384,1.7533921745222187,0.0,1.7533921745222187,1.7533921745222187,nan,m,map,map
example12_map_simulation_comparison,boussinesq_reused_gmsh,mf6_gmsh_existing,watertable_depth_map,time_index:3,fallback_time_key,time_selector:last,3,3,,385,0.14062011432315558,0.0,0.14062011432315558,0.14062011432315558,nan,m,map,map
example12_map_simulation_comparison,boussinesq_reused_gmsh,mf6_gmsh_existing,watertable_depth_map,time_index:3,fallback_time_key,time_selector:last,3,3,,386,0.8316441901910991,0.0,0.8316441901910991,0.8316441901910991,nan,m,map,map
example12_map_simulation_comparison,boussinesq_reused_gmsh,mf6_gmsh_existing,watertable_depth_map,time_index:3,fallback_time_key,time_selector:last,3,3,,387,0.0,0.0,0.0,0.0,nan,m,map,map
example12_map_simulation_comparison,boussinesq_reused_gmsh,mf6_gmsh_existing,watertable_depth_map,time_index:3,fallback_time_key,time_selector:last,3,3,,388,0.5116200084649449,0.0,0.5116200084649449,0.5116200084649449,nan,m,map,map
example12_map_simulation_comparison,boussinesq_reused_gmsh,mf6_gmsh_existing,watertable_depth_map,time_index:3,fallback_time_key,time_selector:last,3,3,,389,0.9128769980280396,0.22358941767971885,0.6892875803483207,0.6892875803483207,3.082827387366303,m,map,map
example12_map_simulation_comparison,boussinesq_reused_gmsh,mf6_gmsh_existing,watertable_depth_map,time_index:3,fallback_time_key,time_selector:last,3,3,,390,1.637760645669502,0.4187006713893595,1.2190599742801425,1.2190599742801425,2.911530975660916,m,map,map
example12_map_simulation_comparison,boussinesq_reused_gmsh,mf6_gmsh_existing,watertable_depth_map,time_index:3,fallback_time_key,time_selector:last,3,3,,391,1.9763699301512645,0.48997563823897394,1.4863942919122906,1.4863942919122906,3.0336085631819456,m,map,map
example12_map_simulation_comparison,boussinesq_reused_gmsh,mf6_gmsh_existing,watertable_depth_map,time_index:3,fallback_time_key,time_selector:last,3,3,,392,0.0,0.0,0.0,0.0,nan,m,map,map
example12_map_simulation_comparison,boussinesq_reused_gmsh,mf6_gmsh_existing,watertable_depth_map,time_index:3,fallback_time_key,time_selector:last,3,3,,393,1.2794021603102124,0.0,1.2794021603102124,1.2794021603102124,nan,m,map,map
example12_map_simulation_comparison,boussinesq_reused_gmsh,mf6_gmsh_existing,watertable_depth_map,time_index:3,fallback_time_key,time_selector:last,3,3,,394,0.3122153940107353,0.12223748872050066,0.18997790529023462,0.18997790529023462,1.554170551757851,m,map,map
example12_map_simulation_comparison,boussinesq_reused_gmsh,mf6_gmsh_existing,watertable_depth_map,time_index:3,fallback_time_key,time_selector:last,3,3,,395,1.8751194805037699,0.24318682377244727,1.6319326567313226,1.6319326567313226,6.710612982298502,m,map,map
example12_map_simulation_comparison,boussinesq_reused_gmsh,mf6_gmsh_existing,watertable_depth_map,time_index:3,fallback_time_key,time_selector:last,3,3,,396,0.9535238653857334,0.2657758406873256,0.6877480246984078,0.6877480246984078,2.587699555083019,m,map,map
example12_map_simulation_comparison,boussinesq_reused_gmsh,mf6_gmsh_existing,watertable_depth_map,time_index:3,fallback_time_key,time_selector:last,3,3,,397,0.30970147880978516,0.0,0.30970147880978516,0.30970147880978516,nan,m,map,map
example12_map_simulation_comparison,boussinesq_reused_gmsh,mf6_gmsh_existing,watertable_depth_map,time_index:3,fallback_time_key,time_selector:last,3,3,,398,0.07344040310006505,0.0,0.07344040310006505,0.07344040310006505,nan,m,map,map
example12_map_simulation_comparison,boussinesq_reused_gmsh,mf6_gmsh_existing,watertable_depth_map,time_index:3,fallback_time_key,time_selector:last,3,3,,399,0.688771905093887,0.18818679356846246,0.5005851115254245,0.5005851115254245,2.6600437896472866,m,map,map
example12_map_simulation_comparison,boussinesq_reused_gmsh,mf6_gmsh_existing,watertable_depth_map,time_index:3,fallback_time_key,time_selector:last,3,3,,400,1.2611185367908888,0.25217942301935636,1.0089391137715324,1.0089391137715324,4.000878032360673,m,map,map
example12_map_simulation_comparison,boussinesq_reused_gmsh,mf6_gmsh_existing,watertable_depth_map,time_index:3,fallback_time_key,time_selector:last,3,3,,401,0.9877193378591045,0.5928898459082035,0.394829491950901,0.394829491950901,0.6659407218318798,m,map,map
example12_map_simulation_comparison,boussinesq_reused_gmsh,mf6_gmsh_existing,watertable_depth_map,time_index:3,fallback_time_key,time_selector:last,3,3,,402,2.654165833461178,0.41625500215810973,2.2379108313030684,2.2379108313030684,5.376297749457491,m,map,map
example12_map_simulation_comparison,boussinesq_reused_gmsh,mf6_gmsh_existing,watertable_depth_map,time_index:3,fallback_time_key,time_selector:last,3,3,,403,1.7942993810756747,0.146896746081012,1.6474026349946627,1.6474026349946627,11.214697935420146,m,map,map
example12_map_simulation_comparison,boussinesq_reused_gmsh,mf6_gmsh_existing,watertable_depth_map,time_index:3,fallback_time_key,time_selector:last,3,3,,404,0.744573202777147,0.07711300731763515,0.6674601954595119,0.6674601954595119,8.655611013978298,m,map,map
example12_map_simulation_comparison,boussinesq_reused_gmsh,mf6_gmsh_existing,watertable_depth_map,time_index:3,fallback_time_key,time_selector:last,3,3,,405,0.5815809400766625,0.12668917814352199,0.4548917619331405,0.4548917619331405,3.5906126205808095,m,map,map
example12_map_simulation_comparison,boussinesq_reused_gmsh,mf6_gmsh_existing,watertable_depth_map,time_index:3,fallback_time_key,time_selector:last,3,3,,406,0.0,0.0,0.0,0.0,nan,m,map,map
example12_map_simulation_comparison,boussinesq_reused_gmsh,mf6_gmsh_existing,watertable_depth_map,time_index:3,fallback_time_key,time_selector:last,3,3,,407,2.4220999645067423,0.5752386210528613,1.846861343453881,1.846861343453881,3.210600394100042,m,map,map
example12_map_simulation_comparison,boussinesq_reused_gmsh,mf6_gmsh_existing,watertable_depth_map,time_index:3,fallback_time_key,time_selector:last,3,3,,408,0.15260819369646583,0.013462511780019781,0.13914568191644605,0.13914568191644605,10.33578905557263,m,map,map
example12_map_simulation_comparison,boussinesq_reused_gmsh,mf6_gmsh_existing,watertable_depth_map,time_index:3,fallback_time_key,time_selector:last,3,3,,409,0.1547284477671269,0.03547269621100213,0.11925575155612478,0.11925575155612478,3.361902654558767,m,map,map
example12_map_simulation_comparison,boussinesq_reused_gmsh,mf6_gmsh_existing,watertable_depth_map,time_index:3,fallback_time_key,time_selector:last,3,3,,410,0.0,0.0,0.0,0.0,nan,m,map,map
example12_map_simulation_comparison,boussinesq_reused_gmsh,mf6_gmsh_existing,watertable_depth_map,time_index:3,fallback_time_key,time_selector:last,3,3,,411,0.9762627123343464,0.06276913763629466,0.9134935746980517,0.9134935746980517,14.55322805279146,m,map,map
example12_map_simulation_comparison,boussinesq_reused_gmsh,mf6_gmsh_existing,watertable_depth_map,time_index:3,fallback_time_key,time_selector:last,3,3,,412,0.17172887392965208,0.0,0.17172887392965208,0.17172887392965208,nan,m,map,map
example12_map_simulation_comparison,boussinesq_reused_gmsh,mf6_gmsh_existing,watertable_depth_map,time_index:3,fallback_time_key,time_selector:last,3,3,,413,0.0,0.0,0.0,0.0,nan,m,map,map
example12_map_simulation_comparison,boussinesq_reused_gmsh,mf6_gmsh_existing,watertable_depth_map,time_index:3,fallback_time_key,time_selector:last,3,3,,414,0.0,0.0,0.0,0.0,nan,m,map,map
example12_map_simulation_comparison,boussinesq_reused_gmsh,mf6_gmsh_existing,watertable_depth_map,time_index:3,fallback_time_key,time_selector:last,3,3,,415,0.44651967306340623,0.18154553279801178,0.26497414026539445,0.26497414026539445,1.4595464629813042,m,map,map
example12_map_simulation_comparison,boussinesq_reused_gmsh,mf6_gmsh_existing,watertable_depth_map,time_index:3,fallback_time_key,time_selector:last,3,3,,416,3.177325528507538,1.3109727993355307,1.8663527291720072,1.8663527291720072,1.4236395523369914,m,map,map
example12_map_simulation_comparison,boussinesq_reused_gmsh,mf6_gmsh_existing,watertable_depth_map,time_index:3,fallback_time_key,time_selector:last,3,3,,417,2.205685479565119,0.4190251128020037,1.7866603667631153,1.7866603667631153,4.263850333016537,m,map,map
example12_map_simulation_comparison,boussinesq_reused_gmsh,mf6_gmsh_existing,watertable_depth_map,time_index:3,fallback_time_key,time_selector:last,3,3,,418,0.5866438516386268,0.1509038945865484,0.43573995705207835,0.43573995705207835,2.8875328781005516,m,map,map
example12_map_simulation_comparison,boussinesq_reused_gmsh,mf6_gmsh_existing,watertable_depth_map,time_index:3,fallback_time_key,time_selector:last,3,3,,419,0.8042937068974254,0.11388552183380796,0.6904081850636175,0.6904081850636175,6.06229987751317,m,map,map
example12_map_simulation_comparison,boussinesq_reused_gmsh,mf6_gmsh_existing,watertable_depth_map,time_index:3,fallback_time_key,time_selector:last,3,3,,420,0.4749468939124313,0.07353518421120953,0.40141170970122175,0.40141170970122175,5.458770709654814,m,map,map
example12_map_simulation_comparison,boussinesq_reused_gmsh,mf6_gmsh_existing,watertable_depth_map,time_index:3,fallback_time_key,time_selector:last,3,3,,421,0.7355211315949077,0.07867459882768912,0.6568465327672186,0.6568465327672186,8.348902219454914,m,map,map
example12_map_simulation_comparison,boussinesq_reused_gmsh,mf6_gmsh_existing,watertable_depth_map,time_index:3,fallback_time_key,time_selector:last,3,3,,422,1.7672332489678126,0.2608615215186205,1.5063717274491921,1.5063717274491921,5.774603010362592,m,map,map
example12_map_simulation_comparison,boussinesq_reused_gmsh,mf6_gmsh_existing,watertable_depth_map,time_index:3,fallback_time_key,time_selector:last,3,3,,423,0.5003422488362901,0.0,0.5003422488362901,0.5003422488362901,nan,m,map,map
example12_map_simulation_comparison,boussinesq_reused_gmsh,mf6_gmsh_existing,watertable_depth_map,time_index:3,fallback_time_key,time_selector:last,3,3,,424,2.0240612417955077,0.13803384425166598,1.8860273975438417,1.8860273975438417,13.663514247311696,m,map,map
example12_map_simulation_comparison,boussinesq_reused_gmsh,mf6_gmsh_existing,watertable_depth_map,time_index:3,fallback_time_key,time_selector:last,3,3,,425,3.0963241386844658,0.9513946727260105,2.1449294659584552,2.1449294659584552,2.2545106961894534,m,map,map
example12_map_simulation_comparison,boussinesq_reused_gmsh,mf6_gmsh_existing,watertable_depth_map,time_index:3,fallback_time_key,time_selector:last,3,3,,426,0.0,0.0,0.0,0.0,nan,m,map,map
example12_map_simulation_comparison,boussinesq_reused_gmsh,mf6_gmsh_existing,watertable_depth_map,time_index:3,fallback_time_key,time_selector:last,3,3,,427,0.27794625484276025,0.0,0.27794625484276025,0.27794625484276025,nan,m,map,map
example12_map_simulation_comparison,boussinesq_reused_gmsh,mf6_gmsh_existing,watertable_depth_map,time_index:3,fallback_time_key,time_selector:last,3,3,,428,0.0,0.0,0.0,0.0,nan,m,map,map
example12_map_simulation_comparison,boussinesq_reused_gmsh,mf6_gmsh_existing,watertable_depth_map,time_index:3,fallback_time_key,time_selector:last,3,3,,429,2.6714918961600205,0.4595312875248112,2.2119606086352093,2.2119606086352093,4.813514702229671,m,map,map
example12_map_simulation_comparison,boussinesq_reused_gmsh,mf6_gmsh_existing,watertable_depth_map,time_index:3,fallback_time_key,time_selector:last,3,3,,430,0.04432806524235389,0.0,0.04432806524235389,0.04432806524235389,nan,m,map,map
example12_map_simulation_comparison,boussinesq_reused_gmsh,mf6_gmsh_existing,watertable_depth_map,time_index:3,fallback_time_key,time_selector:last,3,3,,431,0.10607934360611182,0.0,0.10607934360611182,0.10607934360611182,nan,m,map,map
example12_map_simulation_comparison,boussinesq_reused_gmsh,mf6_gmsh_existing,watertable_depth_map,time_index:3,fallback_time_key,time_selector:last,3,3,,432,0.5024139314204206,0.01435449623210161,0.48805943518831896,0.48805943518831896,34.00045722934181,m,map,map
example12_map_simulation_comparison,boussinesq_reused_gmsh,mf6_gmsh_existing,watertable_depth_map,time_index:3,fallback_time_key,time_selector:last,3,3,,433,2.74879968114719,1.1810012768156355,1.5677984043315547,1.5677984043315547,1.32751626531586,m,map,map
example12_map_simulation_comparison,boussinesq_reused_gmsh,mf6_gmsh_existing,watertable_depth_map,time_index:3,fallback_time_key,time_selector:last,3,3,,434,1.9921527162775163,0.08618634076063358,1.9059663755168827,1.9059663755168827,22.11448309205222,m,map,map
example12_map_simulation_comparison,boussinesq_reused_gmsh,mf6_gmsh_existing,watertable_depth_map,time_index:3,fallback_time_key,time_selector:last,3,3,,435,0.0,0.0,0.0,0.0,nan,m,map,map
example12_map_simulation_comparison,boussinesq_reused_gmsh,mf6_gmsh_existing,watertable_depth_map,time_index:3,fallback_time_key,time_selector:last,3,3,,436,0.02683324817689936,0.0,0.02683324817689936,0.02683324817689936,nan,m,map,map
example12_map_simulation_comparison,boussinesq_reused_gmsh,mf6_gmsh_existing,watertable_depth_map,time_index:3,fallback_time_key,time_selector:last,3,3,,437,0.0,0.0,0.0,0.0,nan,m,map,map
example12_map_simulation_comparison,boussinesq_reused_gmsh,mf6_gmsh_existing,watertable_depth_map,time_index:3,fallback_time_key,time_selector:last,3,3,,438,1.3469294892388746,0.26861409330106767,1.078315395937807,1.078315395937807,4.0143664194462465,m,map,map
example12_map_simulation_comparison,boussinesq_reused_gmsh,mf6_gmsh_existing,watertable_depth_map,time_index:3,fallback_time_key,time_selector:last,3,3,,439,1.3433772547764704,0.381813282578662,0.9615639721978084,0.9615639721978084,2.518414146578845,m,map,map
example12_map_simulation_comparison,boussinesq_reused_gmsh,mf6_gmsh_existing,watertable_depth_map,time_index:3,fallback_time_key,time_selector:last,3,3,,440,1.0441892950449017,0.1593979233906282,0.8847913716542735,0.8847913716542735,5.550833742582463,m,map,map
example12_map_simulation_comparison,boussinesq_reused_gmsh,mf6_gmsh_existing,watertable_depth_map,time_index:3,fallback_time_key,time_selector:last,3,3,,441,0.0,0.0,0.0,0.0,nan,m,map,map
example12_map_simulation_comparison,boussinesq_reused_gmsh,mf6_gmsh_existing,watertable_depth_map,time_index:3,fallback_time_key,time_selector:last,3,3,,442,0.0,0.0,0.0,0.0,nan,m,map,map
example12_map_simulation_comparison,boussinesq_reused_gmsh,mf6_gmsh_existing,watertable_depth_map,time_index:3,fallback_time_key,time_selector:last,3,3,,443,0.0,0.0,0.0,0.0,nan,m,map,map
example12_map_simulation_comparison,boussinesq_reused_gmsh,mf6_gmsh_existing,watertable_depth_map,time_index:3,fallback_time_key,time_selector:last,3,3,,444,0.0,0.0,0.0,0.0,nan,m,map,map
example12_map_simulation_comparison,boussinesq_reused_gmsh,mf6_gmsh_existing,watertable_depth_map,time_index:3,fallback_time_key,time_selector:last,3,3,,445,0.0,0.0,0.0,0.0,nan,m,map,map
example12_map_simulation_comparison,boussinesq_reused_gmsh,mf6_gmsh_existing,watertable_depth_map,time_index:3,fallback_time_key,time_selector:last,3,3,,446,2.7490056742673517,0.6557574433610966,2.093248230906255,2.093248230906255,3.192107466104042,m,map,map
example12_map_simulation_comparison,boussinesq_reused_gmsh,mf6_gmsh_existing,watertable_depth_map,time_index:3,fallback_time_key,time_selector:last,3,3,,447,1.5814912847145024,0.3559896532582201,1.2255016314562823,1.2255016314562823,3.4425203660830963,m,map,map
example12_map_simulation_comparison,boussinesq_reused_gmsh,mf6_gmsh_existing,watertable_depth_map,time_index:3,fallback_time_key,time_selector:last,3,3,,448,2.644625920655031,0.6074426799021353,2.0371832407528956,2.0371832407528956,3.3537044862917846,m,map,map
example12_map_simulation_comparison,boussinesq_reused_gmsh,mf6_gmsh_existing,watertable_depth_map,time_index:3,fallback_time_key,time_selector:last,3,3,,449,0.44614473353445305,0.0,0.44614473353445305,0.44614473353445305,nan,m,map,map
example12_map_simulation_comparison,boussinesq_reused_gmsh,mf6_gmsh_existing,watertable_depth_map,time_index:3,fallback_time_key,time_selector:last,3,3,,450,0.16199217465415927,0.0,0.16199217465415927,0.16199217465415927,nan,m,map,map
example12_map_simulation_comparison,boussinesq_reused_gmsh,mf6_gmsh_existing,watertable_depth_map,time_index:3,fallback_time_key,time_selector:last,3,3,,451,0.8334635756337576,0.043318290690592676,0.7901452849431649,0.7901452849431649,18.240453913264837,m,map,map
example12_map_simulation_comparison,boussinesq_reused_gmsh,mf6_gmsh_existing,watertable_depth_map,time_index:3,fallback_time_key,time_selector:last,3,3,,452,0.2763867391220032,0.06728672596295837,0.2091000131590448,0.2091000131590448,3.1075967832668105,m,map,map
example12_map_simulation_comparison,boussinesq_reused_gmsh,mf6_gmsh_existing,watertable_depth_map,time_index:3,fallback_time_key,time_selector:last,3,3,,453,0.0,0.0,0.0,0.0,nan,m,map,map
example12_map_simulation_comparison,boussinesq_reused_gmsh,mf6_gmsh_existing,watertable_depth_map,time_index:3,fallback_time_key,time_selector:last,3,3,,454,0.38356690408673444,0.08524433590829972,0.2983225681784347,0.2983225681784347,3.499617481909304,m,map,map
example12_map_simulation_comparison,boussinesq_reused_gmsh,mf6_gmsh_existing,watertable_depth_map,time_index:3,fallback_time_key,time_selector:last,3,3,,455,0.01083206410675075,0.0,0.01083206410675075,0.01083206410675075,nan,m,map,map
example12_map_simulation_comparison,boussinesq_reused_gmsh,mf6_gmsh_existing,watertable_depth_map,time_index:3,fallback_time_key,time_selector:last,3,3,,456,0.836907529429908,0.1842409322922265,0.6526665971376815,0.6526665971376815,3.542462519145746,m,map,map
example12_map_simulation_comparison,boussinesq_reused_gmsh,mf6_gmsh_existing,watertable_depth_map,time_index:3,fallback_time_key,time_selector:last,3,3,,457,0.4944073010246228,0.07589401839112497,0.41851328263349785,0.41851328263349785,5.514443582057564,m,map,map
example12_map_simulation_comparison,boussinesq_reused_gmsh,mf6_gmsh_existing,watertable_depth_map,time_index:3,fallback_time_key,time_selector:last,3,3,,458,0.0,0.0,0.0,0.0,nan,m,map,map
example12_map_simulation_comparison,boussinesq_reused_gmsh,mf6_gmsh_existing,watertable_depth_map,time_index:3,fallback_time_key,time_selector:last,3,3,,459,0.16235399991320776,0.0,0.16235399991320776,0.16235399991320776,nan,m,map,map
example12_map_simulation_comparison,boussinesq_reused_gmsh,mf6_gmsh_existing,watertable_depth_map,time_index:3,fallback_time_key,time_selector:last,3,3,,460,0.0,0.0,0.0,0.0,nan,m,map,map
example12_map_simulation_comparison,boussinesq_reused_gmsh,mf6_gmsh_existing,watertable_depth_map,time_index:3,fallback_time_key,time_selector:last,3,3,,461,0.0,0.0,0.0,0.0,nan,m,map,map
example12_map_simulation_comparison,boussinesq_reused_gmsh,mf6_gmsh_existing,watertable_depth_map,time_index:3,fallback_time_key,time_selector:last,3,3,,462,1.3401765760586102,0.145834997670093,1.1943415783885172,1.1943415783885172,8.189677357765309,m,map,map
example12_map_simulation_comparison,boussinesq_reused_gmsh,mf6_gmsh_existing,watertable_depth_map,time_index:3,fallback_time_key,time_selector:last,3,3,,463,0.0,0.0,0.0,0.0,nan,m,map,map
example12_map_simulation_comparison,boussinesq_reused_gmsh,mf6_gmsh_existing,watertable_depth_map,time_index:3,fallback_time_key,time_selector:last,3,3,,464,0.15243289043792174,0.0,0.15243289043792174,0.15243289043792174,nan,m,map,map
example12_map_simulation_comparison,boussinesq_reused_gmsh,mf6_gmsh_existing,watertable_depth_map,time_index:3,fallback_time_key,time_selector:last,3,3,,465,0.0,0.0,0.0,0.0,nan,m,map,map
example12_map_simulation_comparison,boussinesq_reused_gmsh,mf6_gmsh_existing,watertable_depth_map,time_index:3,fallback_time_key,time_selector:last,3,3,,466,0.4235080543211325,0.014898170832708502,0.408609883488424,0.408609883488424,27.426849113002035,m,map,map
example12_map_simulation_comparison,boussinesq_reused_gmsh,mf6_gmsh_existing,watertable_depth_map,time_index:3,fallback_time_key,time_selector:last,3,3,,467,0.0,0.0,0.0,0.0,nan,m,map,map
example12_map_simulation_comparison,boussinesq_reused_gmsh,mf6_gmsh_existing,watertable_depth_map,time_index:3,fallback_time_key,time_selector:last,3,3,,468,0.0,0.0,0.0,0.0,nan,m,map,map
example12_map_simulation_comparison,boussinesq_reused_gmsh,mf6_gmsh_existing,watertable_depth_map,time_index:3,fallback_time_key,time_selector:last,3,3,,469,3.8967028638112,1.7968453786903922,2.0998574851208076,2.0998574851208076,1.1686356043897679,m,map,map
example12_map_simulation_comparison,boussinesq_reused_gmsh,mf6_gmsh_existing,watertable_depth_map,time_index:3,fallback_time_key,time_selector:last,3,3,,470,0.0,0.0,0.0,0.0,nan,m,map,map
example12_map_simulation_comparison,boussinesq_reused_gmsh,mf6_gmsh_existing,watertable_depth_map,time_index:3,fallback_time_key,time_selector:last,3,3,,471,2.3780405932974986,0.5244574283588008,1.8535831649386978,1.8535831649386978,3.5342871789215895,m,map,map
example12_map_simulation_comparison,boussinesq_reused_gmsh,mf6_gmsh_existing,watertable_depth_map,time_index:3,fallback_time_key,time_selector:last,3,3,,472,0.10049048917565528,0.0,0.10049048917565528,0.10049048917565528,nan,m,map,map
example12_map_simulation_comparison,boussinesq_reused_gmsh,mf6_gmsh_existing,watertable_depth_map,time_index:3,fallback_time_key,time_selector:last,3,3,,473,0.0,0.0,0.0,0.0,nan,m,map,map
example12_map_simulation_comparison,boussinesq_reused_gmsh,mf6_gmsh_existing,watertable_depth_map,time_index:3,fallback_time_key,time_selector:last,3,3,,474,0.0,0.0,0.0,0.0,nan,m,map,map
example12_map_simulation_comparison,boussinesq_reused_gmsh,mf6_gmsh_existing,watertable_depth_map,time_index:3,fallback_time_key,time_selector:last,3,3,,475,0.2613153696729995,0.1180036648502778,0.1433117048227217,0.1433117048227217,1.2144682540542666,m,map,map
example12_map_simulation_comparison,boussinesq_reused_gmsh,mf6_gmsh_existing,watertable_depth_map,time_index:3,fallback_time_key,time_selector:last,3,3,,476,0.6521369412156446,0.24963514514831786,0.4025017960673267,0.4025017960673267,1.612360294173262,m,map,map
example12_map_simulation_comparison,boussinesq_reused_gmsh,mf6_gmsh_existing,watertable_depth_map,time_index:3,fallback_time_key,time_selector:last,3,3,,477,2.4509892545940914,0.6568107007391575,1.794178553854934,1.794178553854934,2.7316524408567227,m,map,map
example12_map_simulation_comparison,boussinesq_reused_gmsh,mf6_gmsh_existing,watertable_depth_map,time_index:3,fallback_time_key,time_selector:last,3,3,,478,0.2205688555742853,0.0,0.2205688555742853,0.2205688555742853,nan,m,map,map
example12_map_simulation_comparison,boussinesq_reused_gmsh,mf6_gmsh_existing,watertable_depth_map,time_index:3,fallback_time_key,time_selector:last,3,3,,479,0.0,0.0,0.0,0.0,nan,m,map,map
example12_map_simulation_comparison,boussinesq_reused_gmsh,mf6_gmsh_existing,watertable_depth_map,time_index:3,fallback_time_key,time_selector:last,3,3,,480,1.913183326254483,0.20339615238435726,1.7097871738701258,1.7097871738701258,8.406192318914394,m,map,map
example12_map_simulation_comparison,boussinesq_reused_gmsh,mf6_gmsh_existing,watertable_depth_map,time_index:3,fallback_time_key,time_selector:last,3,3,,481,1.0401048779559119,0.23483255679010995,0.8052723211658019,0.8052723211658019,3.4291340697088395,m,map,map
example12_map_simulation_comparison,boussinesq_reused_gmsh,mf6_gmsh_existing,watertable_depth_map,time_index:3,fallback_time_key,time_selector:last,3,3,,482,0.6967852994639259,0.0,0.6967852994639259,0.6967852994639259,nan,m,map,map
example12_map_simulation_comparison,boussinesq_reused_gmsh,mf6_gmsh_existing,watertable_depth_map,time_index:3,fallback_time_key,time_selector:last,3,3,,483,0.47366551625098907,0.2145241266866975,0.25914138956429156,0.25914138956429156,1.2079824939353114,m,map,map
example12_map_simulation_comparison,boussinesq_reused_gmsh,mf6_gmsh_existing,watertable_depth_map,time_index:3,fallback_time_key,time_selector:last,3,3,,484,0.20314773035872236,0.0,0.20314773035872236,0.20314773035872236,nan,m,map,map
example12_map_simulation_comparison,boussinesq_reused_gmsh,mf6_gmsh_existing,watertable_depth_map,time_index:3,fallback_time_key,time_selector:last,3,3,,485,1.0206401203093662,0.0,1.0206401203093662,1.0206401203093662,nan,m,map,map
example12_map_simulation_comparison,boussinesq_reused_gmsh,mf6_gmsh_existing,watertable_depth_map,time_index:3,fallback_time_key,time_selector:last,3,3,,486,1.174880448904716,0.3093811297151916,0.8654993191895244,0.8654993191895244,2.797518129131796,m,map,map
example12_map_simulation_comparison,boussinesq_reused_gmsh,mf6_gmsh_existing,watertable_depth_map,time_index:3,fallback_time_key,time_selector:last,3,3,,487,0.0,0.0,0.0,0.0,nan,m,map,map
example12_map_simulation_comparison,boussinesq_reused_gmsh,mf6_gmsh_existing,watertable_depth_map,time_index:3,fallback_time_key,time_selector:last,3,3,,488,0.0,0.0,0.0,0.0,nan,m,map,map
example12_map_simulation_comparison,boussinesq_reused_gmsh,mf6_gmsh_existing,watertable_depth_map,time_index:3,fallback_time_key,time_selector:last,3,3,,489,0.7392460404927732,0.0,0.7392460404927732,0.7392460404927732,nan,m,map,map
example12_map_simulation_comparison,boussinesq_reused_gmsh,mf6_gmsh_existing,watertable_depth_map,time_index:3,fallback_time_key,time_selector:last,3,3,,490,1.9431825887907763,0.44355736794607026,1.499625220844706,1.499625220844706,3.3809047695202246,m,map,map
example12_map_simulation_comparison,boussinesq_reused_gmsh,mf6_gmsh_existing,watertable_depth_map,time_index:3,fallback_time_key,time_selector:last,3,3,,491,1.8154722662874292,0.28524891258591367,1.5302233537015155,1.5302233537015155,5.3645194992307985,m,map,map
example12_map_simulation_comparison,boussinesq_reused_gmsh,mf6_gmsh_existing,watertable_depth_map,time_index:3,fallback_time_key,time_selector:last,3,3,,492,1.030221760044185,0.0,1.030221760044185,1.030221760044185,nan,m,map,map
example12_map_simulation_comparison,boussinesq_reused_gmsh,mf6_gmsh_existing,watertable_depth_map,time_index:3,fallback_time_key,time_selector:last,3,3,,493,2.726416359479302,0.6827386993883238,2.043677660090978,2.043677660090978,2.993352598764272,m,map,map
example12_map_simulation_comparison,boussinesq_reused_gmsh,mf6_gmsh_existing,watertable_depth_map,time_index:3,fallback_time_key,time_selector:last,3,3,,494,1.469141701683597,0.26520639343797825,1.2039353082456188,1.2039353082456188,4.539616457350504,m,map,map
example12_map_simulation_comparison,boussinesq_reused_gmsh,mf6_gmsh_existing,watertable_depth_map,time_index:3,fallback_time_key,time_selector:last,3,3,,495,1.2466932337628975,0.19476670236392124,1.0519265313989763,1.0519265313989763,5.400956727364277,m,map,map
example12_map_simulation_comparison,boussinesq_reused_gmsh,mf6_gmsh_existing,watertable_depth_map,time_index:3,fallback_time_key,time_selector:last,3,3,,496,0.35174223856085973,0.0,0.35174223856085973,0.35174223856085973,nan,m,map,map
example12_map_simulation_comparison,boussinesq_reused_gmsh,mf6_gmsh_existing,watertable_depth_map,time_index:3,fallback_time_key,time_selector:last,3,3,,497,0.3592112885398535,0.0878000931647307,0.2714111953751228,0.2714111953751228,3.091240402967462,m,map,map
example12_map_simulation_comparison,boussinesq_reused_gmsh,mf6_gmsh_existing,watertable_depth_map,time_index:3,fallback_time_key,time_selector:last,3,3,,498,0.9428975828461716,0.012349921156157961,0.9305476616900137,0.9305476616900137,75.34846983424025,m,map,map
example12_map_simulation_comparison,boussinesq_reused_gmsh,mf6_gmsh_existing,watertable_depth_map,time_index:3,fallback_time_key,time_selector:last,3,3,,499,0.0,0.0,0.0,0.0,nan,m,map,map
example12_map_simulation_comparison,boussinesq_reused_gmsh,mf6_gmsh_existing,watertable_depth_map,time_index:3,fallback_time_key,time_selector:last,3,3,,500,2.662369567067401,1.2788585122779068,1.3835110547894942,1.3835110547894942,1.0818327762663753,m,map,map
example12_map_simulation_comparison,boussinesq_reused_gmsh,mf6_gmsh_existing,watertable_depth_map,time_index:3,fallback_time_key,time_selector:last,3,3,,501,0.39404397356595666,0.0,0.39404397356595666,0.39404397356595666,nan,m,map,map
example12_map_simulation_comparison,boussinesq_reused_gmsh,mf6_gmsh_existing,watertable_depth_map,time_index:3,fallback_time_key,time_selector:last,3,3,,502,0.0,0.0,0.0,0.0,nan,m,map,map
example12_map_simulation_comparison,boussinesq_reused_gmsh,mf6_gmsh_existing,watertable_depth_map,time_index:3,fallback_time_key,time_selector:last,3,3,,503,1.7630573088500086,0.30125264024006526,1.4618046686099433,1.4618046686099433,4.8524211022517365,m,map,map
example12_map_simulation_comparison,boussinesq_reused_gmsh,mf6_gmsh_existing,watertable_depth_map,time_index:3,fallback_time_key,time_selector:last,3,3,,504,1.52435851047224,0.10444209215830824,1.4199164183139317,1.4199164183139317,13.595250621384446,m,map,map
example12_map_simulation_comparison,boussinesq_reused_gmsh,mf6_gmsh_existing,watertable_depth_map,time_index:3,fallback_time_key,time_selector:last,3,3,,505,0.3378717721114839,0.1852708348444878,0.15260093726699608,0.15260093726699608,0.8236641098696721,m,map,map
example12_map_simulation_comparison,boussinesq_reused_gmsh,mf6_gmsh_existing,watertable_depth_map,time_index:3,fallback_time_key,time_selector:last,3,3,,506,4.72787125493538,2.640860679820051,2.087010575115329,2.087010575115329,0.7902766666424593,m,map,map
example12_map_simulation_comparison,boussinesq_reused_gmsh,mf6_gmsh_existing,watertable_depth_map,time_index:3,fallback_time_key,time_selector:last,3,3,,507,0.0,0.0,0.0,0.0,nan,m,map,map
example12_map_simulation_comparison,boussinesq_reused_gmsh,mf6_gmsh_existing,watertable_depth_map,time_index:3,fallback_time_key,time_selector:last,3,3,,508,0.09177180654732808,0.0,0.09177180654732808,0.09177180654732808,nan,m,map,map
example12_map_simulation_comparison,boussinesq_reused_gmsh,mf6_gmsh_existing,watertable_depth_map,time_index:3,fallback_time_key,time_selector:last,3,3,,509,0.32057383494441183,0.0,0.32057383494441183,0.32057383494441183,nan,m,map,map
example12_map_simulation_comparison,boussinesq_reused_gmsh,mf6_gmsh_existing,watertable_depth_map,time_index:3,fallback_time_key,time_selector:last,3,3,,510,1.3751475982728039,0.2975458895298857,1.0776017087429182,1.0776017087429182,3.6216319790049836,m,map,map
example12_map_simulation_comparison,boussinesq_reused_gmsh,mf6_gmsh_existing,watertable_depth_map,time_index:3,fallback_time_key,time_selector:last,3,3,,511,0.7400238462016944,0.15365327797087502,0.5863705682308193,0.5863705682308193,3.8161930287095203,m,map,map
example12_map_simulation_comparison,boussinesq_reused_gmsh,mf6_gmsh_existing,watertable_depth_map,time_index:3,fallback_time_key,time_selector:last,3,3,,512,3.1277987276857573,1.421592729898677,1.7062059977870803,1.7062059977870803,1.200207318103469,m,map,map
example12_map_simulation_comparison,boussinesq_reused_gmsh,mf6_gmsh_existing,watertable_depth_map,time_index:3,fallback_time_key,time_selector:last,3,3,,513,0.21328761777215277,0.0,0.21328761777215277,0.21328761777215277,nan,m,map,map
example12_map_simulation_comparison,boussinesq_reused_gmsh,mf6_gmsh_existing,watertable_depth_map,time_index:3,fallback_time_key,time_selector:last,3,3,,514,0.14753630653282812,0.0,0.14753630653282812,0.14753630653282812,nan,m,map,map
example12_map_simulation_comparison,boussinesq_reused_gmsh,mf6_gmsh_existing,watertable_depth_map,time_index:3,fallback_time_key,time_selector:last,3,3,,515,0.040339347884824406,0.0,0.040339347884824406,0.040339347884824406,nan,m,map,map
example12_map_simulation_comparison,boussinesq_reused_gmsh,mf6_gmsh_existing,watertable_depth_map,time_index:3,fallback_time_key,time_selector:last,3,3,,516,0.0,0.0,0.0,0.0,nan,m,map,map
example12_map_simulation_comparison,boussinesq_reused_gmsh,mf6_gmsh_existing,watertable_depth_map,time_index:3,fallback_time_key,time_selector:last,3,3,,517,0.0,0.0,0.0,0.0,nan,m,map,map
example12_map_simulation_comparison,boussinesq_reused_gmsh,mf6_gmsh_existing,watertable_depth_map,time_index:3,fallback_time_key,time_selector:last,3,3,,518,1.5227279173850832,0.5400087846299897,0.9827191327550935,0.9827191327550935,1.819820641303911,m,map,map
example12_map_simulation_comparison,boussinesq_reused_gmsh,mf6_gmsh_existing,watertable_depth_map,time_index:3,fallback_time_key,time_selector:last,3,3,,519,0.4397347742381754,0.20859419146233904,0.23114058277583638,0.23114058277583638,1.1080873400905222,m,map,map
example12_map_simulation_comparison,boussinesq_reused_gmsh,mf6_gmsh_existing,watertable_depth_map,time_index:3,fallback_time_key,time_selector:last,3,3,,520,0.0,0.0,0.0,0.0,nan,m,map,map
example12_map_simulation_comparison,boussinesq_reused_gmsh,mf6_gmsh_existing,watertable_depth_map,time_index:3,fallback_time_key,time_selector:last,3,3,,521,0.0,0.0,0.0,0.0,nan,m,map,map
example12_map_simulation_comparison,boussinesq_reused_gmsh,mf6_gmsh_existing,watertable_depth_map,time_index:3,fallback_time_key,time_selector:last,3,3,,522,0.996497783661809,0.2091374123548917,0.7873603713069173,0.7873603713069173,3.7647992410407243,m,map,map
example12_map_simulation_comparison,boussinesq_reused_gmsh,mf6_gmsh_existing,watertable_depth_map,time_index:3,fallback_time_key,time_selector:last,3,3,,523,1.0860117120094799,0.391167373358158,0.6948443386513219,0.6948443386513219,1.7763351086418786,m,map,map
example12_map_simulation_comparison,boussinesq_reused_gmsh,mf6_gmsh_existing,watertable_depth_map,time_index:3,fallback_time_key,time_selector:last,3,3,,524,0.0,0.0,0.0,0.0,nan,m,map,map
example12_map_simulation_comparison,boussinesq_reused_gmsh,mf6_gmsh_existing,watertable_depth_map,time_index:3,fallback_time_key,time_selector:last,3,3,,525,0.26037029525772937,0.06859728886570338,0.191773006392026,0.191773006392026,2.795635360567535,m,map,map
example12_map_simulation_comparison,boussinesq_reused_gmsh,mf6_gmsh_existing,watertable_depth_map,time_index:3,fallback_time_key,time_selector:last,3,3,,526,0.0,0.0,0.0,0.0,nan,m,map,map
example12_map_simulation_comparison,boussinesq_reused_gmsh,mf6_gmsh_existing,watertable_depth_map,time_index:3,fallback_time_key,time_selector:last,3,3,,527,0.0,0.0,0.0,0.0,nan,m,map,map
example12_map_simulation_comparison,boussinesq_reused_gmsh,mf6_gmsh_existing,watertable_depth_map,time_index:3,fallback_time_key,time_selector:last,3,3,,528,0.0,0.0,0.0,0.0,nan,m,map,map
example12_map_simulation_comparison,boussinesq_reused_gmsh,mf6_gmsh_existing,watertable_depth_map,time_index:3,fallback_time_key,time_selector:last,3,3,,529,1.2451697353999407,0.8451883258662178,0.39998140953372285,0.39998140953372285,0.47324530793038266,m,map,map
example12_map_simulation_comparison,boussinesq_reused_gmsh,mf6_gmsh_existing,watertable_depth_map,time_index:3,fallback_time_key,time_selector:last,3,3,,530,0.4309264718367416,0.019476706087317552,0.41144976574942405,0.41144976574942405,21.125223325998824,m,map,map
example12_map_simulation_comparison,boussinesq_reused_gmsh,mf6_gmsh_existing,watertable_depth_map,time_index:3,fallback_time_key,time_selector:last,3,3,,531,0.0,0.0,0.0,0.0,nan,m,map,map
example12_map_simulation_comparison,boussinesq_reused_gmsh,mf6_gmsh_existing,watertable_depth_map,time_index:3,fallback_time_key,time_selector:last,3,3,,532,0.4027921731232311,0.03215299508505609,0.37063917803817503,0.37063917803817503,11.527360889948286,m,map,map
example12_map_simulation_comparison,boussinesq_reused_gmsh,mf6_gmsh_existing,watertable_depth_map,time_index:3,fallback_time_key,time_selector:last,3,3,,533,0.0,0.0,0.0,0.0,nan,m,map,map
example12_map_simulation_comparison,boussinesq_reused_gmsh,mf6_gmsh_existing,watertable_depth_map,time_index:3,fallback_time_key,time_selector:last,3,3,,534,0.5472033035534025,0.06143548625377093,0.4857678172996316,0.4857678172996316,7.90695812666112,m,map,map
example12_map_simulation_comparison,boussinesq_reused_gmsh,mf6_gmsh_existing,watertable_depth_map,time_index:3,fallback_time_key,time_selector:last,3,3,,535,1.2971227942139194,0.31415727064850785,0.9829655235654116,0.9829655235654116,3.1288963057779875,m,map,map
example12_map_simulation_comparison,boussinesq_reused_gmsh,mf6_gmsh_existing,watertable_depth_map,time_index:3,fallback_time_key,time_selector:last,3,3,,536,1.8637764930171556,0.5803501916197433,1.2834263013974123,1.2834263013974123,2.211468730311608,m,map,map
example12_map_simulation_comparison,boussinesq_reused_gmsh,mf6_gmsh_existing,watertable_depth_map,time_index:3,fallback_time_key,time_selector:last,3,3,,537,0.0,0.0,0.0,0.0,nan,m,map,map
example12_map_simulation_comparison,boussinesq_reused_gmsh,mf6_gmsh_existing,watertable_depth_map,time_index:3,fallback_time_key,time_selector:last,3,3,,538,0.0,0.0,0.0,0.0,nan,m,map,map
example12_map_simulation_comparison,boussinesq_reused_gmsh,mf6_gmsh_existing,watertable_depth_map,time_index:3,fallback_time_key,time_selector:last,3,3,,539,0.0,0.0,0.0,0.0,nan,m,map,map
example12_map_simulation_comparison,boussinesq_reused_gmsh,mf6_gmsh_existing,watertable_depth_map,time_index:3,fallback_time_key,time_selector:last,3,3,,540,0.0,0.0,0.0,0.0,nan,m,map,map
example12_map_simulation_comparison,boussinesq_reused_gmsh,mf6_gmsh_existing,watertable_depth_map,time_index:3,fallback_time_key,time_selector:last,3,3,,541,0.7962531592521032,0.12877055681931893,0.6674826024327842,0.6674826024327842,5.1835032706222215,m,map,map
example12_map_simulation_comparison,boussinesq_reused_gmsh,mf6_gmsh_existing,watertable_depth_map,time_index:3,fallback_time_key,time_selector:last,3,3,,542,0.0,0.0,0.0,0.0,nan,m,map,map
example12_map_simulation_comparison,boussinesq_reused_gmsh,mf6_gmsh_existing,watertable_depth_map,time_index:3,fallback_time_key,time_selector:last,3,3,,543,1.923720188525536,0.11415019950973715,1.8095699890157988,1.8095699890157988,15.852534614811955,m,map,map
example12_map_simulation_comparison,boussinesq_reused_gmsh,mf6_gmsh_existing,watertable_depth_map,time_index:3,fallback_time_key,time_selector:last,3,3,,544,0.0,0.0,0.0,0.0,nan,m,map,map
example12_map_simulation_comparison,boussinesq_reused_gmsh,mf6_gmsh_existing,watertable_depth_map,time_index:3,fallback_time_key,time_selector:last,3,3,,545,0.0,0.0,0.0,0.0,nan,m,map,map
example12_map_simulation_comparison,boussinesq_reused_gmsh,mf6_gmsh_existing,watertable_depth_map,time_index:3,fallback_time_key,time_selector:last,3,3,,546,0.5426600796755849,0.25359828820313624,0.2890617914724487,0.2890617914724487,1.1398412565029052,m,map,map
example12_map_simulation_comparison,boussinesq_reused_gmsh,mf6_gmsh_existing,watertable_depth_map,time_index:3,fallback_time_key,time_selector:last,3,3,,547,0.08597689689722188,0.0,0.08597689689722188,0.08597689689722188,nan,m,map,map
example12_map_simulation_comparison,boussinesq_reused_gmsh,mf6_gmsh_existing,watertable_depth_map,time_index:3,fallback_time_key,time_selector:last,3,3,,548,0.0,0.0,0.0,0.0,nan,m,map,map
example12_map_simulation_comparison,boussinesq_reused_gmsh,mf6_gmsh_existing,watertable_depth_map,time_index:3,fallback_time_key,time_selector:last,3,3,,549,0.08004167743195012,0.0,0.08004167743195012,0.08004167743195012,nan,m,map,map
example12_map_simulation_comparison,boussinesq_reused_gmsh,mf6_gmsh_existing,watertable_depth_map,time_index:3,fallback_time_key,time_selector:last,3,3,,550,2.498427551373865,0.4339486170145648,2.0644789343593004,2.0644789343593004,4.757427154768441,m,map,map
example12_map_simulation_comparison,boussinesq_reused_gmsh,mf6_gmsh_existing,watertable_depth_map,time_index:3,fallback_time_key,time_selector:last,3,3,,551,0.0,0.0,0.0,0.0,nan,m,map,map
example12_map_simulation_comparison,boussinesq_reused_gmsh,mf6_gmsh_existing,watertable_depth_map,time_index:3,fallback_time_key,time_selector:last,3,3,,552,0.04813779295895415,0.0,0.04813779295895415,0.04813779295895415,nan,m,map,map
example12_map_simulation_comparison,boussinesq_reused_gmsh,mf6_gmsh_existing,watertable_depth_map,time_index:3,fallback_time_key,time_selector:last,3,3,,553,0.46764743655540997,0.18454085112065854,0.2831065854347514,0.2831065854347514,1.5341133614347944,m,map,map
example12_map_simulation_comparison,boussinesq_reused_gmsh,mf6_gmsh_existing,watertable_depth_map,time_index:3,fallback_time_key,time_selector:last,3,3,,554,0.0,0.0,0.0,0.0,nan,m,map,map
example12_map_simulation_comparison,boussinesq_reused_gmsh,mf6_gmsh_existing,watertable_depth_map,time_index:3,fallback_time_key,time_selector:last,3,3,,555,0.3330809908533894,0.0,0.3330809908533894,0.3330809908533894,nan,m,map,map
example12_map_simulation_comparison,boussinesq_reused_gmsh,mf6_gmsh_existing,watertable_depth_map,time_index:3,fallback_time_key,time_selector:last,3,3,,556,0.0,0.0,0.0,0.0,nan,m,map,map
example12_map_simulation_comparison,boussinesq_reused_gmsh,mf6_gmsh_existing,watertable_depth_map,time_index:3,fallback_time_key,time_selector:last,3,3,,557,1.4309890894390946,0.1981827723773364,1.2328063170617583,1.2328063170617583,6.220552383405543,m,map,map
example12_map_simulation_comparison,boussinesq_reused_gmsh,mf6_gmsh_existing,watertable_depth_map,time_index:3,fallback_time_key,time_selector:last,3,3,,558,0.34713685696263497,0.12352044101936599,0.22361641594326898,0.22361641594326898,1.8103595979568237,m,map,map
example12_map_simulation_comparison,boussinesq_reused_gmsh,mf6_gmsh_existing,watertable_depth_map,time_index:3,fallback_time_key,time_selector:last,3,3,,559,2.3403541954150597,0.8768181151239816,1.4635360802910782,1.4635360802910782,1.6691444383355778,m,map,map
example12_map_simulation_comparison,boussinesq_reused_gmsh,mf6_gmsh_existing,watertable_depth_map,time_index:3,fallback_time_key,time_selector:last,3,3,,560,2.0265223850725818,1.0066797371421785,1.0198426479304032,1.0198426479304032,1.0130755694215048,m,map,map
example12_map_simulation_comparison,boussinesq_reused_gmsh,mf6_gmsh_existing,watertable_depth_map,time_index:3,fallback_time_key,time_selector:last,3,3,,561,0.0,0.0,0.0,0.0,nan,m,map,map
example12_map_simulation_comparison,boussinesq_reused_gmsh,mf6_gmsh_existing,watertable_depth_map,time_index:3,fallback_time_key,time_selector:last,3,3,,562,2.073061541472754,0.18794802289257007,1.8851135185801837,1.8851135185801837,10.029972593314818,m,map,map
example12_map_simulation_comparison,boussinesq_reused_gmsh,mf6_gmsh_existing,watertable_depth_map,time_index:3,fallback_time_key,time_selector:last,3,3,,563,0.0,0.0,0.0,0.0,nan,m,map,map
example12_map_simulation_comparison,boussinesq_reused_gmsh,mf6_gmsh_existing,watertable_depth_map,time_index:3,fallback_time_key,time_selector:last,3,3,,564,0.592786040352479,0.0,0.592786040352479,0.592786040352479,nan,m,map,map
example12_map_simulation_comparison,boussinesq_reused_gmsh,mf6_gmsh_existing,watertable_depth_map,time_index:3,fallback_time_key,time_selector:last,3,3,,565,0.17282896278734938,0.0,0.17282896278734938,0.17282896278734938,nan,m,map,map
example12_map_simulation_comparison,boussinesq_reused_gmsh,mf6_gmsh_existing,watertable_depth_map,time_index:3,fallback_time_key,time_selector:last,3,3,,566,3.7104858621418515,1.5724164716635585,2.138069390478293,2.138069390478293,1.3597347960978141,m,map,map
example12_map_simulation_comparison,boussinesq_reused_gmsh,mf6_gmsh_existing,watertable_depth_map,time_index:3,fallback_time_key,time_selector:last,3,3,,567,3.2820357282281805,1.577568261295525,1.7044674669326554,1.7044674669326554,1.0804397557624026,m,map,map
example12_map_simulation_comparison,boussinesq_reused_gmsh,mf6_gmsh_existing,watertable_depth_map,time_index:3,fallback_time_key,time_selector:last,3,3,,568,0.0,0.0,0.0,0.0,nan,m,map,map
example12_map_simulation_comparison,boussinesq_reused_gmsh,mf6_gmsh_existing,watertable_depth_map,time_index:3,fallback_time_key,time_selector:last,3,3,,569,1.2414799224773105,0.12368487780761939,1.1177950446696912,1.1177950446696912,9.037443093150967,m,map,map
example12_map_simulation_comparison,boussinesq_reused_gmsh,mf6_gmsh_existing,watertable_depth_map,time_index:3,fallback_time_key,time_selector:last,3,3,,570,0.09578647355192516,0.0,0.09578647355192516,0.09578647355192516,nan,m,map,map
example12_map_simulation_comparison,boussinesq_reused_gmsh,mf6_gmsh_existing,watertable_depth_map,time_index:3,fallback_time_key,time_selector:last,3,3,,571,0.0,0.0,0.0,0.0,nan,m,map,map
example12_map_simulation_comparison,boussinesq_reused_gmsh,mf6_gmsh_existing,watertable_depth_map,time_index:3,fallback_time_key,time_selector:last,3,3,,572,3.411160047297656,2.0175980674938785,1.3935619798037777,1.3935619798037777,0.690703466788489,m,map,map
example12_map_simulation_comparison,boussinesq_reused_gmsh,mf6_gmsh_existing,watertable_depth_map,time_index:3,fallback_time_key,time_selector:last,3,3,,573,0.13560319831944412,0.03872568906744789,0.09687750925199623,0.09687750925199623,2.5016342274314676,m,map,map
example12_map_simulation_comparison,boussinesq_reused_gmsh,mf6_gmsh_existing,watertable_depth_map,time_index:3,fallback_time_key,time_selector:last,3,3,,574,0.08148963774132767,0.0,0.08148963774132767,0.08148963774132767,nan,m,map,map
example12_map_simulation_comparison,boussinesq_reused_gmsh,mf6_gmsh_existing,watertable_depth_map,time_index:3,fallback_time_key,time_selector:last,3,3,,575,0.5343456152245665,0.21225030288812263,0.32209531233644384,0.32209531233644384,1.5175258077545388,m,map,map
example12_map_simulation_comparison,boussinesq_reused_gmsh,mf6_gmsh_existing,watertable_depth_map,time_index:3,fallback_time_key,time_selector:last,3,3,,576,0.0,0.0,0.0,0.0,nan,m,map,map
example12_map_simulation_comparison,boussinesq_reused_gmsh,mf6_gmsh_existing,watertable_depth_map,time_index:3,fallback_time_key,time_selector:last,3,3,,577,1.2013232010080799,0.2645217491000267,0.9368014519080532,0.9368014519080532,3.541491219891373,m,map,map
example12_map_simulation_comparison,boussinesq_reused_gmsh,mf6_gmsh_existing,watertable_depth_map,time_index:3,fallback_time_key,time_selector:last,3,3,,578,0.0,0.0,0.0,0.0,nan,m,map,map
example12_map_simulation_comparison,boussinesq_reused_gmsh,mf6_gmsh_existing,watertable_depth_map,time_index:3,fallback_time_key,time_selector:last,3,3,,579,0.06157687392997957,0.0,0.06157687392997957,0.06157687392997957,nan,m,map,map
example12_map_simulation_comparison,boussinesq_reused_gmsh,mf6_gmsh_existing,watertable_depth_map,time_index:3,fallback_time_key,time_selector:last,3,3,,580,0.21515775001211068,0.11939498460959896,0.09576276540251172,0.09576276540251172,0.8020669018521964,m,map,map
example12_map_simulation_comparison,boussinesq_reused_gmsh,mf6_gmsh_existing,watertable_depth_map,time_index:3,fallback_time_key,time_selector:last,3,3,,581,0.0,0.0,0.0,0.0,nan,m,map,map
example12_map_simulation_comparison,boussinesq_reused_gmsh,mf6_gmsh_existing,watertable_depth_map,time_index:3,fallback_time_key,time_selector:last,3,3,,582,0.18561825254901976,0.0647436581339349,0.12087459441508486,0.12087459441508486,1.8669719614086704,m,map,map
example12_map_simulation_comparison,boussinesq_reused_gmsh,mf6_gmsh_existing,watertable_depth_map,time_index:3,fallback_time_key,time_selector:last,3,3,,583,0.7882687399085029,0.0702153991916532,0.7180533407168497,0.7180533407168497,10.226436778589271,m,map,map
example12_map_simulation_comparison,boussinesq_reused_gmsh,mf6_gmsh_existing,watertable_depth_map,time_index:3,fallback_time_key,time_selector:last,3,3,,584,0.0,0.0,0.0,0.0,nan,m,map,map
example12_map_simulation_comparison,boussinesq_reused_gmsh,mf6_gmsh_existing,watertable_depth_map,time_index:3,fallback_time_key,time_selector:last,3,3,,585,0.0,0.0,0.0,0.0,nan,m,map,map
example12_map_simulation_comparison,boussinesq_reused_gmsh,mf6_gmsh_existing,watertable_depth_map,time_index:3,fallback_time_key,time_selector:last,3,3,,586,0.4847621615070352,0.08262700138458001,0.4021351601224552,0.4021351601224552,4.866873460053971,m,map,map
example12_map_simulation_comparison,boussinesq_reused_gmsh,mf6_gmsh_existing,watertable_depth_map,time_index:3,fallback_time_key,time_selector:last,3,3,,587,0.5108598557102937,0.0,0.5108598557102937,0.5108598557102937,nan,m,map,map
example12_map_simulation_comparison,boussinesq_reused_gmsh,mf6_gmsh_existing,watertable_depth_map,time_index:3,fallback_time_key,time_selector:last,3,3,,588,0.4552465336979026,0.156739108287951,0.29850742540995157,0.29850742540995157,1.904485923586811,m,map,map
example12_map_simulation_comparison,boussinesq_reused_gmsh,mf6_gmsh_existing,watertable_depth_map,time_index:3,fallback_time_key,time_selector:last,3,3,,589,0.26069263173604895,0.11084640811863267,0.14984622361741629,0.14984622361741629,1.3518365291281638,m,map,map
example12_map_simulation_comparison,boussinesq_reused_gmsh,mf6_gmsh_existing,watertable_depth_map,time_index:3,fallback_time_key,time_selector:last,3,3,,590,0.0,0.0,0.0,0.0,nan,m,map,map
example12_map_simulation_comparison,boussinesq_reused_gmsh,mf6_gmsh_existing,watertable_depth_map,time_index:3,fallback_time_key,time_selector:last,3,3,,591,0.0,0.0,0.0,0.0,nan,m,map,map
example12_map_simulation_comparison,boussinesq_reused_gmsh,mf6_gmsh_existing,watertable_depth_map,time_index:3,fallback_time_key,time_selector:last,3,3,,592,0.0,0.0,0.0,0.0,nan,m,map,map
example12_map_simulation_comparison,boussinesq_reused_gmsh,mf6_gmsh_existing,watertable_depth_map,time_index:3,fallback_time_key,time_selector:last,3,3,,593,0.32850152296470014,0.1607918250772542,0.16770969788744594,0.16770969788744594,1.0430237843675696,m,map,map
example12_map_simulation_comparison,boussinesq_reused_gmsh,mf6_gmsh_existing,watertable_depth_map,time_index:3,fallback_time_key,time_selector:last,3,3,,594,0.07113646057857181,0.0,0.07113646057857181,0.07113646057857181,nan,m,map,map
example12_map_simulation_comparison,boussinesq_reused_gmsh,mf6_gmsh_existing,watertable_depth_map,time_index:3,fallback_time_key,time_selector:last,3,3,,595,0.0,0.0,0.0,0.0,nan,m,map,map
example12_map_simulation_comparison,boussinesq_reused_gmsh,mf6_gmsh_existing,watertable_depth_map,time_index:3,fallback_time_key,time_selector:last,3,3,,596,0.0,0.0,0.0,0.0,nan,m,map,map
example12_map_simulation_comparison,boussinesq_reused_gmsh,mf6_gmsh_existing,watertable_depth_map,time_index:3,fallback_time_key,time_selector:last,3,3,,597,0.5977666750506501,0.3423536013584396,0.25541307369221045,0.25541307369221045,0.7460504948063812,m,map,map
example12_map_simulation_comparison,boussinesq_reused_gmsh,mf6_gmsh_existing,watertable_depth_map,time_index:3,fallback_time_key,time_selector:last,3,3,,598,0.0,0.0,0.0,0.0,nan,m,map,map
example12_map_simulation_comparison,boussinesq_reused_gmsh,mf6_gmsh_existing,watertable_depth_map,time_index:3,fallback_time_key,time_selector:last,3,3,,599,2.163679249215434,0.5575156531753436,1.6061635960400906,1.6061635960400906,2.88093004544742,m,map,map
example12_map_simulation_comparison,boussinesq_reused_gmsh,mf6_gmsh_existing,watertable_depth_map,time_index:3,fallback_time_key,time_selector:last,3,3,,600,0.9188178815036281,0.19533556208345715,0.7234823194201709,0.7234823194201709,3.703792139554512,m,map,map
example12_map_simulation_comparison,boussinesq_reused_gmsh,mf6_gmsh_existing,watertable_depth_map,time_index:3,fallback_time_key,time_selector:last,3,3,,601,0.08534967193219245,0.0,0.08534967193219245,0.08534967193219245,nan,m,map,map
example12_map_simulation_comparison,boussinesq_reused_gmsh,mf6_gmsh_existing,watertable_depth_map,time_index:3,fallback_time_key,time_selector:last,3,3,,602,0.2146817340302789,0.0,0.2146817340302789,0.2146817340302789,nan,m,map,map
example12_map_simulation_comparison,boussinesq_reused_gmsh,mf6_gmsh_existing,watertable_depth_map,time_index:3,fallback_time_key,time_selector:last,3,3,,603,1.5780435116123073,0.5067683846287707,1.0712751269835366,1.0712751269835366,2.1139344116115115,m,map,map
example12_map_simulation_comparison,boussinesq_reused_gmsh,mf6_gmsh_existing,watertable_depth_map,time_index:3,fallback_time_key,time_selector:last,3,3,,604,0.0,0.0,0.0,0.0,nan,m,map,map
example12_map_simulation_comparison,boussinesq_reused_gmsh,mf6_gmsh_existing,watertable_depth_map,time_index:3,fallback_time_key,time_selector:last,3,3,,605,0.955403060238524,0.27470101675490355,0.6807020434836204,0.6807020434836204,2.4779742409579906,m,map,map
example12_map_simulation_comparison,boussinesq_reused_gmsh,mf6_gmsh_existing,watertable_depth_map,time_index:3,fallback_time_key,time_selector:last,3,3,,606,0.08791952472134312,0.0,0.08791952472134312,0.08791952472134312,nan,m,map,map
example12_map_simulation_comparison,boussinesq_reused_gmsh,mf6_gmsh_existing,watertable_depth_map,time_index:3,fallback_time_key,time_selector:last,3,3,,607,0.005903489002079709,0.0,0.005903489002079709,0.005903489002079709,nan,m,map,map
example12_map_simulation_comparison,boussinesq_reused_gmsh,mf6_gmsh_existing,watertable_depth_map,time_index:3,fallback_time_key,time_selector:last,3,3,,608,0.0,0.0,0.0,0.0,nan,m,map,map
example12_map_simulation_comparison,boussinesq_reused_gmsh,mf6_gmsh_existing,watertable_depth_map,time_index:3,fallback_time_key,time_selector:last,3,3,,609,0.16204349377028393,0.022964039395219515,0.13907945437506442,0.13907945437506442,6.056402011051111,m,map,map
example12_map_simulation_comparison,boussinesq_reused_gmsh,mf6_gmsh_existing,watertable_depth_map,time_index:3,fallback_time_key,time_selector:last,3,3,,610,0.0,0.0,0.0,0.0,nan,m,map,map
example12_map_simulation_comparison,boussinesq_reused_gmsh,mf6_gmsh_existing,watertable_depth_map,time_index:3,fallback_time_key,time_selector:last,3,3,,611,0.23323766267886015,0.08641577081955631,0.14682189185930383,0.14682189185930383,1.699017325967974,m,map,map
example12_map_simulation_comparison,boussinesq_reused_gmsh,mf6_gmsh_existing,watertable_depth_map,time_index:3,fallback_time_key,time_selector:last,3,3,,612,3.545686349012257,1.6362258650040644,1.9094604840081928,1.9094604840081928,1.1669907711692662,m,map,map
example12_map_simulation_comparison,boussinesq_reused_gmsh,mf6_gmsh_existing,watertable_depth_map,time_index:3,fallback_time_key,time_selector:last,3,3,,613,0.5736152187708825,0.2815157274051501,0.29209949136573243,0.29209949136573243,1.0375956400664978,m,map,map
example12_map_simulation_comparison,boussinesq_reused_gmsh,mf6_gmsh_existing,watertable_depth_map,time_index:3,fallback_time_key,time_selector:last,3,3,,614,0.5254221308748868,0.13884376452693914,0.3865783663479476,0.3865783663479476,2.7842688338585186,m,map,map
example12_map_simulation_comparison,boussinesq_reused_gmsh,mf6_gmsh_existing,watertable_depth_map,time_index:3,fallback_time_key,time_selector:last,3,3,,615,0.8901915781657692,0.19258090139220485,0.6976106767735644,0.6976106767735644,3.6224291803102013,m,map,map
example12_map_simulation_comparison,boussinesq_reused_gmsh,mf6_gmsh_existing,watertable_depth_map,time_index:3,fallback_time_key,time_selector:last,3,3,,616,0.5731991574111959,0.0,0.5731991574111959,0.5731991574111959,nan,m,map,map
example12_map_simulation_comparison,boussinesq_reused_gmsh,mf6_gmsh_existing,watertable_depth_map,time_index:3,fallback_time_key,time_selector:last,3,3,,617,1.2777070411086555,0.48422620727333765,0.7934808338353179,0.7934808338353179,1.6386573504630886,m,map,map
example12_map_simulation_comparison,boussinesq_reused_gmsh,mf6_gmsh_existing,watertable_depth_map,time_index:3,fallback_time_key,time_selector:last,3,3,,618,0.0,0.0,0.0,0.0,nan,m,map,map
example12_map_simulation_comparison,boussinesq_reused_gmsh,mf6_gmsh_existing,watertable_depth_map,time_index:3,fallback_time_key,time_selector:last,3,3,,619,0.6453728699285648,0.0,0.6453728699285648,0.6453728699285648,nan,m,map,map
example12_map_simulation_comparison,boussinesq_reused_gmsh,mf6_gmsh_existing,watertable_depth_map,time_index:3,fallback_time_key,time_selector:last,3,3,,620,0.6936714881850747,0.0,0.6936714881850747,0.6936714881850747,nan,m,map,map
example12_map_simulation_comparison,boussinesq_reused_gmsh,mf6_gmsh_existing,watertable_depth_map,time_index:3,fallback_time_key,time_selector:last,3,3,,621,0.0,0.0,0.0,0.0,nan,m,map,map
example12_map_simulation_comparison,boussinesq_reused_gmsh,mf6_gmsh_existing,watertable_depth_map,time_index:3,fallback_time_key,time_selector:last,3,3,,622,0.0,0.0,0.0,0.0,nan,m,map,map
example12_map_simulation_comparison,boussinesq_reused_gmsh,mf6_gmsh_existing,watertable_depth_map,time_index:3,fallback_time_key,time_selector:last,3,3,,623,0.2207867092801905,0.10950569970340496,0.11128100957678555,0.11128100957678555,1.0162120316859213,m,map,map
example12_map_simulation_comparison,boussinesq_reused_gmsh,mf6_gmsh_existing,watertable_depth_map,time_index:3,fallback_time_key,time_selector:last,3,3,,624,0.0,0.0,0.0,0.0,nan,m,map,map
example12_map_simulation_comparison,boussinesq_reused_gmsh,mf6_gmsh_existing,watertable_depth_map,time_index:3,fallback_time_key,time_selector:last,3,3,,625,0.0,0.0,0.0,0.0,nan,m,map,map
example12_map_simulation_comparison,boussinesq_reused_gmsh,mf6_gmsh_existing,watertable_depth_map,time_index:3,fallback_time_key,time_selector:last,3,3,,626,0.0,0.0,0.0,0.0,nan,m,map,map
example12_map_simulation_comparison,boussinesq_reused_gmsh,mf6_gmsh_existing,watertable_depth_map,time_index:3,fallback_time_key,time_selector:last,3,3,,627,0.09667742007511038,0.0,0.09667742007511038,0.09667742007511038,nan,m,map,map
example12_map_simulation_comparison,boussinesq_reused_gmsh,mf6_gmsh_existing,watertable_depth_map,time_index:3,fallback_time_key,time_selector:last,3,3,,628,0.06456188695901233,0.0,0.06456188695901233,0.06456188695901233,nan,m,map,map
example12_map_simulation_comparison,boussinesq_reused_gmsh,mf6_gmsh_existing,watertable_depth_map,time_index:3,fallback_time_key,time_selector:last,3,3,,629,0.4274684060349898,0.190501369950681,0.2369670360843088,0.2369670360843088,1.2439125038610341,m,map,map
example12_map_simulation_comparison,boussinesq_reused_gmsh,mf6_gmsh_existing,watertable_depth_map,time_index:3,fallback_time_key,time_selector:last,3,3,,630,0.0,0.0,0.0,0.0,nan,m,map,map
example12_map_simulation_comparison,boussinesq_reused_gmsh,mf6_gmsh_existing,watertable_depth_map,time_index:3,fallback_time_key,time_selector:last,3,3,,631,0.0,0.0,0.0,0.0,nan,m,map,map
example12_map_simulation_comparison,boussinesq_reused_gmsh,mf6_gmsh_existing,watertable_depth_map,time_index:3,fallback_time_key,time_selector:last,3,3,,632,0.29861579392148485,0.0,0.29861579392148485,0.29861579392148485,nan,m,map,map
example12_map_simulation_comparison,boussinesq_reused_gmsh,mf6_gmsh_existing,watertable_depth_map,time_index:3,fallback_time_key,time_selector:last,3,3,,633,0.8602647474557301,0.2649993104696762,0.5952654369860539,0.5952654369860539,2.2462905127225605,m,map,map
example12_map_simulation_comparison,boussinesq_reused_gmsh,mf6_gmsh_existing,watertable_depth_map,time_index:3,fallback_time_key,time_selector:last,3,3,,634,0.4422246173529061,0.28958714122840945,0.15263747612449663,0.15263747612449663,0.5270865117733424,m,map,map
example12_map_simulation_comparison,boussinesq_reused_gmsh,mf6_gmsh_existing,watertable_depth_map,time_index:3,fallback_time_key,time_selector:last,3,3,,635,1.2700973606978891,0.5897861201822963,0.6803112405155929,0.6803112405155929,1.153488048015298,m,map,map
example12_map_simulation_comparison,boussinesq_reused_gmsh,mf6_gmsh_existing,watertable_depth_map,time_index:3,fallback_time_key,time_selector:last,3,3,,636,0.4102869265541784,0.0,0.4102869265541784,0.4102869265541784,nan,m,map,map
example12_map_simulation_comparison,boussinesq_reused_gmsh,mf6_gmsh_existing,watertable_depth_map,time_index:3,fallback_time_key,time_selector:last,3,3,,637,0.0,0.0,0.0,0.0,nan,m,map,map
example12_map_simulation_comparison,boussinesq_reused_gmsh,mf6_gmsh_existing,watertable_depth_map,time_index:3,fallback_time_key,time_selector:last,3,3,,638,0.0,0.0,0.0,0.0,nan,m,map,map
example12_map_simulation_comparison,boussinesq_reused_gmsh,mf6_gmsh_existing,watertable_depth_map,time_index:3,fallback_time_key,time_selector:last,3,3,,639,0.533934440569837,0.18476894542972389,0.3491654951401131,0.3491654951401131,1.8897412350763065,m,map,map
example12_map_simulation_comparison,boussinesq_reused_gmsh,mf6_gmsh_existing,watertable_depth_map,time_index:3,fallback_time_key,time_selector:last,3,3,,640,0.6956923365797394,0.34173665337732473,0.35395568320241466,0.35395568320241466,1.0357556899569635,m,map,map
example12_map_simulation_comparison,boussinesq_reused_gmsh,mf6_gmsh_existing,watertable_depth_map,time_index:3,fallback_time_key,time_selector:last,3,3,,641,1.2246879236733577,0.5100191119525874,0.7146688117207702,0.7146688117207702,1.4012588841713984,m,map,map
example12_map_simulation_comparison,boussinesq_reused_gmsh,mf6_gmsh_existing,watertable_depth_map,time_index:3,fallback_time_key,time_selector:last,3,3,,642,1.6118926132376856,0.6500780529951129,0.9618145602425727,0.9618145602425727,1.4795370429922872,m,map,map
example12_map_simulation_comparison,boussinesq_reused_gmsh,mf6_gmsh_existing,watertable_depth_map,time_index:3,fallback_time_key,time_selector:last,3,3,,643,0.0,0.0,0.0,0.0,nan,m,map,map
example12_map_simulation_comparison,boussinesq_reused_gmsh,mf6_gmsh_existing,watertable_depth_map,time_index:3,fallback_time_key,time_selector:last,3,3,,644,0.0,0.0,0.0,0.0,nan,m,map,map
example12_map_simulation_comparison,boussinesq_reused_gmsh,mf6_gmsh_existing,watertable_depth_map,time_index:3,fallback_time_key,time_selector:last,3,3,,645,0.0,0.0,0.0,0.0,nan,m,map,map
example12_map_simulation_comparison,boussinesq_reused_gmsh,mf6_gmsh_existing,watertable_depth_map,time_index:3,fallback_time_key,time_selector:last,3,3,,646,0.0,0.0,0.0,0.0,nan,m,map,map
example12_map_simulation_comparison,boussinesq_reused_gmsh,mf6_gmsh_existing,watertable_depth_map,time_index:3,fallback_time_key,time_selector:last,3,3,,647,0.0,0.0,0.0,0.0,nan,m,map,map
example12_map_simulation_comparison,boussinesq_reused_gmsh,mf6_gmsh_existing,watertable_depth_map,time_index:3,fallback_time_key,time_selector:last,3,3,,648,0.0,0.0,0.0,0.0,nan,m,map,map
example12_map_simulation_comparison,boussinesq_reused_gmsh,mf6_gmsh_existing,watertable_depth_map,time_index:3,fallback_time_key,time_selector:last,3,3,,649,0.0,0.0,0.0,0.0,nan,m,map,map
example12_map_simulation_comparison,boussinesq_reused_gmsh,mf6_gmsh_existing,watertable_depth_map,time_index:3,fallback_time_key,time_selector:last,3,3,,650,0.0020719863608604783,0.0,0.0020719863608604783,0.0020719863608604783,nan,m,map,map
example12_map_simulation_comparison,boussinesq_reused_gmsh,mf6_gmsh_existing,watertable_depth_map,time_index:3,fallback_time_key,time_selector:last,3,3,,651,0.0,0.0,0.0,0.0,nan,m,map,map
example12_map_simulation_comparison,boussinesq_reused_gmsh,mf6_gmsh_existing,watertable_depth_map,time_index:3,fallback_time_key,time_selector:last,3,3,,652,0.0,0.0,0.0,0.0,nan,m,map,map
example12_map_simulation_comparison,boussinesq_reused_gmsh,mf6_gmsh_existing,watertable_depth_map,time_index:3,fallback_time_key,time_selector:last,3,3,,653,0.29424058658761965,0.10053967566574329,0.19370091092187636,0.19370091092187636,1.9266116549436585,m,map,map
example12_map_simulation_comparison,boussinesq_reused_gmsh,mf6_gmsh_existing,watertable_depth_map,time_index:3,fallback_time_key,time_selector:last,3,3,,654,0.0,0.0,0.0,0.0,nan,m,map,map
example12_map_simulation_comparison,boussinesq_reused_gmsh,mf6_gmsh_existing,watertable_depth_map,time_index:3,fallback_time_key,time_selector:last,3,3,,655,0.0,0.0,0.0,0.0,nan,m,map,map
example12_map_simulation_comparison,boussinesq_reused_gmsh,mf6_gmsh_existing,watertable_depth_map,time_index:3,fallback_time_key,time_selector:last,3,3,,656,0.0,0.0,0.0,0.0,nan,m,map,map
example12_map_simulation_comparison,boussinesq_reused_gmsh,mf6_gmsh_existing,watertable_depth_map,time_index:3,fallback_time_key,time_selector:last,3,3,,657,0.0,0.0,0.0,0.0,nan,m,map,map
example12_map_simulation_comparison,boussinesq_reused_gmsh,mf6_gmsh_existing,watertable_depth_map,time_index:3,fallback_time_key,time_selector:last,3,3,,658,0.0,0.0,0.0,0.0,nan,m,map,map
example12_map_simulation_comparison,boussinesq_reused_gmsh,mf6_gmsh_existing,watertable_depth_map,time_index:3,fallback_time_key,time_selector:last,3,3,,659,0.0,0.0,0.0,0.0,nan,m,map,map
example12_map_simulation_comparison,boussinesq_reused_gmsh,mf6_gmsh_existing,watertable_depth_map,time_index:3,fallback_time_key,time_selector:last,3,3,,660,0.0,0.0,0.0,0.0,nan,m,map,map
example12_map_simulation_comparison,boussinesq_reused_gmsh,mf6_gmsh_existing,watertable_depth_map,time_index:3,fallback_time_key,time_selector:last,3,3,,661,0.0,0.0,0.0,0.0,nan,m,map,map
example12_map_simulation_comparison,boussinesq_reused_gmsh,mf6_gmsh_existing,watertable_depth_map,time_index:3,fallback_time_key,time_selector:last,3,3,,662,0.07299235044187924,0.0,0.07299235044187924,0.07299235044187924,nan,m,map,map
example12_map_simulation_comparison,boussinesq_reused_gmsh,mf6_gmsh_existing,watertable_depth_map,time_index:3,fallback_time_key,time_selector:last,3,3,,663,0.0,0.0,0.0,0.0,nan,m,map,map
example12_map_simulation_comparison,boussinesq_reused_gmsh,mf6_gmsh_existing,watertable_depth_map,time_index:3,fallback_time_key,time_selector:last,3,3,,664,0.6485612346408516,0.270730242935727,0.3778309917051246,0.3778309917051246,1.3955995001076549,m,map,map
example12_map_simulation_comparison,boussinesq_reused_gmsh,mf6_gmsh_existing,watertable_depth_map,time_index:3,fallback_time_key,time_selector:last,3,3,,665,0.0,0.0,0.0,0.0,nan,m,map,map
example12_map_simulation_comparison,boussinesq_reused_gmsh,mf6_gmsh_existing,watertable_depth_map,time_index:3,fallback_time_key,time_selector:last,3,3,,666,0.0,0.0,0.0,0.0,nan,m,map,map
example12_map_simulation_comparison,boussinesq_reused_gmsh,mf6_gmsh_existing,watertable_depth_map,time_index:3,fallback_time_key,time_selector:last,3,3,,667,0.0,0.0,0.0,0.0,nan,m,map,map
example12_map_simulation_comparison,boussinesq_reused_gmsh,mf6_gmsh_existing,watertable_depth_map,time_index:3,fallback_time_key,time_selector:last,3,3,,668,0.0,0.0,0.0,0.0,nan,m,map,map
