comparison_id,simulation_id,reference_simulation,observable,comparison_time_key,reference_match_strategy,reference_match_key,time,time_index,elapsed_seconds,value_index,value,reference_value,signed_error,absolute_error,relative_error,unit,selection,reference_selection
ex12_multi_simulation_moderate,bouss_mod_tri,mf6_mod_s60,head_outlet_lowland,time_index:0,exact_time_key,time_index:0,0,0,,0,106.47634256940385,116.09317049669893,-9.616827927295077,9.616827927295077,0.08283715472796506,m,nearest_cell,nearest_cell
ex12_multi_simulation_moderate,bouss_mod_tri,mf6_mod_s60,head_outlet_lowland,time_index:1,exact_time_key,time_index:1,1,1,,0,106.476342569405,118.12833976083722,-11.651997191432216,11.651997191432216,0.09863845724931768,m,nearest_cell,nearest_cell
ex12_multi_simulation_moderate,bouss_mod_tri,mf6_mod_s60,head_outlet_lowland,time_index:2,exact_time_key,time_index:2,2,2,,0,106.47635701071295,117.48283318499185,-11.006476174278902,11.006476174278902,0.09368582520433251,m,nearest_cell,nearest_cell
ex12_multi_simulation_moderate,bouss_mod_tri,mf6_mod_s60,head_outlet_lowland,time_index:3,exact_time_key,time_index:3,3,3,,0,106.4763550944562,116.70188318716795,-10.225528092711755,10.225528092711755,0.0876209347565705,m,nearest_cell,nearest_cell
ex12_multi_simulation_moderate,bouss_mod_tri,mf6_mod_s60,head_outlet_lowland,time_index:4,exact_time_key,time_index:4,4,4,,0,106.4763534791711,115.91040195088696,-9.434048471715869,9.434048471715869,0.08139087012840505,m,nearest_cell,nearest_cell
ex12_multi_simulation_moderate,bouss_mod_tri,mf6_mod_s60,head_outlet_lowland,time_index:5,exact_time_key,time_index:5,5,5,,0,106.47635203152448,114.92213191366938,-8.44577988214489,8.44577988214489,0.07349132618327549,m,nearest_cell,nearest_cell
ex12_multi_simulation_moderate,bouss_mod_tri,mf6_mod_s60,head_outlet_lowland,time_index:6,exact_time_key,time_index:6,6,6,,0,106.47635081124794,113.88930683029733,-7.412956019049389,7.412956019049389,0.06508913106386001,m,nearest_cell,nearest_cell
ex12_multi_simulation_moderate,bouss_mod_tri,mf6_mod_s60,head_outlet_lowland,time_index:7,exact_time_key,time_index:7,7,7,,0,106.47634971761468,113.38731444423797,-6.910964726623291,6.910964726623291,0.06095006977188785,m,nearest_cell,nearest_cell
ex12_multi_simulation_moderate,bouss_mod_tri,mf6_mod_s60,head_outlet_lowland,time_index:8,exact_time_key,time_index:8,8,8,,0,106.4763487691001,113.26781540737488,-6.791466638274784,6.791466638274784,0.05995936810336496,m,nearest_cell,nearest_cell
ex12_multi_simulation_moderate,bouss_mod_tri,mf6_mod_s60,head_outlet_lowland,time_index:9,exact_time_key,time_index:9,9,9,,0,106.47634796956069,113.99212462490206,-7.515776655341369,7.515776655341369,0.0659324201568528,m,nearest_cell,nearest_cell
ex12_multi_simulation_moderate,bouss_mod_tri,mf6_mod_s60,head_outlet_lowland,time_index:10,exact_time_key,time_index:10,10,10,,0,106.4763472529705,116.0170854795419,-9.540738226571406,9.540738226571406,0.08223563096018122,m,nearest_cell,nearest_cell
ex12_multi_simulation_moderate,bouss_mod_tri,mf6_mod_s60,head_outlet_lowland,time_index:11,exact_time_key,time_index:11,11,11,,0,106.47634664890565,118.11859317391419,-11.642246525008545,11.642246525008545,0.09856404662614682,m,nearest_cell,nearest_cell
ex12_multi_simulation_moderate,bouss_mod_tri,mf6_mod_s60,head_mid_basin_response,time_index:0,exact_time_key,time_index:0,0,0,,0,107.98514144451723,116.22570958296646,-8.240568138449234,8.240568138449234,0.07090142248231915,m,nearest_cell,nearest_cell
ex12_multi_simulation_moderate,bouss_mod_tri,mf6_mod_s60,head_mid_basin_response,time_index:1,exact_time_key,time_index:1,1,1,,0,107.98514889211756,118.35791046733229,-10.372761575214724,10.372761575214724,0.08763893798275264,m,nearest_cell,nearest_cell
ex12_multi_simulation_moderate,bouss_mod_tri,mf6_mod_s60,head_mid_basin_response,time_index:2,exact_time_key,time_index:2,2,2,,0,107.98514402573493,117.74380480793668,-9.758660782201758,9.758660782201758,0.08288046065880116,m,nearest_cell,nearest_cell
ex12_multi_simulation_moderate,bouss_mod_tri,mf6_mod_s60,head_mid_basin_response,time_index:3,exact_time_key,time_index:3,3,3,,0,107.98514228069246,116.95702646461714,-8.971884183924686,8.971884183924686,0.07671094636318357,m,nearest_cell,nearest_cell
ex12_multi_simulation_moderate,bouss_mod_tri,mf6_mod_s60,head_mid_basin_response,time_index:4,exact_time_key,time_index:4,4,4,,0,107.9851417214344,116.1300068276761,-8.144865106241696,8.144865106241696,0.07013574982672448,m,nearest_cell,nearest_cell
ex12_multi_simulation_moderate,bouss_mod_tri,mf6_mod_s60,head_mid_basin_response,time_index:5,exact_time_key,time_index:5,5,5,,0,107.98514153433754,115.03366343120227,-7.048521896864727,7.048521896864727,0.06127355842301075,m,nearest_cell,nearest_cell
ex12_multi_simulation_moderate,bouss_mod_tri,mf6_mod_s60,head_mid_basin_response,time_index:6,exact_time_key,time_index:6,6,6,,0,107.80946140436707,113.74421858868092,-5.9347571843138525,5.9347571843138525,0.052176341425975915,m,nearest_cell,nearest_cell
ex12_multi_simulation_moderate,bouss_mod_tri,mf6_mod_s60,head_mid_basin_response,time_index:7,exact_time_key,time_index:7,7,7,,0,107.53649731283149,112.99654069341041,-5.460043380578924,5.460043380578924,0.04832044721964958,m,nearest_cell,nearest_cell
ex12_multi_simulation_moderate,bouss_mod_tri,mf6_mod_s60,head_mid_basin_response,time_index:8,exact_time_key,time_index:8,8,8,,0,107.32912764516084,112.77038776659221,-5.44126012143137,5.44126012143137,0.04825078843121015,m,nearest_cell,nearest_cell
ex12_multi_simulation_moderate,bouss_mod_tri,mf6_mod_s60,head_mid_basin_response,time_index:9,exact_time_key,time_index:9,9,9,,0,107.19166241942894,113.5178371849262,-6.326174765497257,6.326174765497257,0.05572846455127227,m,nearest_cell,nearest_cell
ex12_multi_simulation_moderate,bouss_mod_tri,mf6_mod_s60,head_mid_basin_response,time_index:10,exact_time_key,time_index:10,10,10,,0,107.24828452139275,116.00729074627418,-8.759006224881432,8.759006224881432,0.07550392883528957,m,nearest_cell,nearest_cell
ex12_multi_simulation_moderate,bouss_mod_tri,mf6_mod_s60,head_mid_basin_response,time_index:11,exact_time_key,time_index:11,11,11,,0,107.55016119697322,118.9517760829107,-11.401614885937477,11.401614885937477,0.0958507326363116,m,nearest_cell,nearest_cell
ex12_multi_simulation_moderate,bouss_mod_tri,mf6_mod_s60,head_upstream_ridge,time_index:0,exact_time_key,time_index:0,0,0,,0,103.90862585386135,109.48202698196292,-5.573401128101565,5.573401128101565,0.05090699616860198,m,nearest_cell,nearest_cell
ex12_multi_simulation_moderate,bouss_mod_tri,mf6_mod_s60,head_upstream_ridge,time_index:1,exact_time_key,time_index:1,1,1,,0,103.56870256977639,112.10101538980327,-8.532312820026874,8.532312820026874,0.07611271664541029,m,nearest_cell,nearest_cell
ex12_multi_simulation_moderate,bouss_mod_tri,mf6_mod_s60,head_upstream_ridge,time_index:2,exact_time_key,time_index:2,2,2,,0,103.55928813126313,111.47989042644949,-7.920602295186356,7.920602295186356,0.0710496060310724,m,nearest_cell,nearest_cell
ex12_multi_simulation_moderate,bouss_mod_tri,mf6_mod_s60,head_upstream_ridge,time_index:3,exact_time_key,time_index:3,3,3,,0,103.52288936268981,110.69529803922977,-7.172408676539959,7.172408676539959,0.06479415841130036,m,nearest_cell,nearest_cell
ex12_multi_simulation_moderate,bouss_mod_tri,mf6_mod_s60,head_upstream_ridge,time_index:4,exact_time_key,time_index:4,4,4,,0,103.40767498845914,109.8720796399667,-6.464404651507564,6.464404651507564,0.058835735818329724,m,nearest_cell,nearest_cell
ex12_multi_simulation_moderate,bouss_mod_tri,mf6_mod_s60,head_upstream_ridge,time_index:5,exact_time_key,time_index:5,5,5,,0,103.26148680591425,108.77437968161404,-5.512892875699791,5.512892875699791,0.05068190590317498,m,nearest_cell,nearest_cell
ex12_multi_simulation_moderate,bouss_mod_tri,mf6_mod_s60,head_upstream_ridge,time_index:6,exact_time_key,time_index:6,6,6,,0,103.032193672284,107.53118145181477,-4.498987779530779,4.498987779530779,0.04183891331601147,m,nearest_cell,nearest_cell
ex12_multi_simulation_moderate,bouss_mod_tri,mf6_mod_s60,head_upstream_ridge,time_index:7,exact_time_key,time_index:7,7,7,,0,102.60849610001408,106.89453010200062,-4.286034001986536,4.286034001986536,0.04009591508467952,m,nearest_cell,nearest_cell
ex12_multi_simulation_moderate,bouss_mod_tri,mf6_mod_s60,head_upstream_ridge,time_index:8,exact_time_key,time_index:8,8,8,,0,102.32066005668753,106.7601402221111,-4.439480165423575,4.439480165423575,0.04158368616027833,m,nearest_cell,nearest_cell
ex12_multi_simulation_moderate,bouss_mod_tri,mf6_mod_s60,head_upstream_ridge,time_index:9,exact_time_key,time_index:9,9,9,,0,102.18543248474313,107.57183847060915,-5.38640598586602,5.38640598586602,0.05007264040892726,m,nearest_cell,nearest_cell
ex12_multi_simulation_moderate,bouss_mod_tri,mf6_mod_s60,head_upstream_ridge,time_index:10,exact_time_key,time_index:10,10,10,,0,102.30746948845493,109.78965981037412,-7.482190321919191,7.482190321919191,0.06815022776135966,m,nearest_cell,nearest_cell
ex12_multi_simulation_moderate,bouss_mod_tri,mf6_mod_s60,head_upstream_ridge,time_index:11,exact_time_key,time_index:11,11,11,,0,102.77169950160629,112.12136920651135,-9.349669704905054,9.349669704905054,0.08338882918638207,m,nearest_cell,nearest_cell
ex12_multi_simulation_moderate,bouss_mod_tri,mf6_mod_s60,outlet_flux_series,elapsed_seconds:2678400,fallback_time_key,non_initial_order:0,1,1,2678400.0,0,1.1510792319313624e-17,0.00013401904032906277,-0.00013401904032905125,0.00013401904032905125,0.9999999999999141,m3/s,nearest_declared_outlet_point,nearest_declared_outlet_point
ex12_multi_simulation_moderate,bouss_mod_tri,mf6_mod_s60,outlet_flux_series,elapsed_seconds:5097600,fallback_time_key,non_initial_order:1,2,2,5097600.0,0,1.4441309090784673e-10,0.00025948943539894835,-0.00025948929098585743,0.00025948929098585743,0.9999994434721757,m3/s,nearest_declared_outlet_point,nearest_declared_outlet_point
ex12_multi_simulation_moderate,bouss_mod_tri,mf6_mod_s60,outlet_flux_series,elapsed_seconds:7776000,fallback_time_key,non_initial_order:2,3,3,7776000.0,0,1.2525052341061383e-10,0.0002209906950291177,-0.0002209905697785943,0.0002209905697785943,0.9999994332316869,m3/s,nearest_declared_outlet_point,nearest_declared_outlet_point
ex12_multi_simulation_moderate,bouss_mod_tri,mf6_mod_s60,outlet_flux_series,elapsed_seconds:10368000,fallback_time_key,non_initial_order:3,4,4,10368000.0,0,1.0909767240718793e-10,0.00017226787863757726,-0.00017226776953990484,0.00017226776953990484,0.9999993666975336,m3/s,nearest_declared_outlet_point,nearest_declared_outlet_point
ex12_multi_simulation_moderate,bouss_mod_tri,mf6_mod_s60,outlet_flux_series,elapsed_seconds:13046400,fallback_time_key,non_initial_order:4,5,5,13046400.0,0,9.462120630132631e-11,0.0001247060549814458,-0.0001247059603602395,0.0001247059603602395,0.9999992412460942,m3/s,nearest_declared_outlet_point,nearest_declared_outlet_point
ex12_multi_simulation_moderate,bouss_mod_tri,mf6_mod_s60,outlet_flux_series,elapsed_seconds:15638400,fallback_time_key,non_initial_order:5,6,6,15638400.0,0,8.241844085432605e-11,7.948643676094053e-05,-7.948635434249967e-05,7.948635434249967e-05,0.9999989631131522,m3/s,nearest_declared_outlet_point,nearest_declared_outlet_point
ex12_multi_simulation_moderate,bouss_mod_tri,mf6_mod_s60,outlet_flux_series,elapsed_seconds:18316800,fallback_time_key,non_initial_order:6,7,7,18316800.0,0,7.148210826812829e-11,4.716481091101606e-05,-4.716473942890779e-05,4.716473942890779e-05,0.9999984844186398,m3/s,nearest_declared_outlet_point,nearest_declared_outlet_point
ex12_multi_simulation_moderate,bouss_mod_tri,mf6_mod_s60,outlet_flux_series,elapsed_seconds:20995200,fallback_time_key,non_initial_order:7,8,8,20995200.0,0,6.199696244379993e-11,3.319493950506131e-05,-3.3194877508098866e-05,3.3194877508098866e-05,0.9999981323369356,m3/s,nearest_declared_outlet_point,nearest_declared_outlet_point
ex12_multi_simulation_moderate,bouss_mod_tri,mf6_mod_s60,outlet_flux_series,elapsed_seconds:23587200,fallback_time_key,non_initial_order:8,9,9,23587200.0,0,5.4001568372541444e-11,2.9192375986445927e-05,-2.9192321984877553e-05,2.9192321984877553e-05,0.9999981501482305,m3/s,nearest_declared_outlet_point,nearest_declared_outlet_point
ex12_multi_simulation_moderate,bouss_mod_tri,mf6_mod_s60,outlet_flux_series,elapsed_seconds:26265600,fallback_time_key,non_initial_order:9,10,10,26265600.0,0,4.683566643848281e-11,3.968342393201045e-05,-3.968337709634401e-05,3.968337709634401e-05,0.999998819767505,m3/s,nearest_declared_outlet_point,nearest_declared_outlet_point
ex12_multi_simulation_moderate,bouss_mod_tri,mf6_mod_s60,outlet_flux_series,elapsed_seconds:28857600,fallback_time_key,non_initial_order:10,11,11,28857600.0,0,4.0795017923755955e-11,0.00010590860494383738,-0.00010590856414881946,0.00010590856414881946,0.9999996148092222,m3/s,nearest_declared_outlet_point,nearest_declared_outlet_point
ex12_multi_simulation_moderate,bouss_mod_tri,mf6_mod_s60,outlet_flux_series,elapsed_seconds:31536000,fallback_time_key,non_initial_order:11,12,12,31536000.0,0,3.538121873702949e-11,0.00024199515331772237,-0.00024199511793650364,0.00024199511793650364,0.9999998537936886,m3/s,nearest_declared_outlet_point,nearest_declared_outlet_point
ex12_multi_simulation_moderate,bouss_mod_tri,mf6_mod_s60,head_map_last,time_index:12,fallback_time_key,time_selector:last,12,12,,0,113.17746120318078,145.76156553233764,-32.58410432915686,32.58410432915686,0.22354386912733848,m,map,map
ex12_multi_simulation_moderate,bouss_mod_tri,mf6_mod_s60,head_map_last,time_index:12,fallback_time_key,time_selector:last,12,12,,1,113.68649612828114,146.00504922988347,-32.31855310160233,32.31855310160233,0.22135229755456676,m,map,map
ex12_multi_simulation_moderate,bouss_mod_tri,mf6_mod_s60,head_map_last,time_index:12,fallback_time_key,time_selector:last,12,12,,2,103.29977915952904,146.47164075135225,-43.171861591823216,43.171861591823216,0.29474553142414117,m,map,map
ex12_multi_simulation_moderate,bouss_mod_tri,mf6_mod_s60,head_map_last,time_index:12,fallback_time_key,time_selector:last,12,12,,3,117.59939957816488,147.11785851099452,-29.518458932829645,29.518458932829645,0.20064497425119637,m,map,map
ex12_multi_simulation_moderate,bouss_mod_tri,mf6_mod_s60,head_map_last,time_index:12,fallback_time_key,time_selector:last,12,12,,13,114.21299310857067,146.65441514367177,-32.4414220351011,32.4414220351011,0.2212099922345977,m,map,map
ex12_multi_simulation_moderate,bouss_mod_tri,mf6_mod_s60,head_map_last,time_index:12,fallback_time_key,time_selector:last,12,12,,14,116.92701449408659,145.8976744668381,-28.97065997275152,28.97065997275152,0.1985683464703642,m,map,map
ex12_multi_simulation_moderate,bouss_mod_tri,mf6_mod_s60,head_map_last,time_index:12,fallback_time_key,time_selector:last,12,12,,15,114.51710190171625,145.26720236254437,-30.750100460828122,30.750100460828122,0.21167958052971161,m,map,map
ex12_multi_simulation_moderate,bouss_mod_tri,mf6_mod_s60,head_map_last,time_index:12,fallback_time_key,time_selector:last,12,12,,16,120.26072347847541,144.7785949034746,-24.5178714249992,24.5178714249992,0.16934735028576234,m,map,map
ex12_multi_simulation_moderate,bouss_mod_tri,mf6_mod_s60,head_map_last,time_index:12,fallback_time_key,time_selector:last,12,12,,17,106.48869552122186,144.43451535860746,-37.9458198373856,37.9458198373856,0.2627198889626367,m,map,map
ex12_multi_simulation_moderate,bouss_mod_tri,mf6_mod_s60,head_map_last,time_index:12,fallback_time_key,time_selector:last,12,12,,18,113.3718558045935,144.2277420679966,-30.855886263403093,30.855886263403093,0.21393863497395665,m,map,map
ex12_multi_simulation_moderate,bouss_mod_tri,mf6_mod_s60,head_map_last,time_index:12,fallback_time_key,time_selector:last,12,12,,19,114.32136782718537,144.1340755206818,-29.81270769349642,29.81270769349642,0.2068401076275582,m,map,map
ex12_multi_simulation_moderate,bouss_mod_tri,mf6_mod_s60,head_map_last,time_index:12,fallback_time_key,time_selector:last,12,12,,20,112.75571024370092,144.11620065157845,-31.360490407877535,31.360490407877535,0.21760558678407024,m,map,map
ex12_multi_simulation_moderate,bouss_mod_tri,mf6_mod_s60,head_map_last,time_index:12,fallback_time_key,time_selector:last,12,12,,21,107.0734367990025,144.1512537146605,-37.077816915658005,37.077816915658005,0.25721466834448425,m,map,map
ex12_multi_simulation_moderate,bouss_mod_tri,mf6_mod_s60,head_map_last,time_index:12,fallback_time_key,time_selector:last,12,12,,22,112.59847741402551,144.19758162951672,-31.59910421549121,31.59910421549121,0.21913754626397278,m,map,map
ex12_multi_simulation_moderate,bouss_mod_tri,mf6_mod_s60,head_map_last,time_index:12,fallback_time_key,time_selector:last,12,12,,23,110.66098665832179,144.22341155653896,-33.562424898217174,33.562424898217174,0.23271135064683943,m,map,map
ex12_multi_simulation_moderate,bouss_mod_tri,mf6_mod_s60,head_map_last,time_index:12,fallback_time_key,time_selector:last,12,12,,24,115.29724005635266,144.21339468045934,-28.91615462410668,28.91615462410668,0.20050949281221495,m,map,map
ex12_multi_simulation_moderate,bouss_mod_tri,mf6_mod_s60,head_map_last,time_index:12,fallback_time_key,time_selector:last,12,12,,25,109.60765402755985,144.20174663532453,-34.59409260776468,34.59409260776468,0.2399006490209204,m,map,map
ex12_multi_simulation_moderate,bouss_mod_tri,mf6_mod_s60,head_map_last,time_index:12,fallback_time_key,time_selector:last,12,12,,41,117.91099105257223,127.788407557676,-9.877416505103767,9.877416505103767,0.07729509032848457,m,map,map
ex12_multi_simulation_moderate,bouss_mod_tri,mf6_mod_s60,head_map_last,time_index:12,fallback_time_key,time_selector:last,12,12,,42,114.12712734364092,126.78014066457929,-12.65301332093837,12.65301332093837,0.09980280235225718,m,map,map
ex12_multi_simulation_moderate,bouss_mod_tri,mf6_mod_s60,head_map_last,time_index:12,fallback_time_key,time_selector:last,12,12,,43,117.53204668212055,125.76163126842876,-8.229584586308206,8.229584586308206,0.06543795991913286,m,map,map
ex12_multi_simulation_moderate,bouss_mod_tri,mf6_mod_s60,head_map_last,time_index:12,fallback_time_key,time_selector:last,12,12,,44,115.58839893468158,124.77970613948207,-9.191307204800495,9.191307204800495,0.07366027288544988,m,map,map
ex12_multi_simulation_moderate,bouss_mod_tri,mf6_mod_s60,head_map_last,time_index:12,fallback_time_key,time_selector:last,12,12,,45,106.74350830078788,123.83647199489693,-17.092963694109045,17.092963694109045,0.13802850984654516,m,map,map
ex12_multi_simulation_moderate,bouss_mod_tri,mf6_mod_s60,head_map_last,time_index:12,fallback_time_key,time_selector:last,12,12,,46,113.85326204656882,122.93338401599866,-9.08012196942984,9.08012196942984,0.07386213307402442,m,map,map
ex12_multi_simulation_moderate,bouss_mod_tri,mf6_mod_s60,head_map_last,time_index:12,fallback_time_key,time_selector:last,12,12,,47,107.59363413814708,122.07476727767362,-14.481133139526534,14.481133139526534,0.11862511362882609,m,map,map
ex12_multi_simulation_moderate,bouss_mod_tri,mf6_mod_s60,head_map_last,time_index:12,fallback_time_key,time_selector:last,12,12,,48,107.01081792835369,121.27147485839347,-14.260656930039787,14.260656930039787,0.11759283827208088,m,map,map
ex12_multi_simulation_moderate,bouss_mod_tri,mf6_mod_s60,head_map_last,time_index:12,fallback_time_key,time_selector:last,12,12,,49,120.72870059226634,120.51942180360142,0.20927878866491767,0.20927878866491767,0.0017364735536647248,m,map,map
ex12_multi_simulation_moderate,bouss_mod_tri,mf6_mod_s60,head_map_last,time_index:12,fallback_time_key,time_selector:last,12,12,,50,114.1510488930427,119.83447839530456,-5.683429502261859,5.683429502261859,0.0474273312519759,m,map,map
ex12_multi_simulation_moderate,bouss_mod_tri,mf6_mod_s60,head_map_last,time_index:12,fallback_time_key,time_selector:last,12,12,,51,116.19976492785419,119.23117763090573,-3.0314127030515436,3.0314127030515436,0.025424664616126174,m,map,map
ex12_multi_simulation_moderate,bouss_mod_tri,mf6_mod_s60,head_map_last,time_index:12,fallback_time_key,time_selector:last,12,12,,52,120.67868552242531,118.71602659885332,1.9626589235719933,1.9626589235719933,0.01653238387268388,m,map,map
ex12_multi_simulation_moderate,bouss_mod_tri,mf6_mod_s60,head_map_last,time_index:12,fallback_time_key,time_selector:last,12,12,,53,112.68000439024834,118.26674250491814,-5.586738114669799,5.586738114669799,0.04723845433078935,m,map,map
ex12_multi_simulation_moderate,bouss_mod_tri,mf6_mod_s60,head_map_last,time_index:12,fallback_time_key,time_selector:last,12,12,,54,114.19285111372078,117.86166750009308,-3.668816386372299,3.668816386372299,0.031128156118861987,m,map,map
ex12_multi_simulation_moderate,bouss_mod_tri,mf6_mod_s60,head_map_last,time_index:12,fallback_time_key,time_selector:last,12,12,,55,104.74597265480828,117.5060977408081,-12.760125085999817,12.760125085999817,0.10859117383121487,m,map,map
ex12_multi_simulation_moderate,bouss_mod_tri,mf6_mod_s60,head_map_last,time_index:12,fallback_time_key,time_selector:last,12,12,,56,114.88801815094298,117.21895212746728,-2.3309339765242925,2.3309339765242925,0.019885299554542747,m,map,map
ex12_multi_simulation_moderate,bouss_mod_tri,mf6_mod_s60,head_map_last,time_index:12,fallback_time_key,time_selector:last,12,12,,57,107.59554685959664,117.02916772715444,-9.433620867557806,9.433620867557806,0.08060914258188738,m,map,map
ex12_multi_simulation_moderate,bouss_mod_tri,mf6_mod_s60,head_map_last,time_index:12,fallback_time_key,time_selector:last,12,12,,58,119.32773243628986,116.94835751061771,2.3793749256721526,2.3793749256721526,0.020345518110043825,m,map,map
ex12_multi_simulation_moderate,bouss_mod_tri,mf6_mod_s60,head_map_last,time_index:12,fallback_time_key,time_selector:last,12,12,,59,118.31323262260912,116.93733213551714,1.3759004870919824,1.3759004870919824,0.011766135433100778,m,map,map
ex12_multi_simulation_moderate,bouss_mod_tri,mf6_mod_s60,head_map_last,time_index:12,fallback_time_key,time_selector:last,12,12,,60,103.63203072629025,145.90120574581752,-42.26917501952727,42.26917501952727,0.28971093695528954,m,map,map
ex12_multi_simulation_moderate,bouss_mod_tri,mf6_mod_s60,head_map_last,time_index:12,fallback_time_key,time_selector:last,12,12,,61,120.00060378436267,146.14318141830196,-26.142577633939297,26.142577633939297,0.17888332100224405,m,map,map
ex12_multi_simulation_moderate,bouss_mod_tri,mf6_mod_s60,head_map_last,time_index:12,fallback_time_key,time_selector:last,12,12,,62,118.94844392741557,146.5839582831229,-27.635514355707343,27.635514355707343,0.18853027766060254,m,map,map
ex12_multi_simulation_moderate,bouss_mod_tri,mf6_mod_s60,head_map_last,time_index:12,fallback_time_key,time_selector:last,12,12,,74,113.63059419292344,146.03593510286137,-32.405340909937934,32.405340909937934,0.22189977341613226,m,map,map
ex12_multi_simulation_moderate,bouss_mod_tri,mf6_mod_s60,head_map_last,time_index:12,fallback_time_key,time_selector:last,12,12,,75,112.93048353406255,145.45421539220797,-32.523731858145425,32.523731858145425,0.22360116391571921,m,map,map
ex12_multi_simulation_moderate,bouss_mod_tri,mf6_mod_s60,head_map_last,time_index:12,fallback_time_key,time_selector:last,12,12,,76,118.71194433403937,144.9852285134786,-26.27328417943923,26.27328417943923,0.1812135239487292,m,map,map
ex12_multi_simulation_moderate,bouss_mod_tri,mf6_mod_s60,head_map_last,time_index:12,fallback_time_key,time_selector:last,12,12,,77,101.0969000751913,144.65170880337965,-43.55480872818835,43.55480872818835,0.30110123888955215,m,map,map
ex12_multi_simulation_moderate,bouss_mod_tri,mf6_mod_s60,head_map_last,time_index:12,fallback_time_key,time_selector:last,12,12,,78,113.12119829196719,144.4491904925629,-31.327992200595716,31.327992200595716,0.2168789738022704,m,map,map
ex12_multi_simulation_moderate,bouss_mod_tri,mf6_mod_s60,head_map_last,time_index:12,fallback_time_key,time_selector:last,12,12,,79,112.75091721492075,144.36159564808725,-31.6106784331665,31.6106784331665,0.21896875198182483,m,map,map
ex12_multi_simulation_moderate,bouss_mod_tri,mf6_mod_s60,head_map_last,time_index:12,fallback_time_key,time_selector:last,12,12,,80,111.80179466190752,144.33458989547455,-32.53279523356703,32.53279523356703,0.22539846655695564,m,map,map
ex12_multi_simulation_moderate,bouss_mod_tri,mf6_mod_s60,head_map_last,time_index:12,fallback_time_key,time_selector:last,12,12,,81,109.37857155181152,144.3884839672861,-35.00991241547459,35.00991241547459,0.24247025423029397,m,map,map
ex12_multi_simulation_moderate,bouss_mod_tri,mf6_mod_s60,head_map_last,time_index:12,fallback_time_key,time_selector:last,12,12,,100,110.20042905496415,129.01437164953896,-18.81394259457481,18.81394259457481,0.1458282697813073,m,map,map
ex12_multi_simulation_moderate,bouss_mod_tri,mf6_mod_s60,head_map_last,time_index:12,fallback_time_key,time_selector:last,12,12,,101,111.40673968451021,127.85654274657784,-16.44980306206763,16.44980306206763,0.12865828145120808,m,map,map
ex12_multi_simulation_moderate,bouss_mod_tri,mf6_mod_s60,head_map_last,time_index:12,fallback_time_key,time_selector:last,12,12,,102,115.58523711543579,126.76735926326674,-11.182122147830952,11.182122147830952,0.08820979006597628,m,map,map
ex12_multi_simulation_moderate,bouss_mod_tri,mf6_mod_s60,head_map_last,time_index:12,fallback_time_key,time_selector:last,12,12,,103,118.5679254566176,125.73345555105907,-7.165530094441465,7.165530094441465,0.05698984461245175,m,map,map
ex12_multi_simulation_moderate,bouss_mod_tri,mf6_mod_s60,head_map_last,time_index:12,fallback_time_key,time_selector:last,12,12,,104,114.77781061813042,124.74828719895437,-9.970476580823956,9.970476580823956,0.07992475732290076,m,map,map
ex12_multi_simulation_moderate,bouss_mod_tri,mf6_mod_s60,head_map_last,time_index:12,fallback_time_key,time_selector:last,12,12,,105,106.50198932722937,123.80431717640911,-17.302327849179747,17.302327849179747,0.13975544830577769,m,map,map
ex12_multi_simulation_moderate,bouss_mod_tri,mf6_mod_s60,head_map_last,time_index:12,fallback_time_key,time_selector:last,12,12,,106,112.08864445945912,122.90224909788294,-10.813604638423826,10.813604638423826,0.08798540887410088,m,map,map
ex12_multi_simulation_moderate,bouss_mod_tri,mf6_mod_s60,head_map_last,time_index:12,fallback_time_key,time_selector:last,12,12,,107,112.8566430275338,122.04616135452368,-9.18951832698987,9.18951832698987,0.07529543104838715,m,map,map
ex12_multi_simulation_moderate,bouss_mod_tri,mf6_mod_s60,head_map_last,time_index:12,fallback_time_key,time_selector:last,12,12,,108,116.345451648511,121.24531236479781,-4.89986071628681,4.89986071628681,0.040412784797356244,m,map,map
ex12_multi_simulation_moderate,bouss_mod_tri,mf6_mod_s60,head_map_last,time_index:12,fallback_time_key,time_selector:last,12,12,,109,110.56966550114184,120.50007282160047,-9.930407320458627,9.930407320458627,0.08240996945421375,m,map,map
ex12_multi_simulation_moderate,bouss_mod_tri,mf6_mod_s60,head_map_last,time_index:12,fallback_time_key,time_selector:last,12,12,,110,111.15213826682587,119.82057657099386,-8.668438304167992,8.668438304167992,0.07234515600108075,m,map,map
ex12_multi_simulation_moderate,bouss_mod_tri,mf6_mod_s60,head_map_last,time_index:12,fallback_time_key,time_selector:last,12,12,,111,117.61403899096116,119.22062744854084,-1.6065884575796758,1.6065884575796758,0.013475759119562822,m,map,map
ex12_multi_simulation_moderate,bouss_mod_tri,mf6_mod_s60,head_map_last,time_index:12,fallback_time_key,time_selector:last,12,12,,112,118.17505038716902,118.70499213637481,-0.5299417492057898,0.5299417492057898,0.004464359414614708,m,map,map
ex12_multi_simulation_moderate,bouss_mod_tri,mf6_mod_s60,head_map_last,time_index:12,fallback_time_key,time_selector:last,12,12,,113,111.70412133656654,118.26256971313215,-6.558448376565607,6.558448376565607,0.05545667063107409,m,map,map
ex12_multi_simulation_moderate,bouss_mod_tri,mf6_mod_s60,head_map_last,time_index:12,fallback_time_key,time_selector:last,12,12,,114,113.38014160813039,117.87185145246268,-4.491709844332291,4.491709844332291,0.0381067217404639,m,map,map
ex12_multi_simulation_moderate,bouss_mod_tri,mf6_mod_s60,head_map_last,time_index:12,fallback_time_key,time_selector:last,12,12,,115,117.31254796784822,117.5347187393469,-0.22217077149868203,0.22217077149868203,0.00189025654616474,m,map,map
ex12_multi_simulation_moderate,bouss_mod_tri,mf6_mod_s60,head_map_last,time_index:12,fallback_time_key,time_selector:last,12,12,,116,120.07533879179358,117.27649245698767,2.7988463348059156,2.7988463348059156,0.02386536531037898,m,map,map
ex12_multi_simulation_moderate,bouss_mod_tri,mf6_mod_s60,head_map_last,time_index:12,fallback_time_key,time_selector:last,12,12,,117,114.2846233683283,117.13455657274723,-2.8499332044189316,2.8499332044189316,0.024330422104334008,m,map,map
ex12_multi_simulation_moderate,bouss_mod_tri,mf6_mod_s60,head_map_last,time_index:12,fallback_time_key,time_selector:last,12,12,,118,120.90707193270048,117.08810590633972,3.818966026360755,3.818966026360755,0.032616173921334035,m,map,map
ex12_multi_simulation_moderate,bouss_mod_tri,mf6_mod_s60,head_map_last,time_index:12,fallback_time_key,time_selector:last,12,12,,119,117.1838465027299,117.08423421184159,0.09961229088831658,0.09961229088831658,0.0008507745859966692,m,map,map
ex12_multi_simulation_moderate,bouss_mod_tri,mf6_mod_s60,head_map_last,time_index:12,fallback_time_key,time_selector:last,12,12,,120,117.41563040003491,146.16648900285637,-28.750858602821452,28.750858602821452,0.19669938574128032,m,map,map
ex12_multi_simulation_moderate,bouss_mod_tri,mf6_mod_s60,head_map_last,time_index:12,fallback_time_key,time_selector:last,12,12,,121,114.74434679200124,146.41027074713244,-31.665923955131206,31.665923955131206,0.21628212142180883,m,map,map
ex12_multi_simulation_moderate,bouss_mod_tri,mf6_mod_s60,head_map_last,time_index:12,fallback_time_key,time_selector:last,12,12,,122,113.21947942394948,146.84783367540732,-33.628354251457836,33.628354251457836,0.2290013642679265,m,map,map
ex12_multi_simulation_moderate,bouss_mod_tri,mf6_mod_s60,head_map_last,time_index:12,fallback_time_key,time_selector:last,12,12,,134,118.56579174405795,146.37105795330564,-27.80526620924769,27.80526620924769,0.18996423608633034,m,map,map
ex12_multi_simulation_moderate,bouss_mod_tri,mf6_mod_s60,head_map_last,time_index:12,fallback_time_key,time_selector:last,12,12,,135,120.0425420116356,145.81511923953997,-25.772577227904364,25.772577227904364,0.1767483191202284,m,map,map
ex12_multi_simulation_moderate,bouss_mod_tri,mf6_mod_s60,head_map_last,time_index:12,fallback_time_key,time_selector:last,12,12,,136,113.54211618985427,145.3673248657766,-31.825208675922326,31.825208675922326,0.21892958892452483,m,map,map
ex12_multi_simulation_moderate,bouss_mod_tri,mf6_mod_s60,head_map_last,time_index:12,fallback_time_key,time_selector:last,12,12,,137,120.31464026280234,145.04384002229196,-24.729199759489617,24.729199759489617,0.1704946570339627,m,map,map
ex12_multi_simulation_moderate,bouss_mod_tri,mf6_mod_s60,head_map_last,time_index:12,fallback_time_key,time_selector:last,12,12,,138,116.06222660803824,144.84521718444842,-28.78299057641017,28.78299057641017,0.19871550566807747,m,map,map
ex12_multi_simulation_moderate,bouss_mod_tri,mf6_mod_s60,head_map_last,time_index:12,fallback_time_key,time_selector:last,12,12,,139,104.3719042770632,144.77964680942478,-40.40774253236158,40.40774253236158,0.2790982256335436,m,map,map
ex12_multi_simulation_moderate,bouss_mod_tri,mf6_mod_s60,head_map_last,time_index:12,fallback_time_key,time_selector:last,12,12,,159,113.94312194912597,130.24281443291068,-16.29969248378471,16.29969248378471,0.125148497095637,m,map,map
ex12_multi_simulation_moderate,bouss_mod_tri,mf6_mod_s60,head_map_last,time_index:12,fallback_time_key,time_selector:last,12,12,,160,101.02923157940728,129.0085344913224,-27.979302911915113,27.979302911915113,0.2168794725266576,m,map,map
ex12_multi_simulation_moderate,bouss_mod_tri,mf6_mod_s60,head_map_last,time_index:12,fallback_time_key,time_selector:last,12,12,,161,104.65631966110695,127.82666587255028,-23.17034621144333,23.17034621144333,0.18126379228685624,m,map,map
ex12_multi_simulation_moderate,bouss_mod_tri,mf6_mod_s60,head_map_last,time_index:12,fallback_time_key,time_selector:last,12,12,,162,115.10104277943582,126.72365379778716,-11.62261101835135,11.62261101835135,0.09171619243947575,m,map,map
ex12_multi_simulation_moderate,bouss_mod_tri,mf6_mod_s60,head_map_last,time_index:12,fallback_time_key,time_selector:last,12,12,,163,107.04295276207472,125.68332635633652,-18.640373594261803,18.640373594261803,0.1483122235435808,m,map,map
ex12_multi_simulation_moderate,bouss_mod_tri,mf6_mod_s60,head_map_last,time_index:12,fallback_time_key,time_selector:last,12,12,,164,113.35622181953552,124.69798783559666,-11.341766016061143,11.341766016061143,0.09095388155752974,m,map,map
ex12_multi_simulation_moderate,bouss_mod_tri,mf6_mod_s60,head_map_last,time_index:12,fallback_time_key,time_selector:last,12,12,,165,115.11660606220747,123.75723738809336,-8.640631325885892,8.640631325885892,0.0698192001392979,m,map,map
ex12_multi_simulation_moderate,bouss_mod_tri,mf6_mod_s60,head_map_last,time_index:12,fallback_time_key,time_selector:last,12,12,,166,119.9862210938934,122.86154187502478,-2.8753207811313786,2.8753207811313786,0.023402935835333774,m,map,map
ex12_multi_simulation_moderate,bouss_mod_tri,mf6_mod_s60,head_map_last,time_index:12,fallback_time_key,time_selector:last,12,12,,167,109.16351211210187,122.01437854350307,-12.8508664314012,12.8508664314012,0.10532255775756254,m,map,map
ex12_multi_simulation_moderate,bouss_mod_tri,mf6_mod_s60,head_map_last,time_index:12,fallback_time_key,time_selector:last,12,12,,168,119.11019945056694,121.22030871981848,-2.110109269251538,2.110109269251538,0.017407225666523595,m,map,map
ex12_multi_simulation_moderate,bouss_mod_tri,mf6_mod_s60,head_map_last,time_index:12,fallback_time_key,time_selector:last,12,12,,169,116.19330355873396,120.48711737814827,-4.293813819414311,4.293813819414311,0.035637119659342464,m,map,map
ex12_multi_simulation_moderate,bouss_mod_tri,mf6_mod_s60,head_map_last,time_index:12,fallback_time_key,time_selector:last,12,12,,170,116.2702704347507,119.82400764285389,-3.553737208103186,3.553737208103186,0.02965797320596567,m,map,map
ex12_multi_simulation_moderate,bouss_mod_tri,mf6_mod_s60,head_map_last,time_index:12,fallback_time_key,time_selector:last,12,12,,171,107.88278253405433,119.23596213592286,-11.353179601868533,11.353179601868533,0.09521606903231504,m,map,map
ex12_multi_simulation_moderate,bouss_mod_tri,mf6_mod_s60,head_map_last,time_index:12,fallback_time_key,time_selector:last,12,12,,172,114.30859106901842,118.73246422098974,-4.423873151971321,4.423873151971321,0.03725917069940894,m,map,map
ex12_multi_simulation_moderate,bouss_mod_tri,mf6_mod_s60,head_map_last,time_index:12,fallback_time_key,time_selector:last,12,12,,173,117.20913702527173,118.30477826478587,-1.095641239514137,1.095641239514137,0.00926117487040049,m,map,map
ex12_multi_simulation_moderate,bouss_mod_tri,mf6_mod_s60,head_map_last,time_index:12,fallback_time_key,time_selector:last,12,12,,174,109.6593965838782,117.94048853677678,-8.281091952898578,8.281091952898578,0.07021415678057266,m,map,map
ex12_multi_simulation_moderate,bouss_mod_tri,mf6_mod_s60,head_map_last,time_index:12,fallback_time_key,time_selector:last,12,12,,175,115.32094505388739,117.6412205685848,-2.320275514697414,2.320275514697414,0.019723320648009548,m,map,map
ex12_multi_simulation_moderate,bouss_mod_tri,mf6_mod_s60,head_map_last,time_index:12,fallback_time_key,time_selector:last,12,12,,176,118.93483698613166,117.45054272399481,1.4842942621368422,1.4842942621368422,0.012637610927221413,m,map,map
ex12_multi_simulation_moderate,bouss_mod_tri,mf6_mod_s60,head_map_last,time_index:12,fallback_time_key,time_selector:last,12,12,,177,120.61700333874805,117.36543272648815,3.251570612259897,3.251570612259897,0.027704670248500277,m,map,map
ex12_multi_simulation_moderate,bouss_mod_tri,mf6_mod_s60,head_map_last,time_index:12,fallback_time_key,time_selector:last,12,12,,178,118.73168529867527,117.34412070121247,1.3875645974627986,1.3875645974627986,0.0118247474962626,m,map,map
ex12_multi_simulation_moderate,bouss_mod_tri,mf6_mod_s60,head_map_last,time_index:12,fallback_time_key,time_selector:last,12,12,,179,111.59946392263763,117.3502043227613,-5.750740400123675,5.750740400123675,0.04900494578012642,m,map,map
ex12_multi_simulation_moderate,bouss_mod_tri,mf6_mod_s60,head_map_last,time_index:12,fallback_time_key,time_selector:last,12,12,,180,112.97749099907799,146.54039131975964,-33.56290032068165,33.56290032068165,0.22903514872869046,m,map,map
ex12_multi_simulation_moderate,bouss_mod_tri,mf6_mod_s60,head_map_last,time_index:12,fallback_time_key,time_selector:last,12,12,,181,113.50608023026433,146.76116349623723,-33.2550832659729,33.2550832659729,0.22659321085871276,m,map,map
ex12_multi_simulation_moderate,bouss_mod_tri,mf6_mod_s60,head_map_last,time_index:12,fallback_time_key,time_selector:last,12,12,,218,114.09479349020698,131.507083286117,-17.412289795910013,17.412289795910013,0.13240571808612384,m,map,map
ex12_multi_simulation_moderate,bouss_mod_tri,mf6_mod_s60,head_map_last,time_index:12,fallback_time_key,time_selector:last,12,12,,219,115.85811884567177,130.18379127856346,-14.325672432891693,14.325672432891693,0.11004190531091569,m,map,map
ex12_multi_simulation_moderate,bouss_mod_tri,mf6_mod_s60,head_map_last,time_index:12,fallback_time_key,time_selector:last,12,12,,220,110.8840198487684,128.92831960265522,-18.04429975388682,18.04429975388682,0.1399560609298068,m,map,map
ex12_multi_simulation_moderate,bouss_mod_tri,mf6_mod_s60,head_map_last,time_index:12,fallback_time_key,time_selector:last,12,12,,221,115.18361946369201,127.75831672461437,-12.574697260922363,12.574697260922363,0.0984256648279687,m,map,map
ex12_multi_simulation_moderate,bouss_mod_tri,mf6_mod_s60,head_map_last,time_index:12,fallback_time_key,time_selector:last,12,12,,222,116.65600228903655,126.6610863720869,-10.005084083050349,10.005084083050349,0.07899098586332062,m,map,map
ex12_multi_simulation_moderate,bouss_mod_tri,mf6_mod_s60,head_map_last,time_index:12,fallback_time_key,time_selector:last,12,12,,223,111.62917237297526,125.62580049014821,-13.996628117172946,13.996628117172946,0.11141523526666472,m,map,map
ex12_multi_simulation_moderate,bouss_mod_tri,mf6_mod_s60,head_map_last,time_index:12,fallback_time_key,time_selector:last,12,12,,224,118.5681765395257,124.646840531526,-6.078663992000301,6.078663992000301,0.048767092419505574,m,map,map
ex12_multi_simulation_moderate,bouss_mod_tri,mf6_mod_s60,head_map_last,time_index:12,fallback_time_key,time_selector:last,12,12,,225,114.39656906552243,123.71462785425399,-9.318058788731562,9.318058788731562,0.07531897359549918,m,map,map
ex12_multi_simulation_moderate,bouss_mod_tri,mf6_mod_s60,head_map_last,time_index:12,fallback_time_key,time_selector:last,12,12,,226,116.55108544661907,122.83014983876417,-6.279064392145102,6.279064392145102,0.05111989524060225,m,map,map
ex12_multi_simulation_moderate,bouss_mod_tri,mf6_mod_s60,head_map_last,time_index:12,fallback_time_key,time_selector:last,12,12,,227,114.06669731359624,121.99659675313794,-7.9298994395417,7.9298994395417,0.06500098896683142,m,map,map
ex12_multi_simulation_moderate,bouss_mod_tri,mf6_mod_s60,head_map_last,time_index:12,fallback_time_key,time_selector:last,12,12,,228,114.63586520085717,121.21920948396874,-6.583344283111572,6.583344283111572,0.05430941441655104,m,map,map
ex12_multi_simulation_moderate,bouss_mod_tri,mf6_mod_s60,head_map_last,time_index:12,fallback_time_key,time_selector:last,12,12,,229,103.89092286893889,120.50798906397829,-16.6170661950394,16.6170661950394,0.13789182214481496,m,map,map
ex12_multi_simulation_moderate,bouss_mod_tri,mf6_mod_s60,head_map_last,time_index:12,fallback_time_key,time_selector:last,12,12,,230,116.99971828537139,119.86956222221212,-2.869843936840738,2.869843936840738,0.02394138998789927,m,map,map
ex12_multi_simulation_moderate,bouss_mod_tri,mf6_mod_s60,head_map_last,time_index:12,fallback_time_key,time_selector:last,12,12,,231,114.57419824215826,119.30672241584506,-4.732524173686798,4.732524173686798,0.03966686937548688,m,map,map
ex12_multi_simulation_moderate,bouss_mod_tri,mf6_mod_s60,head_map_last,time_index:12,fallback_time_key,time_selector:last,12,12,,232,118.16168377389073,118.83029678973413,-0.6686130158434054,0.6686130158434054,0.005626620768493844,m,map,map
ex12_multi_simulation_moderate,bouss_mod_tri,mf6_mod_s60,head_map_last,time_index:12,fallback_time_key,time_selector:last,12,12,,233,116.02274347660898,118.43803112906629,-2.415287652457309,2.415287652457309,0.020392838596120202,m,map,map
ex12_multi_simulation_moderate,bouss_mod_tri,mf6_mod_s60,head_map_last,time_index:12,fallback_time_key,time_selector:last,12,12,,234,115.6256954040326,118.11859317391419,-2.492897769881594,2.492897769881594,0.021105041153098802,m,map,map
ex12_multi_simulation_moderate,bouss_mod_tri,mf6_mod_s60,head_map_last,time_index:12,fallback_time_key,time_selector:last,12,12,,235,106.47634610752573,117.87880668582268,-11.402460578296953,11.402460578296953,0.09673036993568693,m,map,map
ex12_multi_simulation_moderate,bouss_mod_tri,mf6_mod_s60,head_map_last,time_index:12,fallback_time_key,time_selector:last,12,12,,236,110.74342770112767,117.7497549102135,-7.006327209085825,7.006327209085825,0.05950184112424087,m,map,map
ex12_multi_simulation_moderate,bouss_mod_tri,mf6_mod_s60,head_map_last,time_index:12,fallback_time_key,time_selector:last,12,12,,237,118.53347679564578,117.70088954868814,0.8325872469576439,0.8325872469576439,0.007073754923604345,m,map,map
ex12_multi_simulation_moderate,bouss_mod_tri,mf6_mod_s60,head_map_last,time_index:12,fallback_time_key,time_selector:last,12,12,,238,116.28400661870171,117.69999905725713,-1.4159924385554206,1.4159924385554206,0.012030522089185296,m,map,map
ex12_multi_simulation_moderate,bouss_mod_tri,mf6_mod_s60,head_map_last,time_index:12,fallback_time_key,time_selector:last,12,12,,239,117.96870287582543,117.71462734021115,0.25407553561427676,0.25407553561427676,0.0021584024123014398,m,map,map
ex12_multi_simulation_moderate,bouss_mod_tri,mf6_mod_s60,head_map_last,time_index:12,fallback_time_key,time_selector:last,12,12,,240,118.41837061730122,146.9877716238412,-28.56940100653999,28.56940100653999,0.19436583527269471,m,map,map
ex12_multi_simulation_moderate,bouss_mod_tri,mf6_mod_s60,head_map_last,time_index:12,fallback_time_key,time_selector:last,12,12,,278,119.4522334789944,131.38218418912098,-11.929950710126576,11.929950710126576,0.09080341283528783,m,map,map
ex12_multi_simulation_moderate,bouss_mod_tri,mf6_mod_s60,head_map_last,time_index:12,fallback_time_key,time_selector:last,12,12,,279,120.68188876599048,130.05490542329687,-9.373016657306394,9.373016657306394,0.07206968954227078,m,map,map
ex12_multi_simulation_moderate,bouss_mod_tri,mf6_mod_s60,head_map_last,time_index:12,fallback_time_key,time_selector:last,12,12,,280,120.78815183378079,128.83372201911303,-8.045570185332238,8.045570185332238,0.062449256757005314,m,map,map
ex12_multi_simulation_moderate,bouss_mod_tri,mf6_mod_s60,head_map_last,time_index:12,fallback_time_key,time_selector:last,12,12,,281,120.12360413165055,127.68921291402654,-7.565608782375989,7.565608782375989,0.059250179476554,m,map,map
ex12_multi_simulation_moderate,bouss_mod_tri,mf6_mod_s60,head_map_last,time_index:12,fallback_time_key,time_selector:last,12,12,,282,116.76936539381951,126.61060840299511,-9.8412430091756,9.8412430091756,0.07772842365508129,m,map,map
ex12_multi_simulation_moderate,bouss_mod_tri,mf6_mod_s60,head_map_last,time_index:12,fallback_time_key,time_selector:last,12,12,,283,103.29123070857457,125.5910938279725,-22.299863119397926,22.299863119397926,0.17755927143960545,m,map,map
ex12_multi_simulation_moderate,bouss_mod_tri,mf6_mod_s60,head_map_last,time_index:12,fallback_time_key,time_selector:last,12,12,,284,114.43578842015935,124.6266654368215,-10.190877016662142,10.190877016662142,0.0817712403757471,m,map,map
ex12_multi_simulation_moderate,bouss_mod_tri,mf6_mod_s60,head_map_last,time_index:12,fallback_time_key,time_selector:last,12,12,,285,117.27133041471099,123.70905039032942,-6.437719975618435,6.437719975618435,0.0520391996810743,m,map,map
ex12_multi_simulation_moderate,bouss_mod_tri,mf6_mod_s60,head_map_last,time_index:12,fallback_time_key,time_selector:last,12,12,,286,116.0853161636075,122.8415425431534,-6.756226379545893,6.756226379545893,0.054999524099695156,m,map,map
ex12_multi_simulation_moderate,bouss_mod_tri,mf6_mod_s60,head_map_last,time_index:12,fallback_time_key,time_selector:last,12,12,,287,111.39879352488252,122.02762564072924,-10.62883211584672,10.62883211584672,0.0871018514048603,m,map,map
ex12_multi_simulation_moderate,bouss_mod_tri,mf6_mod_s60,head_map_last,time_index:12,fallback_time_key,time_selector:last,12,12,,288,104.1580385183909,121.27308383059363,-17.11504531220274,17.11504531220274,0.14112814461047882,m,map,map
ex12_multi_simulation_moderate,bouss_mod_tri,mf6_mod_s60,head_map_last,time_index:12,fallback_time_key,time_selector:last,12,12,,289,115.56812407367484,120.59009602094238,-5.021971947267545,5.021971947267545,0.041644978426714246,m,map,map
ex12_multi_simulation_moderate,bouss_mod_tri,mf6_mod_s60,head_map_last,time_index:12,fallback_time_key,time_selector:last,12,12,,290,119.44593531269066,119.98554465991462,-0.5396093472239585,0.5396093472239585,0.004497286308558416,m,map,map
ex12_multi_simulation_moderate,bouss_mod_tri,mf6_mod_s60,head_map_last,time_index:12,fallback_time_key,time_selector:last,12,12,,291,118.76975031595586,119.4618196999087,-0.6920693839528411,0.6920693839528411,0.005793226536238423,m,map,map
ex12_multi_simulation_moderate,bouss_mod_tri,mf6_mod_s60,head_map_last,time_index:12,fallback_time_key,time_selector:last,12,12,,292,106.50162442143318,119.02196039618543,-12.520335974752257,12.520335974752257,0.10519349482293962,m,map,map
ex12_multi_simulation_moderate,bouss_mod_tri,mf6_mod_s60,head_map_last,time_index:12,fallback_time_key,time_selector:last,12,12,,293,118.50023947935863,118.67149215918157,-0.1712526798229419,0.1712526798229419,0.0014430818784449922,m,map,map
ex12_multi_simulation_moderate,bouss_mod_tri,mf6_mod_s60,head_map_last,time_index:12,fallback_time_key,time_selector:last,12,12,,294,117.49330536493761,118.40709978038855,-0.913794415450937,0.913794415450937,0.007717395469914941,m,map,map
ex12_multi_simulation_moderate,bouss_mod_tri,mf6_mod_s60,head_map_last,time_index:12,fallback_time_key,time_selector:last,12,12,,295,113.6862720759351,118.22586897136591,-4.539596895430819,4.539596895430819,0.038397661484140165,m,map,map
ex12_multi_simulation_moderate,bouss_mod_tri,mf6_mod_s60,head_map_last,time_index:12,fallback_time_key,time_selector:last,12,12,,296,113.56926859522605,118.13760044633462,-4.568331851108567,4.568331851108567,0.038669583890725674,m,map,map
ex12_multi_simulation_moderate,bouss_mod_tri,mf6_mod_s60,head_map_last,time_index:12,fallback_time_key,time_selector:last,12,12,,297,103.9967907466882,118.11570762755872,-14.118916880870515,14.118916880870515,0.11953462553338073,m,map,map
ex12_multi_simulation_moderate,bouss_mod_tri,mf6_mod_s60,head_map_last,time_index:12,fallback_time_key,time_selector:last,12,12,,298,107.66773388361497,118.13188262079595,-10.464148737180977,10.464148737180977,0.08858022495731281,m,map,map
ex12_multi_simulation_moderate,bouss_mod_tri,mf6_mod_s60,head_map_last,time_index:12,fallback_time_key,time_selector:last,12,12,,299,108.17299701500198,118.15389440815166,-9.980897393149675,9.980897393149675,0.08447370645838885,m,map,map
ex12_multi_simulation_moderate,bouss_mod_tri,mf6_mod_s60,head_map_last,time_index:12,fallback_time_key,time_selector:last,12,12,,339,106.18476894098946,129.82947675657482,-23.644707815585363,23.644707815585363,0.18212125941105242,m,map,map
ex12_multi_simulation_moderate,bouss_mod_tri,mf6_mod_s60,head_map_last,time_index:12,fallback_time_key,time_selector:last,12,12,,340,105.50787304780708,128.733220480105,-23.22534743229791,23.22534743229791,0.18041456079231125,m,map,map
ex12_multi_simulation_moderate,bouss_mod_tri,mf6_mod_s60,head_map_last,time_index:12,fallback_time_key,time_selector:last,12,12,,341,116.28153290459171,127.63354416045557,-11.352011255863857,11.352011255863857,0.08894222385294404,m,map,map
ex12_multi_simulation_moderate,bouss_mod_tri,mf6_mod_s60,head_map_last,time_index:12,fallback_time_key,time_selector:last,12,12,,342,100.50258071064808,126.58611805225267,-26.083537341604597,26.083537341604597,0.20605369485173516,m,map,map
ex12_multi_simulation_moderate,bouss_mod_tri,mf6_mod_s60,head_map_last,time_index:12,fallback_time_key,time_selector:last,12,12,,343,108.0608749707473,125.5947181842884,-17.53384321354109,17.53384321354109,0.13960653335607015,m,map,map
ex12_multi_simulation_moderate,bouss_mod_tri,mf6_mod_s60,head_map_last,time_index:12,fallback_time_key,time_selector:last,12,12,,344,118.18988272541826,124.6564921181254,-6.4666093927071415,6.4666093927071415,0.05187543210007334,m,map,map
ex12_multi_simulation_moderate,bouss_mod_tri,mf6_mod_s60,head_map_last,time_index:12,fallback_time_key,time_selector:last,12,12,,345,114.93751198266081,123.76454760464418,-8.82703562198337,8.82703562198337,0.07132119652051426,m,map,map
ex12_multi_simulation_moderate,bouss_mod_tri,mf6_mod_s60,head_map_last,time_index:12,fallback_time_key,time_selector:last,12,12,,346,107.70182707591802,122.92275515292805,-15.22092807701003,15.22092807701003,0.12382514578422597,m,map,map
ex12_multi_simulation_moderate,bouss_mod_tri,mf6_mod_s60,head_map_last,time_index:12,fallback_time_key,time_selector:last,12,12,,347,116.49769598007647,122.13633760833896,-5.638641628262491,5.638641628262491,0.04616678163663479,m,map,map
ex12_multi_simulation_moderate,bouss_mod_tri,mf6_mod_s60,head_map_last,time_index:12,fallback_time_key,time_selector:last,12,12,,348,116.42504792249352,121.4125512757862,-4.987503353292681,4.987503353292681,0.041078976604022314,m,map,map
ex12_multi_simulation_moderate,bouss_mod_tri,mf6_mod_s60,head_map_last,time_index:12,fallback_time_key,time_selector:last,12,12,,349,114.93054156523289,120.76255083278313,-5.832009267550248,5.832009267550248,0.04829319377019192,m,map,map
ex12_multi_simulation_moderate,bouss_mod_tri,mf6_mod_s60,head_map_last,time_index:12,fallback_time_key,time_selector:last,12,12,,350,115.04063896457282,120.19419681212364,-5.153557847550815,5.153557847550815,0.04287692737450857,m,map,map
ex12_multi_simulation_moderate,bouss_mod_tri,mf6_mod_s60,head_map_last,time_index:12,fallback_time_key,time_selector:last,12,12,,351,116.92237568598284,119.71163816700735,-2.789262481024508,2.789262481024508,0.02329984388930726,m,map,map
ex12_multi_simulation_moderate,bouss_mod_tri,mf6_mod_s60,head_map_last,time_index:12,fallback_time_key,time_selector:last,12,12,,352,110.12441448118855,119.31593302136869,-9.191518540180141,9.191518540180141,0.07703513107955164,m,map,map
ex12_multi_simulation_moderate,bouss_mod_tri,mf6_mod_s60,head_map_last,time_index:12,fallback_time_key,time_selector:last,12,12,,353,117.34033486010124,119.01036747385528,-1.6700326137540458,1.6700326137540458,0.014032664961907002,m,map,map
ex12_multi_simulation_moderate,bouss_mod_tri,mf6_mod_s60,head_map_last,time_index:12,fallback_time_key,time_selector:last,12,12,,354,117.29834294415322,118.78692353528977,-1.4885805911365537,1.4885805911365537,0.012531519016016264,m,map,map
ex12_multi_simulation_moderate,bouss_mod_tri,mf6_mod_s60,head_map_last,time_index:12,fallback_time_key,time_selector:last,12,12,,355,109.50751103375713,118.6461402993252,-9.13862926556807,9.13862926556807,0.07702424404631093,m,map,map
ex12_multi_simulation_moderate,bouss_mod_tri,mf6_mod_s60,head_map_last,time_index:12,fallback_time_key,time_selector:last,12,12,,356,121.22137782599049,118.58637659940847,2.6350012265820197,2.6350012265820197,0.02222010067381689,m,map,map
ex12_multi_simulation_moderate,bouss_mod_tri,mf6_mod_s60,head_map_last,time_index:12,fallback_time_key,time_selector:last,12,12,,357,120.07817442257634,118.58880979612634,1.4893646264499978,1.4893646264499978,0.012559065471779846,m,map,map
ex12_multi_simulation_moderate,bouss_mod_tri,mf6_mod_s60,head_map_last,time_index:12,fallback_time_key,time_selector:last,12,12,,358,117.24169418973588,118.62235170848179,-1.380657518745906,1.380657518745906,0.011639100884957296,m,map,map
ex12_multi_simulation_moderate,bouss_mod_tri,mf6_mod_s60,head_map_last,time_index:12,fallback_time_key,time_selector:last,12,12,,359,109.69459051753257,118.65235148343189,-8.957760965899311,8.957760965899311,0.07549585704713264,m,map,map
ex12_multi_simulation_moderate,bouss_mod_tri,mf6_mod_s60,head_map_last,time_index:12,fallback_time_key,time_selector:last,12,12,,399,117.9384868798715,129.7050311875131,-11.766544307641595,11.766544307641595,0.09071771696065387,m,map,map
ex12_multi_simulation_moderate,bouss_mod_tri,mf6_mod_s60,head_map_last,time_index:12,fallback_time_key,time_selector:last,12,12,,400,117.0128676878306,128.6510139678218,-11.63814627999119,11.63814627999119,0.09046291918773469,m,map,map
ex12_multi_simulation_moderate,bouss_mod_tri,mf6_mod_s60,head_map_last,time_index:12,fallback_time_key,time_selector:last,12,12,,401,115.83018654192256,127.59195768283547,-11.761771140912913,11.761771140912913,0.09218269987008113,m,map,map
ex12_multi_simulation_moderate,bouss_mod_tri,mf6_mod_s60,head_map_last,time_index:12,fallback_time_key,time_selector:last,12,12,,402,110.34184795209823,126.58334455603034,-16.241496603932106,16.241496603932106,0.12830674257262206,m,map,map
ex12_multi_simulation_moderate,bouss_mod_tri,mf6_mod_s60,head_map_last,time_index:12,fallback_time_key,time_selector:last,12,12,,403,107.7066686704038,125.62944512124724,-17.922776450843443,17.922776450843443,0.14266381924672078,m,map,map
ex12_multi_simulation_moderate,bouss_mod_tri,mf6_mod_s60,head_map_last,time_index:12,fallback_time_key,time_selector:last,12,12,,404,113.63371996363124,124.72648390325135,-11.092763939620113,11.092763939620113,0.08893671650541052,m,map,map
ex12_multi_simulation_moderate,bouss_mod_tri,mf6_mod_s60,head_map_last,time_index:12,fallback_time_key,time_selector:last,12,12,,405,118.07522477704569,123.87084808577008,-5.795623308724387,5.795623308724387,0.046787629198368035,m,map,map
ex12_multi_simulation_moderate,bouss_mod_tri,mf6_mod_s60,head_map_last,time_index:12,fallback_time_key,time_selector:last,12,12,,406,117.65467096697914,123.0669505669588,-5.412279599979655,5.412279599979655,0.04397833516671821,m,map,map
ex12_multi_simulation_moderate,bouss_mod_tri,mf6_mod_s60,head_map_last,time_index:12,fallback_time_key,time_selector:last,12,12,,407,111.25205544696036,122.31962740818253,-11.067571961222171,11.067571961222171,0.09048075272735674,m,map,map
ex12_multi_simulation_moderate,bouss_mod_tri,mf6_mod_s60,head_map_last,time_index:12,fallback_time_key,time_selector:last,12,12,,408,116.75874620125968,121.63639306795405,-4.877646866694363,4.877646866694363,0.04010022612204055,m,map,map
ex12_multi_simulation_moderate,bouss_mod_tri,mf6_mod_s60,head_map_last,time_index:12,fallback_time_key,time_selector:last,12,12,,409,120.35494216100543,121.02570569675314,-0.6707635357477102,0.6707635357477102,0.005542322863445244,m,map,map
ex12_multi_simulation_moderate,bouss_mod_tri,mf6_mod_s60,head_map_last,time_index:12,fallback_time_key,time_selector:last,12,12,,410,100.32473596745008,120.49457139908874,-20.16983543163866,20.16983543163866,0.167392067521734,m,map,map
ex12_multi_simulation_moderate,bouss_mod_tri,mf6_mod_s60,head_map_last,time_index:12,fallback_time_key,time_selector:last,12,12,,411,115.9874650388599,120.0499979653463,-4.062532926486398,4.062532926486398,0.03384034148554581,m,map,map
ex12_multi_simulation_moderate,bouss_mod_tri,mf6_mod_s60,head_map_last,time_index:12,fallback_time_key,time_selector:last,12,12,,412,119.06588936922216,119.69839909640136,-0.6325097271791975,0.6325097271791975,0.005284195377331604,m,map,map
ex12_multi_simulation_moderate,bouss_mod_tri,mf6_mod_s60,head_map_last,time_index:12,fallback_time_key,time_selector:last,12,12,,413,119.31567862572636,119.43646179045925,-0.12078316473288453,0.12078316473288453,0.0010112754758658871,m,map,map
ex12_multi_simulation_moderate,bouss_mod_tri,mf6_mod_s60,head_map_last,time_index:12,fallback_time_key,time_selector:last,12,12,,414,106.49862807906015,119.24878557966412,-12.750157500603962,12.750157500603962,0.10692064861395358,m,map,map
ex12_multi_simulation_moderate,bouss_mod_tri,mf6_mod_s60,head_map_last,time_index:12,fallback_time_key,time_selector:last,12,12,,415,113.16060147299046,119.13354845391333,-5.97294698092287,5.97294698092287,0.05013656571501769,m,map,map
ex12_multi_simulation_moderate,bouss_mod_tri,mf6_mod_s60,head_map_last,time_index:12,fallback_time_key,time_selector:last,12,12,,416,108.5342474054396,119.09420426624982,-10.559956860810217,10.559956860810217,0.08866894007035077,m,map,map
ex12_multi_simulation_moderate,bouss_mod_tri,mf6_mod_s60,head_map_last,time_index:12,fallback_time_key,time_selector:last,12,12,,417,109.43101649361395,119.1168274747842,-9.685810981170249,9.685810981170249,0.0813135405509405,m,map,map
ex12_multi_simulation_moderate,bouss_mod_tri,mf6_mod_s60,head_map_last,time_index:12,fallback_time_key,time_selector:last,12,12,,418,117.73838729613773,119.16438376684356,-1.425996470705826,1.425996470705826,0.011966633197180153,m,map,map
ex12_multi_simulation_moderate,bouss_mod_tri,mf6_mod_s60,head_map_last,time_index:12,fallback_time_key,time_selector:last,12,12,,419,115.0670051902955,119.2033016191845,-4.136296428888997,4.136296428888997,0.03469951228450961,m,map,map
ex12_multi_simulation_moderate,bouss_mod_tri,mf6_mod_s60,head_map_last,time_index:12,fallback_time_key,time_selector:last,12,12,,458,118.56733672423368,130.81285955863206,-12.245522834398372,12.245522834398372,0.09361100182134438,m,map,map
ex12_multi_simulation_moderate,bouss_mod_tri,mf6_mod_s60,head_map_last,time_index:12,fallback_time_key,time_selector:last,12,12,,459,117.90373861656681,129.6683061764285,-11.764567559861689,11.764567559861689,0.09072816563096502,m,map,map
ex12_multi_simulation_moderate,bouss_mod_tri,mf6_mod_s60,head_map_last,time_index:12,fallback_time_key,time_selector:last,12,12,,460,120.4258727392934,128.58951572544467,-8.163642986151274,8.163642986151274,0.06348606991865272,m,map,map
ex12_multi_simulation_moderate,bouss_mod_tri,mf6_mod_s60,head_map_last,time_index:12,fallback_time_key,time_selector:last,12,12,,461,116.07210506118886,127.56977583269978,-11.497670771510911,11.497670771510911,0.09012848612816744,m,map,map
ex12_multi_simulation_moderate,bouss_mod_tri,mf6_mod_s60,head_map_last,time_index:12,fallback_time_key,time_selector:last,12,12,,462,107.01280393158925,126.60476283725961,-19.591958905670367,19.591958905670367,0.1547489878469602,m,map,map
ex12_multi_simulation_moderate,bouss_mod_tri,mf6_mod_s60,head_map_last,time_index:12,fallback_time_key,time_selector:last,12,12,,463,114.46106174259207,125.69338257224003,-11.23232082964796,11.23232082964796,0.08936286540934153,m,map,map
ex12_multi_simulation_moderate,bouss_mod_tri,mf6_mod_s60,head_map_last,time_index:12,fallback_time_key,time_selector:last,12,12,,464,119.44631644951765,124.83459111026036,-5.388274660742709,5.388274660742709,0.04316331405278131,m,map,map
ex12_multi_simulation_moderate,bouss_mod_tri,mf6_mod_s60,head_map_last,time_index:12,fallback_time_key,time_selector:last,12,12,,465,113.34915908562562,124.02604506552811,-10.676885979902494,10.676885979902494,0.0860858376501601,m,map,map
ex12_multi_simulation_moderate,bouss_mod_tri,mf6_mod_s60,head_map_last,time_index:12,fallback_time_key,time_selector:last,12,12,,466,119.22067752555037,123.27172639070899,-4.05104886515862,4.05104886515862,0.03286275761498501,m,map,map
ex12_multi_simulation_moderate,bouss_mod_tri,mf6_mod_s60,head_map_last,time_index:12,fallback_time_key,time_selector:last,12,12,,467,109.13390956096485,122.57352325140528,-13.439613690440424,13.439613690440424,0.10964532416087128,m,map,map
ex12_multi_simulation_moderate,bouss_mod_tri,mf6_mod_s60,head_map_last,time_index:12,fallback_time_key,time_selector:last,12,12,,468,115.03179824498228,121.93392338032454,-6.90212513534226,6.90212513534226,0.05660545436411339,m,map,map
ex12_multi_simulation_moderate,bouss_mod_tri,mf6_mod_s60,head_map_last,time_index:12,fallback_time_key,time_selector:last,12,12,,469,108.93478474833883,121.36123432054106,-12.42644957220223,12.42644957220223,0.10239224775335846,m,map,map
ex12_multi_simulation_moderate,bouss_mod_tri,mf6_mod_s60,head_map_last,time_index:12,fallback_time_key,time_selector:last,12,12,,470,103.96665421727005,120.8658665602628,-16.899212342992755,16.899212342992755,0.13981790578208395,m,map,map
ex12_multi_simulation_moderate,bouss_mod_tri,mf6_mod_s60,head_map_last,time_index:12,fallback_time_key,time_selector:last,12,12,,471,110.66732361960204,120.4613652445966,-9.794041624994563,9.794041624994563,0.0813044215886793,m,map,map
ex12_multi_simulation_moderate,bouss_mod_tri,mf6_mod_s60,head_map_last,time_index:12,fallback_time_key,time_selector:last,12,12,,472,112.98100500163567,120.1541177939027,-7.173112792267034,7.173112792267034,0.05969926727414279,m,map,map
ex12_multi_simulation_moderate,bouss_mod_tri,mf6_mod_s60,head_map_last,time_index:12,fallback_time_key,time_selector:last,12,12,,473,99.22076526264927,119.92759107568135,-20.706825813032083,20.706825813032083,0.1726610667929189,m,map,map
ex12_multi_simulation_moderate,bouss_mod_tri,mf6_mod_s60,head_map_last,time_index:12,fallback_time_key,time_selector:last,12,12,,474,113.19440981702698,119.76911432815574,-6.574704511128758,6.574704511128758,0.05489482449636144,m,map,map
ex12_multi_simulation_moderate,bouss_mod_tri,mf6_mod_s60,head_map_last,time_index:12,fallback_time_key,time_selector:last,12,12,,475,101.33265242422374,119.67520506367813,-18.342552639454397,18.342552639454397,0.15326944816760066,m,map,map
ex12_multi_simulation_moderate,bouss_mod_tri,mf6_mod_s60,head_map_last,time_index:12,fallback_time_key,time_selector:last,12,12,,476,119.47061538938462,119.65169803375396,-0.18108264436934007,0.18108264436934007,0.001513414747513707,m,map,map
ex12_multi_simulation_moderate,bouss_mod_tri,mf6_mod_s60,head_map_last,time_index:12,fallback_time_key,time_selector:last,12,12,,477,110.42304440509034,119.6869705998078,-9.263926194717456,9.263926194717456,0.07740129229014284,m,map,map
ex12_multi_simulation_moderate,bouss_mod_tri,mf6_mod_s60,head_map_last,time_index:12,fallback_time_key,time_selector:last,12,12,,478,117.93546052318477,119.7483264296776,-1.8128659064928314,1.8128659064928314,0.015138966535431623,m,map,map
ex12_multi_simulation_moderate,bouss_mod_tri,mf6_mod_s60,head_map_last,time_index:12,fallback_time_key,time_selector:last,12,12,,479,121.40431917354248,119.79340498807514,1.6109141854673368,1.6109141854673368,0.01344743632279002,m,map,map
ex12_multi_simulation_moderate,bouss_mod_tri,mf6_mod_s60,head_map_last,time_index:12,fallback_time_key,time_selector:last,12,12,,518,106.06549701082858,130.60032810998106,-24.534831099152484,24.534831099152484,0.18786194073334356,m,map,map
ex12_multi_simulation_moderate,bouss_mod_tri,mf6_mod_s60,head_map_last,time_index:12,fallback_time_key,time_selector:last,12,12,,519,114.15000969881613,129.54848970710958,-15.398480008293447,15.398480008293447,0.11886267484173058,m,map,map
ex12_multi_simulation_moderate,bouss_mod_tri,mf6_mod_s60,head_map_last,time_index:12,fallback_time_key,time_selector:last,12,12,,520,112.98288872965294,128.52689856623292,-15.544009836579974,15.544009836579974,0.12093974109683961,m,map,map
ex12_multi_simulation_moderate,bouss_mod_tri,mf6_mod_s60,head_map_last,time_index:12,fallback_time_key,time_selector:last,12,12,,521,118.1300652167038,127.56763410781382,-9.437568891110018,9.437568891110018,0.07398090398959548,m,map,map
ex12_multi_simulation_moderate,bouss_mod_tri,mf6_mod_s60,head_map_last,time_index:12,fallback_time_key,time_selector:last,12,12,,522,116.72103115815325,126.65641038329005,-9.9353792251368,9.9353792251368,0.07844355603534132,m,map,map
ex12_multi_simulation_moderate,bouss_mod_tri,mf6_mod_s60,head_map_last,time_index:12,fallback_time_key,time_selector:last,12,12,,523,113.38257032081574,125.79500103542948,-12.412430714613734,12.412430714613734,0.09867189166855557,m,map,map
ex12_multi_simulation_moderate,bouss_mod_tri,mf6_mod_s60,head_map_last,time_index:12,fallback_time_key,time_selector:last,12,12,,524,102.1462551164903,124.98864731576194,-22.842392199271643,22.842392199271643,0.1827557357394575,m,map,map
ex12_multi_simulation_moderate,bouss_mod_tri,mf6_mod_s60,head_map_last,time_index:12,fallback_time_key,time_selector:last,12,12,,525,117.26074693328808,124.23647128273387,-6.975724349445798,6.975724349445798,0.05614876434771429,m,map,map
ex12_multi_simulation_moderate,bouss_mod_tri,mf6_mod_s60,head_map_last,time_index:12,fallback_time_key,time_selector:last,12,12,,526,102.22013760653282,123.53747538999123,-21.317337783458413,21.317337783458413,0.17255766087304633,m,map,map
ex12_multi_simulation_moderate,bouss_mod_tri,mf6_mod_s60,head_map_last,time_index:12,fallback_time_key,time_selector:last,12,12,,527,105.23927228259984,122.88995131054624,-17.650679027946396,17.650679027946396,0.1436299619270143,m,map,map
ex12_multi_simulation_moderate,bouss_mod_tri,mf6_mod_s60,head_map_last,time_index:12,fallback_time_key,time_selector:last,12,12,,528,114.17886853029862,122.29389334349342,-8.115024813194808,8.115024813194808,0.06635674596115525,m,map,map
ex12_multi_simulation_moderate,bouss_mod_tri,mf6_mod_s60,head_map_last,time_index:12,fallback_time_key,time_selector:last,12,12,,529,119.35343587796804,121.7572147969492,-2.4037789189811605,2.4037789189811605,0.019742394099519025,m,map,map
ex12_multi_simulation_moderate,bouss_mod_tri,mf6_mod_s60,head_map_last,time_index:12,fallback_time_key,time_selector:last,12,12,,530,115.00210779892682,121.29513142376646,-6.293023624839648,6.293023624839648,0.051881914393198794,m,map,map
ex12_multi_simulation_moderate,bouss_mod_tri,mf6_mod_s60,head_map_last,time_index:12,fallback_time_key,time_selector:last,12,12,,531,100.20573463559329,120.92715046092687,-20.72141582533358,20.72141582533358,0.17135453656479682,m,map,map
ex12_multi_simulation_moderate,bouss_mod_tri,mf6_mod_s60,head_map_last,time_index:12,fallback_time_key,time_selector:last,12,12,,532,118.07728258163007,120.65999706514523,-2.5827144835151614,2.5827144835151614,0.021404894300807373,m,map,map
ex12_multi_simulation_moderate,bouss_mod_tri,mf6_mod_s60,head_map_last,time_index:12,fallback_time_key,time_selector:last,12,12,,533,119.4367305357559,120.4703680253762,-1.033637489620304,1.033637489620304,0.008580014376668757,m,map,map
ex12_multi_simulation_moderate,bouss_mod_tri,mf6_mod_s60,head_map_last,time_index:12,fallback_time_key,time_selector:last,12,12,,534,117.3204083096172,120.3335178220776,-3.013109512460389,3.013109512460389,0.025039652849802863,m,map,map
ex12_multi_simulation_moderate,bouss_mod_tri,mf6_mod_s60,head_map_last,time_index:12,fallback_time_key,time_selector:last,12,12,,535,117.91767294837675,120.25560412792942,-2.337931179552669,2.337931179552669,0.0194413490872787,m,map,map
ex12_multi_simulation_moderate,bouss_mod_tri,mf6_mod_s60,head_map_last,time_index:12,fallback_time_key,time_selector:last,12,12,,536,116.92898480138102,120.24835376680676,-3.3193689654257383,3.3193689654257383,0.027604277825398503,m,map,map
ex12_multi_simulation_moderate,bouss_mod_tri,mf6_mod_s60,head_map_last,time_index:12,fallback_time_key,time_selector:last,12,12,,537,114.2522050475796,120.29574384269485,-6.0435387951152535,6.0435387951152535,0.05023900764949846,m,map,map
ex12_multi_simulation_moderate,bouss_mod_tri,mf6_mod_s60,head_map_last,time_index:12,fallback_time_key,time_selector:last,12,12,,538,101.34155844914721,120.36581408218834,-19.024255633041122,19.024255633041122,0.15805364486673065,m,map,map
ex12_multi_simulation_moderate,bouss_mod_tri,mf6_mod_s60,head_map_last,time_index:12,fallback_time_key,time_selector:last,12,12,,539,100.09994929392892,120.41405299155322,-20.314103697624304,20.314103697624304,0.1687021007344491,m,map,map
ex12_multi_simulation_moderate,bouss_mod_tri,mf6_mod_s60,head_map_last,time_index:12,fallback_time_key,time_selector:last,12,12,,578,118.01984740897,130.38565437925922,-12.365806970289228,12.365806970289228,0.09484024165971658,m,map,map
ex12_multi_simulation_moderate,bouss_mod_tri,mf6_mod_s60,head_map_last,time_index:12,fallback_time_key,time_selector:last,12,12,,579,105.85545030569644,129.41300933834677,-23.55755903265033,23.55755903265033,0.18203393270192597,m,map,map
ex12_multi_simulation_moderate,bouss_mod_tri,mf6_mod_s60,head_map_last,time_index:12,fallback_time_key,time_selector:last,12,12,,580,115.1216688559694,128.46470319252583,-13.343034336556428,13.343034336556428,0.10386537317226865,m,map,map
ex12_multi_simulation_moderate,bouss_mod_tri,mf6_mod_s60,head_map_last,time_index:12,fallback_time_key,time_selector:last,12,12,,581,116.98379399389566,127.57452005721828,-10.59072606332262,10.59072606332262,0.0830159976974445,m,map,map
ex12_multi_simulation_moderate,bouss_mod_tri,mf6_mod_s60,head_map_last,time_index:12,fallback_time_key,time_selector:last,12,12,,582,116.18428297060686,126.72840985665933,-10.544126886052467,10.544126886052467,0.08320255022515297,m,map,map
ex12_multi_simulation_moderate,bouss_mod_tri,mf6_mod_s60,head_map_last,time_index:12,fallback_time_key,time_selector:last,12,12,,583,109.51352487333132,125.92923096794584,-16.41570609461452,16.41570609461452,0.13035659765756047,m,map,map
ex12_multi_simulation_moderate,bouss_mod_tri,mf6_mod_s60,head_map_last,time_index:12,fallback_time_key,time_selector:last,12,12,,584,115.56157631179222,125.18527388184096,-9.623697570048733,9.623697570048733,0.0768756361801172,m,map,map
ex12_multi_simulation_moderate,bouss_mod_tri,mf6_mod_s60,head_map_last,time_index:12,fallback_time_key,time_selector:last,12,12,,585,98.79147690637093,124.49560374719516,-25.70412684082423,25.70412684082423,0.2064661407082283,m,map,map
ex12_multi_simulation_moderate,bouss_mod_tri,mf6_mod_s60,head_map_last,time_index:12,fallback_time_key,time_selector:last,12,12,,586,101.32293198031965,123.85245105514248,-22.52951907482283,22.52951907482283,0.18190612202573264,m,map,map
ex12_multi_simulation_moderate,bouss_mod_tri,mf6_mod_s60,head_map_last,time_index:12,fallback_time_key,time_selector:last,12,12,,587,119.43313704110726,123.25142701612101,-3.818289975013755,3.818289975013755,0.030979681675526005,m,map,map
ex12_multi_simulation_moderate,bouss_mod_tri,mf6_mod_s60,head_map_last,time_index:12,fallback_time_key,time_selector:last,12,12,,588,116.06471125293416,122.69724531248191,-6.632534059547751,6.632534059547751,0.05405609590220383,m,map,map
ex12_multi_simulation_moderate,bouss_mod_tri,mf6_mod_s60,head_map_last,time_index:12,fallback_time_key,time_selector:last,12,12,,589,114.5327606508498,122.19848370795769,-7.665723057107897,7.665723057107897,0.06273173630720508,m,map,map
ex12_multi_simulation_moderate,bouss_mod_tri,mf6_mod_s60,head_map_last,time_index:12,fallback_time_key,time_selector:last,12,12,,590,119.1639708238396,121.77183379061599,-2.6078629667763806,2.6078629667763806,0.021415978437678323,m,map,map
ex12_multi_simulation_moderate,bouss_mod_tri,mf6_mod_s60,head_map_last,time_index:12,fallback_time_key,time_selector:last,12,12,,591,114.13455492424158,121.43936685151391,-7.3048119272723255,7.3048119272723255,0.06015192697936288,m,map,map
ex12_multi_simulation_moderate,bouss_mod_tri,mf6_mod_s60,head_map_last,time_index:12,fallback_time_key,time_selector:last,12,12,,592,115.21996792337154,121.20628223467163,-5.986314311300092,5.986314311300092,0.049389472236346495,m,map,map
ex12_multi_simulation_moderate,bouss_mod_tri,mf6_mod_s60,head_map_last,time_index:12,fallback_time_key,time_selector:last,12,12,,593,108.97415114190021,121.04818926721768,-12.074038125317472,12.074038125317472,0.09974571448287965,m,map,map
ex12_multi_simulation_moderate,bouss_mod_tri,mf6_mod_s60,head_map_last,time_index:12,fallback_time_key,time_selector:last,12,12,,594,117.62691284140242,120.93411073581316,-3.3071978944107485,3.3071978944107485,0.027347105579132207,m,map,map
ex12_multi_simulation_moderate,bouss_mod_tri,mf6_mod_s60,head_map_last,time_index:12,fallback_time_key,time_selector:last,12,12,,595,111.93222651167963,120.87198245534721,-8.939755943667578,8.939755943667578,0.07396053048910753,m,map,map
ex12_multi_simulation_moderate,bouss_mod_tri,mf6_mod_s60,head_map_last,time_index:12,fallback_time_key,time_selector:last,12,12,,596,111.23108012438878,120.87894782096828,-9.647867696579496,9.647867696579496,0.079814292484319,m,map,map
ex12_multi_simulation_moderate,bouss_mod_tri,mf6_mod_s60,head_map_last,time_index:12,fallback_time_key,time_selector:last,12,12,,597,116.64359433461833,120.93698807538502,-4.293393740766689,4.293393740766689,0.035501080431161715,m,map,map
ex12_multi_simulation_moderate,bouss_mod_tri,mf6_mod_s60,head_map_last,time_index:12,fallback_time_key,time_selector:last,12,12,,598,108.4589939210514,121.00916756294085,-12.550173641889444,12.550173641889444,0.10371258553912195,m,map,map
ex12_multi_simulation_moderate,bouss_mod_tri,mf6_mod_s60,head_map_last,time_index:12,fallback_time_key,time_selector:last,12,12,,599,109.24196346514708,121.05774920750993,-11.815785742362849,11.815785742362849,0.09760453849269028,m,map,map
ex12_multi_simulation_moderate,bouss_mod_tri,mf6_mod_s60,head_map_last,time_index:12,fallback_time_key,time_selector:last,12,12,,638,105.79291092018019,130.16042292975115,-24.36751200957096,24.36751200957096,0.18721137701528784,m,map,map
ex12_multi_simulation_moderate,bouss_mod_tri,mf6_mod_s60,head_map_last,time_index:12,fallback_time_key,time_selector:last,12,12,,639,102.16315886422748,129.2711298955804,-27.107971031352918,27.107971031352918,0.20969856961294883,m,map,map
ex12_multi_simulation_moderate,bouss_mod_tri,mf6_mod_s60,head_map_last,time_index:12,fallback_time_key,time_selector:last,12,12,,640,107.4766271662306,128.4038111141142,-20.927183947883606,20.927183947883606,0.16297946117257636,m,map,map
ex12_multi_simulation_moderate,bouss_mod_tri,mf6_mod_s60,head_map_last,time_index:12,fallback_time_key,time_selector:last,12,12,,641,107.16602429326316,127.5865692947651,-20.420545001501935,20.420545001501935,0.1600524656660691,m,map,map
ex12_multi_simulation_moderate,bouss_mod_tri,mf6_mod_s60,head_map_last,time_index:12,fallback_time_key,time_selector:last,12,12,,642,106.88936038171028,126.81381617509045,-19.924455793380176,19.924455793380176,0.1571158127271456,m,map,map
ex12_multi_simulation_moderate,bouss_mod_tri,mf6_mod_s60,head_map_last,time_index:12,fallback_time_key,time_selector:last,12,12,,643,102.49567799968646,126.0911189892375,-23.595440989551037,23.595440989551037,0.1871300784598876,m,map,map
ex12_multi_simulation_moderate,bouss_mod_tri,mf6_mod_s60,head_map_last,time_index:12,fallback_time_key,time_selector:last,12,12,,644,100.3657669153047,125.41854835746574,-25.052781442161034,25.052781442161034,0.19975339987795138,m,map,map
ex12_multi_simulation_moderate,bouss_mod_tri,mf6_mod_s60,head_map_last,time_index:12,fallback_time_key,time_selector:last,12,12,,645,102.80244897850108,124.79086585386362,-21.988416875362546,21.988416875362546,0.17620213406574234,m,map,map
ex12_multi_simulation_moderate,bouss_mod_tri,mf6_mod_s60,head_map_last,time_index:12,fallback_time_key,time_selector:last,12,12,,646,100.65376911600363,124.19962504830218,-23.54585593229855,23.54585593229855,0.18958073281736065,m,map,map
ex12_multi_simulation_moderate,bouss_mod_tri,mf6_mod_s60,head_map_last,time_index:12,fallback_time_key,time_selector:last,12,12,,647,104.09964819849836,123.64311172976893,-19.543463531270575,19.543463531270575,0.1580635043704193,m,map,map
ex12_multi_simulation_moderate,bouss_mod_tri,mf6_mod_s60,head_map_last,time_index:12,fallback_time_key,time_selector:last,12,12,,648,102.96628870900443,123.12888421056168,-20.16259550155725,20.16259550155725,0.16375195496027856,m,map,map
ex12_multi_simulation_moderate,bouss_mod_tri,mf6_mod_s60,head_map_last,time_index:12,fallback_time_key,time_selector:last,12,12,,649,103.1165700670915,122.67139608089481,-19.554826013803307,19.554826013803307,0.15940819651965166,m,map,map
ex12_multi_simulation_moderate,bouss_mod_tri,mf6_mod_s60,head_map_last,time_index:12,fallback_time_key,time_selector:last,12,12,,650,102.3503320918481,122.28441027178815,-19.934078179940045,19.934078179940045,0.16301405989230153,m,map,map
ex12_multi_simulation_moderate,bouss_mod_tri,mf6_mod_s60,head_map_last,time_index:12,fallback_time_key,time_selector:last,12,12,,651,102.00503808439792,121.98584331424637,-19.980805229848443,19.980805229848443,0.16379609868643621,m,map,map
ex12_multi_simulation_moderate,bouss_mod_tri,mf6_mod_s60,head_map_last,time_index:12,fallback_time_key,time_selector:last,12,12,,652,108.73583564043759,121.78191895204375,-13.046083311606168,13.046083311606168,0.10712660322542263,m,map,map
ex12_multi_simulation_moderate,bouss_mod_tri,mf6_mod_s60,head_map_last,time_index:12,fallback_time_key,time_selector:last,12,12,,653,102.83213326436613,121.65455644126536,-18.82242317689922,18.82242317689922,0.15472024827928793,m,map,map
ex12_multi_simulation_moderate,bouss_mod_tri,mf6_mod_s60,head_map_last,time_index:12,fallback_time_key,time_selector:last,12,12,,654,103.68544348273511,121.56460384932502,-17.879160366589915,17.879160366589915,0.1470753805009762,m,map,map
ex12_multi_simulation_moderate,bouss_mod_tri,mf6_mod_s60,head_map_last,time_index:12,fallback_time_key,time_selector:last,12,12,,655,103.41921043056728,121.52208498162564,-18.102874551058363,18.102874551058363,0.14896777448967857,m,map,map
ex12_multi_simulation_moderate,bouss_mod_tri,mf6_mod_s60,head_map_last,time_index:12,fallback_time_key,time_selector:last,12,12,,656,103.59731142060771,121.54279528792286,-17.945483867315147,17.945483867315147,0.14764745063501356,m,map,map
ex12_multi_simulation_moderate,bouss_mod_tri,mf6_mod_s60,head_map_last,time_index:12,fallback_time_key,time_selector:last,12,12,,657,102.84874335967872,121.60450819993706,-18.755764840258337,18.755764840258337,0.15423576903432634,m,map,map
ex12_multi_simulation_moderate,bouss_mod_tri,mf6_mod_s60,head_map_last,time_index:12,fallback_time_key,time_selector:last,12,12,,658,102.59999958239385,121.67437456447959,-19.074374982085743,19.074374982085743,0.15676575326859438,m,map,map
ex12_multi_simulation_moderate,bouss_mod_tri,mf6_mod_s60,head_map_last,time_index:12,fallback_time_key,time_selector:last,12,12,,659,101.17989737838028,121.72097007609125,-20.541072697710973,20.541072697710973,0.168755414000317,m,map,map
ex12_multi_simulation_moderate,bouss_mod_tri,mf6_mod_s60,depth_map_last,time_index:12,fallback_time_key,time_selector:last,12,12,,0,7.485173882117479,0.0,7.485173882117479,7.485173882117479,nan,m,map,map
ex12_multi_simulation_moderate,bouss_mod_tri,mf6_mod_s60,depth_map_last,time_index:12,fallback_time_key,time_selector:last,12,12,,1,9.568662228439564,0.0,9.568662228439564,9.568662228439564,nan,m,map,map
ex12_multi_simulation_moderate,bouss_mod_tri,mf6_mod_s60,depth_map_last,time_index:12,fallback_time_key,time_selector:last,12,12,,2,5.426594281901558,0.0,5.426594281901558,5.426594281901558,nan,m,map,map
ex12_multi_simulation_moderate,bouss_mod_tri,mf6_mod_s60,depth_map_last,time_index:12,fallback_time_key,time_selector:last,12,12,,3,10.78585157263106,0.0,10.78585157263106,10.78585157263106,nan,m,map,map
ex12_multi_simulation_moderate,bouss_mod_tri,mf6_mod_s60,depth_map_last,time_index:12,fallback_time_key,time_selector:last,12,12,,13,8.860505743620038,0.0,8.860505743620038,8.860505743620038,nan,m,map,map
ex12_multi_simulation_moderate,bouss_mod_tri,mf6_mod_s60,depth_map_last,time_index:12,fallback_time_key,time_selector:last,12,12,,14,9.182767856643807,0.0,9.182767856643807,9.182767856643807,nan,m,map,map
ex12_multi_simulation_moderate,bouss_mod_tri,mf6_mod_s60,depth_map_last,time_index:12,fallback_time_key,time_selector:last,12,12,,15,5.724362425565658,0.0,5.724362425565658,5.724362425565658,nan,m,map,map
ex12_multi_simulation_moderate,bouss_mod_tri,mf6_mod_s60,depth_map_last,time_index:12,fallback_time_key,time_selector:last,12,12,,16,12.812217488305336,0.0,12.812217488305336,12.812217488305336,nan,m,map,map
ex12_multi_simulation_moderate,bouss_mod_tri,mf6_mod_s60,depth_map_last,time_index:12,fallback_time_key,time_selector:last,12,12,,17,8.287963232943909,0.0,8.287963232943909,8.287963232943909,nan,m,map,map
ex12_multi_simulation_moderate,bouss_mod_tri,mf6_mod_s60,depth_map_last,time_index:12,fallback_time_key,time_selector:last,12,12,,18,3.56783388350091,0.0,3.56783388350091,3.56783388350091,nan,m,map,map
ex12_multi_simulation_moderate,bouss_mod_tri,mf6_mod_s60,depth_map_last,time_index:12,fallback_time_key,time_selector:last,12,12,,19,8.927616784450137,0.0,8.927616784450137,8.927616784450137,nan,m,map,map
ex12_multi_simulation_moderate,bouss_mod_tri,mf6_mod_s60,depth_map_last,time_index:12,fallback_time_key,time_selector:last,12,12,,20,6.204194747692995,0.0,6.204194747692995,6.204194747692995,nan,m,map,map
ex12_multi_simulation_moderate,bouss_mod_tri,mf6_mod_s60,depth_map_last,time_index:12,fallback_time_key,time_selector:last,12,12,,21,8.665059251269753,0.0,8.665059251269753,8.665059251269753,nan,m,map,map
ex12_multi_simulation_moderate,bouss_mod_tri,mf6_mod_s60,depth_map_last,time_index:12,fallback_time_key,time_selector:last,12,12,,22,3.320669324318061,0.0,3.320669324318061,3.320669324318061,nan,m,map,map
ex12_multi_simulation_moderate,bouss_mod_tri,mf6_mod_s60,depth_map_last,time_index:12,fallback_time_key,time_selector:last,12,12,,23,12.475511701298004,0.0,12.475511701298004,12.475511701298004,nan,m,map,map
ex12_multi_simulation_moderate,bouss_mod_tri,mf6_mod_s60,depth_map_last,time_index:12,fallback_time_key,time_selector:last,12,12,,24,10.139612947419081,0.0,10.139612947419081,10.139612947419081,nan,m,map,map
ex12_multi_simulation_moderate,bouss_mod_tri,mf6_mod_s60,depth_map_last,time_index:12,fallback_time_key,time_selector:last,12,12,,25,11.116053992690269,0.0,11.116053992690269,11.116053992690269,nan,m,map,map
ex12_multi_simulation_moderate,bouss_mod_tri,mf6_mod_s60,depth_map_last,time_index:12,fallback_time_key,time_selector:last,12,12,,41,13.506142220874267,0.0,13.506142220874267,13.506142220874267,nan,m,map,map
ex12_multi_simulation_moderate,bouss_mod_tri,mf6_mod_s60,depth_map_last,time_index:12,fallback_time_key,time_selector:last,12,12,,42,8.205090189103942,0.0,8.205090189103942,8.205090189103942,nan,m,map,map
ex12_multi_simulation_moderate,bouss_mod_tri,mf6_mod_s60,depth_map_last,time_index:12,fallback_time_key,time_selector:last,12,12,,43,10.676369416566075,0.0,10.676369416566075,10.676369416566075,nan,m,map,map
ex12_multi_simulation_moderate,bouss_mod_tri,mf6_mod_s60,depth_map_last,time_index:12,fallback_time_key,time_selector:last,12,12,,44,8.395920870901065,0.0,8.395920870901065,8.395920870901065,nan,m,map,map
ex12_multi_simulation_moderate,bouss_mod_tri,mf6_mod_s60,depth_map_last,time_index:12,fallback_time_key,time_selector:last,12,12,,45,7.004638990590223,0.0,7.004638990590223,7.004638990590223,nan,m,map,map
ex12_multi_simulation_moderate,bouss_mod_tri,mf6_mod_s60,depth_map_last,time_index:12,fallback_time_key,time_selector:last,12,12,,46,1.330635706455368,0.0,1.330635706455368,1.330635706455368,nan,m,map,map
ex12_multi_simulation_moderate,bouss_mod_tri,mf6_mod_s60,depth_map_last,time_index:12,fallback_time_key,time_selector:last,12,12,,47,9.896931362705814,0.0,9.896931362705814,9.896931362705814,nan,m,map,map
ex12_multi_simulation_moderate,bouss_mod_tri,mf6_mod_s60,depth_map_last,time_index:12,fallback_time_key,time_selector:last,12,12,,48,9.592884396287957,0.0,9.592884396287957,9.592884396287957,nan,m,map,map
ex12_multi_simulation_moderate,bouss_mod_tri,mf6_mod_s60,depth_map_last,time_index:12,fallback_time_key,time_selector:last,12,12,,49,11.710464735693137,0.0,11.710464735693137,11.710464735693137,nan,m,map,map
ex12_multi_simulation_moderate,bouss_mod_tri,mf6_mod_s60,depth_map_last,time_index:12,fallback_time_key,time_selector:last,12,12,,50,9.482218595386627,0.0,9.482218595386627,9.482218595386627,nan,m,map,map
ex12_multi_simulation_moderate,bouss_mod_tri,mf6_mod_s60,depth_map_last,time_index:12,fallback_time_key,time_selector:last,12,12,,51,4.569076948453812,0.0,4.569076948453812,4.569076948453812,nan,m,map,map
ex12_multi_simulation_moderate,bouss_mod_tri,mf6_mod_s60,depth_map_last,time_index:12,fallback_time_key,time_selector:last,12,12,,52,13.577472984888416,0.0,13.577472984888416,13.577472984888416,nan,m,map,map
ex12_multi_simulation_moderate,bouss_mod_tri,mf6_mod_s60,depth_map_last,time_index:12,fallback_time_key,time_selector:last,12,12,,53,10.806124001246758,0.0,10.806124001246758,10.806124001246758,nan,m,map,map
ex12_multi_simulation_moderate,bouss_mod_tri,mf6_mod_s60,depth_map_last,time_index:12,fallback_time_key,time_selector:last,12,12,,54,11.592969736719283,0.0,11.592969736719283,11.592969736719283,nan,m,map,map
ex12_multi_simulation_moderate,bouss_mod_tri,mf6_mod_s60,depth_map_last,time_index:12,fallback_time_key,time_selector:last,12,12,,55,0.0,0.0,0.0,0.0,nan,m,map,map
ex12_multi_simulation_moderate,bouss_mod_tri,mf6_mod_s60,depth_map_last,time_index:12,fallback_time_key,time_selector:last,12,12,,56,10.665099947740444,0.0,10.665099947740444,10.665099947740444,nan,m,map,map
ex12_multi_simulation_moderate,bouss_mod_tri,mf6_mod_s60,depth_map_last,time_index:12,fallback_time_key,time_selector:last,12,12,,57,7.1958887032759264,0.0,7.1958887032759264,7.1958887032759264,nan,m,map,map
ex12_multi_simulation_moderate,bouss_mod_tri,mf6_mod_s60,depth_map_last,time_index:12,fallback_time_key,time_selector:last,12,12,,58,12.769588644276695,0.0,12.769588644276695,12.769588644276695,nan,m,map,map
ex12_multi_simulation_moderate,bouss_mod_tri,mf6_mod_s60,depth_map_last,time_index:12,fallback_time_key,time_selector:last,12,12,,59,13.950754549229373,0.0,13.950754549229373,13.950754549229373,nan,m,map,map
ex12_multi_simulation_moderate,bouss_mod_tri,mf6_mod_s60,depth_map_last,time_index:12,fallback_time_key,time_selector:last,12,12,,60,1.1927938760414918,0.0,1.1927938760414918,1.1927938760414918,nan,m,map,map
ex12_multi_simulation_moderate,bouss_mod_tri,mf6_mod_s60,depth_map_last,time_index:12,fallback_time_key,time_selector:last,12,12,,61,12.317206331621279,0.0,12.317206331621279,12.317206331621279,nan,m,map,map
ex12_multi_simulation_moderate,bouss_mod_tri,mf6_mod_s60,depth_map_last,time_index:12,fallback_time_key,time_selector:last,12,12,,62,12.987921590139266,0.0,12.987921590139266,12.987921590139266,nan,m,map,map
ex12_multi_simulation_moderate,bouss_mod_tri,mf6_mod_s60,depth_map_last,time_index:12,fallback_time_key,time_selector:last,12,12,,74,3.277422895971796,0.0,3.277422895971796,3.277422895971796,nan,m,map,map
ex12_multi_simulation_moderate,bouss_mod_tri,mf6_mod_s60,depth_map_last,time_index:12,fallback_time_key,time_selector:last,12,12,,75,2.5353477082338287,0.0,2.5353477082338287,2.5353477082338287,nan,m,map,map
ex12_multi_simulation_moderate,bouss_mod_tri,mf6_mod_s60,depth_map_last,time_index:12,fallback_time_key,time_selector:last,12,12,,76,13.754495136870617,0.0,13.754495136870617,13.754495136870617,nan,m,map,map
ex12_multi_simulation_moderate,bouss_mod_tri,mf6_mod_s60,depth_map_last,time_index:12,fallback_time_key,time_selector:last,12,12,,77,0.14199350136014743,0.0,0.14199350136014743,0.14199350136014743,nan,m,map,map
ex12_multi_simulation_moderate,bouss_mod_tri,mf6_mod_s60,depth_map_last,time_index:12,fallback_time_key,time_selector:last,12,12,,78,9.61709358262631,0.0,9.61709358262631,9.61709358262631,nan,m,map,map
ex12_multi_simulation_moderate,bouss_mod_tri,mf6_mod_s60,depth_map_last,time_index:12,fallback_time_key,time_selector:last,12,12,,79,8.936236578124579,0.0,8.936236578124579,8.936236578124579,nan,m,map,map
ex12_multi_simulation_moderate,bouss_mod_tri,mf6_mod_s60,depth_map_last,time_index:12,fallback_time_key,time_selector:last,12,12,,80,2.6740130163109512,0.0,2.6740130163109512,2.6740130163109512,nan,m,map,map
ex12_multi_simulation_moderate,bouss_mod_tri,mf6_mod_s60,depth_map_last,time_index:12,fallback_time_key,time_selector:last,12,12,,81,7.114519790840873,0.0,7.114519790840873,7.114519790840873,nan,m,map,map
ex12_multi_simulation_moderate,bouss_mod_tri,mf6_mod_s60,depth_map_last,time_index:12,fallback_time_key,time_selector:last,12,12,,100,3.4387867339103337,0.0,3.4387867339103337,3.4387867339103337,nan,m,map,map
ex12_multi_simulation_moderate,bouss_mod_tri,mf6_mod_s60,depth_map_last,time_index:12,fallback_time_key,time_selector:last,12,12,,101,6.081261120575633,0.0,6.081261120575633,6.081261120575633,nan,m,map,map
ex12_multi_simulation_moderate,bouss_mod_tri,mf6_mod_s60,depth_map_last,time_index:12,fallback_time_key,time_selector:last,12,12,,102,8.844020429352753,0.0,8.844020429352753,8.844020429352753,nan,m,map,map
ex12_multi_simulation_moderate,bouss_mod_tri,mf6_mod_s60,depth_map_last,time_index:12,fallback_time_key,time_selector:last,12,12,,103,9.252078096338366,0.0,9.252078096338366,9.252078096338366,nan,m,map,map
ex12_multi_simulation_moderate,bouss_mod_tri,mf6_mod_s60,depth_map_last,time_index:12,fallback_time_key,time_selector:last,12,12,,104,6.5739638845534785,0.0,6.5739638845534785,6.5739638845534785,nan,m,map,map
ex12_multi_simulation_moderate,bouss_mod_tri,mf6_mod_s60,depth_map_last,time_index:12,fallback_time_key,time_selector:last,12,12,,105,2.471938336275244,0.0,2.471938336275244,2.471938336275244,nan,m,map,map
ex12_multi_simulation_moderate,bouss_mod_tri,mf6_mod_s60,depth_map_last,time_index:12,fallback_time_key,time_selector:last,12,12,,106,9.468454182909227,0.0,9.468454182909227,9.468454182909227,nan,m,map,map
ex12_multi_simulation_moderate,bouss_mod_tri,mf6_mod_s60,depth_map_last,time_index:12,fallback_time_key,time_selector:last,12,12,,107,3.4564708387891017,0.0,3.4564708387891017,3.4564708387891017,nan,m,map,map
ex12_multi_simulation_moderate,bouss_mod_tri,mf6_mod_s60,depth_map_last,time_index:12,fallback_time_key,time_selector:last,12,12,,108,9.43444355000318,0.0,9.43444355000318,9.43444355000318,nan,m,map,map
ex12_multi_simulation_moderate,bouss_mod_tri,mf6_mod_s60,depth_map_last,time_index:12,fallback_time_key,time_selector:last,12,12,,109,4.429861459842414,0.0,4.429861459842414,4.429861459842414,nan,m,map,map
ex12_multi_simulation_moderate,bouss_mod_tri,mf6_mod_s60,depth_map_last,time_index:12,fallback_time_key,time_selector:last,12,12,,110,2.748880785125479,0.0,2.748880785125479,2.748880785125479,nan,m,map,map
ex12_multi_simulation_moderate,bouss_mod_tri,mf6_mod_s60,depth_map_last,time_index:12,fallback_time_key,time_selector:last,12,12,,111,13.801662206228585,0.0,13.801662206228585,13.801662206228585,nan,m,map,map
ex12_multi_simulation_moderate,bouss_mod_tri,mf6_mod_s60,depth_map_last,time_index:12,fallback_time_key,time_selector:last,12,12,,112,8.220798744674909,0.0,8.220798744674909,8.220798744674909,nan,m,map,map
ex12_multi_simulation_moderate,bouss_mod_tri,mf6_mod_s60,depth_map_last,time_index:12,fallback_time_key,time_selector:last,12,12,,113,0.02202334274510065,0.0,0.02202334274510065,0.02202334274510065,nan,m,map,map
ex12_multi_simulation_moderate,bouss_mod_tri,mf6_mod_s60,depth_map_last,time_index:12,fallback_time_key,time_selector:last,12,12,,114,5.731806709888872,0.0,5.731806709888872,5.731806709888872,nan,m,map,map
ex12_multi_simulation_moderate,bouss_mod_tri,mf6_mod_s60,depth_map_last,time_index:12,fallback_time_key,time_selector:last,12,12,,115,14.075447503374647,0.0,14.075447503374647,14.075447503374647,nan,m,map,map
ex12_multi_simulation_moderate,bouss_mod_tri,mf6_mod_s60,depth_map_last,time_index:12,fallback_time_key,time_selector:last,12,12,,116,11.991525507076588,0.0,11.991525507076588,11.991525507076588,nan,m,map,map
ex12_multi_simulation_moderate,bouss_mod_tri,mf6_mod_s60,depth_map_last,time_index:12,fallback_time_key,time_selector:last,12,12,,117,13.582391972870411,0.0,13.582391972870411,13.582391972870411,nan,m,map,map
ex12_multi_simulation_moderate,bouss_mod_tri,mf6_mod_s60,depth_map_last,time_index:12,fallback_time_key,time_selector:last,12,12,,118,12.801238149595193,0.0,12.801238149595193,12.801238149595193,nan,m,map,map
ex12_multi_simulation_moderate,bouss_mod_tri,mf6_mod_s60,depth_map_last,time_index:12,fallback_time_key,time_selector:last,12,12,,119,10.97235926285829,0.0,10.97235926285829,10.97235926285829,nan,m,map,map
ex12_multi_simulation_moderate,bouss_mod_tri,mf6_mod_s60,depth_map_last,time_index:12,fallback_time_key,time_selector:last,12,12,,120,13.106089400687367,0.0,13.106089400687367,13.106089400687367,nan,m,map,map
ex12_multi_simulation_moderate,bouss_mod_tri,mf6_mod_s60,depth_map_last,time_index:12,fallback_time_key,time_selector:last,12,12,,121,4.845920103869176,0.0,4.845920103869176,4.845920103869176,nan,m,map,map
ex12_multi_simulation_moderate,bouss_mod_tri,mf6_mod_s60,depth_map_last,time_index:12,fallback_time_key,time_selector:last,12,12,,122,1.2968694397740848,0.0,1.2968694397740848,1.2968694397740848,nan,m,map,map
ex12_multi_simulation_moderate,bouss_mod_tri,mf6_mod_s60,depth_map_last,time_index:12,fallback_time_key,time_selector:last,12,12,,134,13.093765326810114,0.0,13.093765326810114,13.093765326810114,nan,m,map,map
ex12_multi_simulation_moderate,bouss_mod_tri,mf6_mod_s60,depth_map_last,time_index:12,fallback_time_key,time_selector:last,12,12,,135,10.737129321183332,0.0,10.737129321183332,10.737129321183332,nan,m,map,map
ex12_multi_simulation_moderate,bouss_mod_tri,mf6_mod_s60,depth_map_last,time_index:12,fallback_time_key,time_selector:last,12,12,,136,13.44081655062078,0.0,13.44081655062078,13.44081655062078,nan,m,map,map
ex12_multi_simulation_moderate,bouss_mod_tri,mf6_mod_s60,depth_map_last,time_index:12,fallback_time_key,time_selector:last,12,12,,137,8.808706014017915,0.0,8.808706014017915,8.808706014017915,nan,m,map,map
ex12_multi_simulation_moderate,bouss_mod_tri,mf6_mod_s60,depth_map_last,time_index:12,fallback_time_key,time_selector:last,12,12,,138,6.924836793952082,0.0,6.924836793952082,6.924836793952082,nan,m,map,map
ex12_multi_simulation_moderate,bouss_mod_tri,mf6_mod_s60,depth_map_last,time_index:12,fallback_time_key,time_selector:last,12,12,,139,5.174777611216541e-05,0.0,5.174777611216541e-05,5.174777611216541e-05,nan,m,map,map
ex12_multi_simulation_moderate,bouss_mod_tri,mf6_mod_s60,depth_map_last,time_index:12,fallback_time_key,time_selector:last,12,12,,159,2.5472639424993986,0.0,2.5472639424993986,2.5472639424993986,nan,m,map,map
ex12_multi_simulation_moderate,bouss_mod_tri,mf6_mod_s60,depth_map_last,time_index:12,fallback_time_key,time_selector:last,12,12,,160,0.9537269574283584,0.0,0.9537269574283584,0.9537269574283584,nan,m,map,map
ex12_multi_simulation_moderate,bouss_mod_tri,mf6_mod_s60,depth_map_last,time_index:12,fallback_time_key,time_selector:last,12,12,,161,3.850256083323572,0.0,3.850256083323572,3.850256083323572,nan,m,map,map
ex12_multi_simulation_moderate,bouss_mod_tri,mf6_mod_s60,depth_map_last,time_index:12,fallback_time_key,time_selector:last,12,12,,162,7.987595830593364,0.0,7.987595830593364,7.987595830593364,nan,m,map,map
ex12_multi_simulation_moderate,bouss_mod_tri,mf6_mod_s60,depth_map_last,time_index:12,fallback_time_key,time_selector:last,12,12,,163,3.1337510036202616,0.0,3.1337510036202616,3.1337510036202616,nan,m,map,map
ex12_multi_simulation_moderate,bouss_mod_tri,mf6_mod_s60,depth_map_last,time_index:12,fallback_time_key,time_selector:last,12,12,,164,3.2308964784651266,0.0,3.2308964784651266,3.2308964784651266,nan,m,map,map
ex12_multi_simulation_moderate,bouss_mod_tri,mf6_mod_s60,depth_map_last,time_index:12,fallback_time_key,time_selector:last,12,12,,165,6.5467860038298085,0.0,6.5467860038298085,6.5467860038298085,nan,m,map,map
ex12_multi_simulation_moderate,bouss_mod_tri,mf6_mod_s60,depth_map_last,time_index:12,fallback_time_key,time_selector:last,12,12,,166,13.021206138725049,0.0,13.021206138725049,13.021206138725049,nan,m,map,map
ex12_multi_simulation_moderate,bouss_mod_tri,mf6_mod_s60,depth_map_last,time_index:12,fallback_time_key,time_selector:last,12,12,,167,11.317115326323915,0.0,11.317115326323915,11.317115326323915,nan,m,map,map
ex12_multi_simulation_moderate,bouss_mod_tri,mf6_mod_s60,depth_map_last,time_index:12,fallback_time_key,time_selector:last,12,12,,168,12.851938823172787,0.0,12.851938823172787,12.851938823172787,nan,m,map,map
ex12_multi_simulation_moderate,bouss_mod_tri,mf6_mod_s60,depth_map_last,time_index:12,fallback_time_key,time_selector:last,12,12,,169,9.23713851705152,0.0,9.23713851705152,9.23713851705152,nan,m,map,map
ex12_multi_simulation_moderate,bouss_mod_tri,mf6_mod_s60,depth_map_last,time_index:12,fallback_time_key,time_selector:last,12,12,,170,11.143975858863655,0.0,11.143975858863655,11.143975858863655,nan,m,map,map
ex12_multi_simulation_moderate,bouss_mod_tri,mf6_mod_s60,depth_map_last,time_index:12,fallback_time_key,time_selector:last,12,12,,171,0.1023589104628968,0.0,0.1023589104628968,0.1023589104628968,nan,m,map,map
ex12_multi_simulation_moderate,bouss_mod_tri,mf6_mod_s60,depth_map_last,time_index:12,fallback_time_key,time_selector:last,12,12,,172,10.002069908064541,0.0,10.002069908064541,10.002069908064541,nan,m,map,map
ex12_multi_simulation_moderate,bouss_mod_tri,mf6_mod_s60,depth_map_last,time_index:12,fallback_time_key,time_selector:last,12,12,,173,13.234706302534676,0.0,13.234706302534676,13.234706302534676,nan,m,map,map
ex12_multi_simulation_moderate,bouss_mod_tri,mf6_mod_s60,depth_map_last,time_index:12,fallback_time_key,time_selector:last,12,12,,174,0.0048845453294887875,0.0,0.0048845453294887875,0.0048845453294887875,nan,m,map,map
ex12_multi_simulation_moderate,bouss_mod_tri,mf6_mod_s60,depth_map_last,time_index:12,fallback_time_key,time_selector:last,12,12,,175,8.89253052707302,0.0,8.89253052707302,8.89253052707302,nan,m,map,map
ex12_multi_simulation_moderate,bouss_mod_tri,mf6_mod_s60,depth_map_last,time_index:12,fallback_time_key,time_selector:last,12,12,,176,2.796305178084026,0.0,2.796305178084026,2.796305178084026,nan,m,map,map
ex12_multi_simulation_moderate,bouss_mod_tri,mf6_mod_s60,depth_map_last,time_index:12,fallback_time_key,time_selector:last,12,12,,177,13.46977022575686,0.0,13.46977022575686,13.46977022575686,nan,m,map,map
ex12_multi_simulation_moderate,bouss_mod_tri,mf6_mod_s60,depth_map_last,time_index:12,fallback_time_key,time_selector:last,12,12,,178,4.997233922835761,0.0,4.997233922835761,4.997233922835761,nan,m,map,map
ex12_multi_simulation_moderate,bouss_mod_tri,mf6_mod_s60,depth_map_last,time_index:12,fallback_time_key,time_selector:last,12,12,,179,9.380056371555781,0.0,9.380056371555781,9.380056371555781,nan,m,map,map
ex12_multi_simulation_moderate,bouss_mod_tri,mf6_mod_s60,depth_map_last,time_index:12,fallback_time_key,time_selector:last,12,12,,180,5.322679107186872,0.0,5.322679107186872,5.322679107186872,nan,m,map,map
ex12_multi_simulation_moderate,bouss_mod_tri,mf6_mod_s60,depth_map_last,time_index:12,fallback_time_key,time_selector:last,12,12,,181,13.347650604808535,0.0,13.347650604808535,13.347650604808535,nan,m,map,map
ex12_multi_simulation_moderate,bouss_mod_tri,mf6_mod_s60,depth_map_last,time_index:12,fallback_time_key,time_selector:last,12,12,,218,9.649159821826103,0.0,9.649159821826103,9.649159821826103,nan,m,map,map
ex12_multi_simulation_moderate,bouss_mod_tri,mf6_mod_s60,depth_map_last,time_index:12,fallback_time_key,time_selector:last,12,12,,219,8.793297935262203,0.0,8.793297935262203,8.793297935262203,nan,m,map,map
ex12_multi_simulation_moderate,bouss_mod_tri,mf6_mod_s60,depth_map_last,time_index:12,fallback_time_key,time_selector:last,12,12,,220,2.3351624189277373,0.0,2.3351624189277373,2.3351624189277373,nan,m,map,map
ex12_multi_simulation_moderate,bouss_mod_tri,mf6_mod_s60,depth_map_last,time_index:12,fallback_time_key,time_selector:last,12,12,,221,6.199774925869818,0.0,6.199774925869818,6.199774925869818,nan,m,map,map
ex12_multi_simulation_moderate,bouss_mod_tri,mf6_mod_s60,depth_map_last,time_index:12,fallback_time_key,time_selector:last,12,12,,222,14.3011121305192,0.0,14.3011121305192,14.3011121305192,nan,m,map,map
ex12_multi_simulation_moderate,bouss_mod_tri,mf6_mod_s60,depth_map_last,time_index:12,fallback_time_key,time_selector:last,12,12,,223,2.069805080174376,0.0,2.069805080174376,2.069805080174376,nan,m,map,map
ex12_multi_simulation_moderate,bouss_mod_tri,mf6_mod_s60,depth_map_last,time_index:12,fallback_time_key,time_selector:last,12,12,,224,11.351287289795835,0.0,11.351287289795835,11.351287289795835,nan,m,map,map
ex12_multi_simulation_moderate,bouss_mod_tri,mf6_mod_s60,depth_map_last,time_index:12,fallback_time_key,time_selector:last,12,12,,225,2.5016606159917814,0.0,2.5016606159917814,2.5016606159917814,nan,m,map,map
ex12_multi_simulation_moderate,bouss_mod_tri,mf6_mod_s60,depth_map_last,time_index:12,fallback_time_key,time_selector:last,12,12,,226,10.124263242722478,0.0,10.124263242722478,10.124263242722478,nan,m,map,map
ex12_multi_simulation_moderate,bouss_mod_tri,mf6_mod_s60,depth_map_last,time_index:12,fallback_time_key,time_selector:last,12,12,,227,5.382875726121014,0.0,5.382875726121014,5.382875726121014,nan,m,map,map
ex12_multi_simulation_moderate,bouss_mod_tri,mf6_mod_s60,depth_map_last,time_index:12,fallback_time_key,time_selector:last,12,12,,228,9.680558236940982,0.0,9.680558236940982,9.680558236940982,nan,m,map,map
ex12_multi_simulation_moderate,bouss_mod_tri,mf6_mod_s60,depth_map_last,time_index:12,fallback_time_key,time_selector:last,12,12,,229,5.856346155171892,0.0,5.856346155171892,5.856346155171892,nan,m,map,map
ex12_multi_simulation_moderate,bouss_mod_tri,mf6_mod_s60,depth_map_last,time_index:12,fallback_time_key,time_selector:last,12,12,,230,6.341172984989001,0.0,6.341172984989001,6.341172984989001,nan,m,map,map
ex12_multi_simulation_moderate,bouss_mod_tri,mf6_mod_s60,depth_map_last,time_index:12,fallback_time_key,time_selector:last,12,12,,231,8.760967585927588,0.0,8.760967585927588,8.760967585927588,nan,m,map,map
ex12_multi_simulation_moderate,bouss_mod_tri,mf6_mod_s60,depth_map_last,time_index:12,fallback_time_key,time_selector:last,12,12,,232,7.056230648963663,0.0,7.056230648963663,7.056230648963663,nan,m,map,map
ex12_multi_simulation_moderate,bouss_mod_tri,mf6_mod_s60,depth_map_last,time_index:12,fallback_time_key,time_selector:last,12,12,,233,13.248720441279943,0.0,13.248720441279943,13.248720441279943,nan,m,map,map
ex12_multi_simulation_moderate,bouss_mod_tri,mf6_mod_s60,depth_map_last,time_index:12,fallback_time_key,time_selector:last,12,12,,234,8.017049554162355,0.0,8.017049554162355,8.017049554162355,nan,m,map,map
ex12_multi_simulation_moderate,bouss_mod_tri,mf6_mod_s60,depth_map_last,time_index:12,fallback_time_key,time_selector:last,12,12,,235,0.0,0.0,0.0,0.0,nan,m,map,map
ex12_multi_simulation_moderate,bouss_mod_tri,mf6_mod_s60,depth_map_last,time_index:12,fallback_time_key,time_selector:last,12,12,,236,4.1048408907116425,0.0,4.1048408907116425,4.1048408907116425,nan,m,map,map
ex12_multi_simulation_moderate,bouss_mod_tri,mf6_mod_s60,depth_map_last,time_index:12,fallback_time_key,time_selector:last,12,12,,237,11.731190035230156,0.0,11.731190035230156,11.731190035230156,nan,m,map,map
ex12_multi_simulation_moderate,bouss_mod_tri,mf6_mod_s60,depth_map_last,time_index:12,fallback_time_key,time_selector:last,12,12,,238,9.179649146490732,0.0,9.179649146490732,9.179649146490732,nan,m,map,map
ex12_multi_simulation_moderate,bouss_mod_tri,mf6_mod_s60,depth_map_last,time_index:12,fallback_time_key,time_selector:last,12,12,,239,11.492289777754948,0.0,11.492289777754948,11.492289777754948,nan,m,map,map
ex12_multi_simulation_moderate,bouss_mod_tri,mf6_mod_s60,depth_map_last,time_index:12,fallback_time_key,time_selector:last,12,12,,240,12.906969726175063,0.0,12.906969726175063,12.906969726175063,nan,m,map,map
ex12_multi_simulation_moderate,bouss_mod_tri,mf6_mod_s60,depth_map_last,time_index:12,fallback_time_key,time_selector:last,12,12,,278,10.989483060967729,0.0,10.989483060967729,10.989483060967729,nan,m,map,map
ex12_multi_simulation_moderate,bouss_mod_tri,mf6_mod_s60,depth_map_last,time_index:12,fallback_time_key,time_selector:last,12,12,,279,7.780312948485843,0.0,7.780312948485843,7.780312948485843,nan,m,map,map
ex12_multi_simulation_moderate,bouss_mod_tri,mf6_mod_s60,depth_map_last,time_index:12,fallback_time_key,time_selector:last,12,12,,280,11.702351409056277,0.0,11.702351409056277,11.702351409056277,nan,m,map,map
ex12_multi_simulation_moderate,bouss_mod_tri,mf6_mod_s60,depth_map_last,time_index:12,fallback_time_key,time_selector:last,12,12,,281,6.420103144685399,0.0,6.420103144685399,6.420103144685399,nan,m,map,map
ex12_multi_simulation_moderate,bouss_mod_tri,mf6_mod_s60,depth_map_last,time_index:12,fallback_time_key,time_selector:last,12,12,,282,9.86580882511359,0.0,9.86580882511359,9.86580882511359,nan,m,map,map
ex12_multi_simulation_moderate,bouss_mod_tri,mf6_mod_s60,depth_map_last,time_index:12,fallback_time_key,time_selector:last,12,12,,283,2.34865936152201,0.0,2.34865936152201,2.34865936152201,nan,m,map,map
ex12_multi_simulation_moderate,bouss_mod_tri,mf6_mod_s60,depth_map_last,time_index:12,fallback_time_key,time_selector:last,12,12,,284,4.166020195253125,0.0,4.166020195253125,4.166020195253125,nan,m,map,map
ex12_multi_simulation_moderate,bouss_mod_tri,mf6_mod_s60,depth_map_last,time_index:12,fallback_time_key,time_selector:last,12,12,,285,6.637498163164523,0.0,6.637498163164523,6.637498163164523,nan,m,map,map
ex12_multi_simulation_moderate,bouss_mod_tri,mf6_mod_s60,depth_map_last,time_index:12,fallback_time_key,time_selector:last,12,12,,286,13.967538062453542,0.0,13.967538062453542,13.967538062453542,nan,m,map,map
ex12_multi_simulation_moderate,bouss_mod_tri,mf6_mod_s60,depth_map_last,time_index:12,fallback_time_key,time_selector:last,12,12,,287,3.9487393360640652,0.0,3.9487393360640652,3.9487393360640652,nan,m,map,map
ex12_multi_simulation_moderate,bouss_mod_tri,mf6_mod_s60,depth_map_last,time_index:12,fallback_time_key,time_selector:last,12,12,,288,1.1242417356385346,0.0,1.1242417356385346,1.1242417356385346,nan,m,map,map
ex12_multi_simulation_moderate,bouss_mod_tri,mf6_mod_s60,depth_map_last,time_index:12,fallback_time_key,time_selector:last,12,12,,289,9.02946911719711,0.0,9.02946911719711,9.02946911719711,nan,m,map,map
ex12_multi_simulation_moderate,bouss_mod_tri,mf6_mod_s60,depth_map_last,time_index:12,fallback_time_key,time_selector:last,12,12,,290,8.698206143722643,0.0,8.698206143722643,8.698206143722643,nan,m,map,map
ex12_multi_simulation_moderate,bouss_mod_tri,mf6_mod_s60,depth_map_last,time_index:12,fallback_time_key,time_selector:last,12,12,,291,12.50379254127111,0.0,12.50379254127111,12.50379254127111,nan,m,map,map
ex12_multi_simulation_moderate,bouss_mod_tri,mf6_mod_s60,depth_map_last,time_index:12,fallback_time_key,time_selector:last,12,12,,292,2.805962776894262,0.0,2.805962776894262,2.805962776894262,nan,m,map,map
ex12_multi_simulation_moderate,bouss_mod_tri,mf6_mod_s60,depth_map_last,time_index:12,fallback_time_key,time_selector:last,12,12,,293,11.733707577032149,0.0,11.733707577032149,11.733707577032149,nan,m,map,map
ex12_multi_simulation_moderate,bouss_mod_tri,mf6_mod_s60,depth_map_last,time_index:12,fallback_time_key,time_selector:last,12,12,,294,7.791582463868679,0.0,7.791582463868679,7.791582463868679,nan,m,map,map
ex12_multi_simulation_moderate,bouss_mod_tri,mf6_mod_s60,depth_map_last,time_index:12,fallback_time_key,time_selector:last,12,12,,295,6.850231907048183,0.0,6.850231907048183,6.850231907048183,nan,m,map,map
ex12_multi_simulation_moderate,bouss_mod_tri,mf6_mod_s60,depth_map_last,time_index:12,fallback_time_key,time_selector:last,12,12,,296,5.723232624257037,0.0,5.723232624257037,5.723232624257037,nan,m,map,map
ex12_multi_simulation_moderate,bouss_mod_tri,mf6_mod_s60,depth_map_last,time_index:12,fallback_time_key,time_selector:last,12,12,,297,2.048214523816114,0.0,2.048214523816114,2.048214523816114,nan,m,map,map
ex12_multi_simulation_moderate,bouss_mod_tri,mf6_mod_s60,depth_map_last,time_index:12,fallback_time_key,time_selector:last,12,12,,298,2.5957409230966704,0.0,2.5957409230966704,2.5957409230966704,nan,m,map,map
ex12_multi_simulation_moderate,bouss_mod_tri,mf6_mod_s60,depth_map_last,time_index:12,fallback_time_key,time_selector:last,12,12,,299,0.37710948292738067,0.0,0.37710948292738067,0.37710948292738067,nan,m,map,map
ex12_multi_simulation_moderate,bouss_mod_tri,mf6_mod_s60,depth_map_last,time_index:12,fallback_time_key,time_selector:last,12,12,,339,0.00011517451562781389,0.0,0.00011517451562781389,0.00011517451562781389,nan,m,map,map
ex12_multi_simulation_moderate,bouss_mod_tri,mf6_mod_s60,depth_map_last,time_index:12,fallback_time_key,time_selector:last,12,12,,340,0.0,0.0,0.0,0.0,nan,m,map,map
ex12_multi_simulation_moderate,bouss_mod_tri,mf6_mod_s60,depth_map_last,time_index:12,fallback_time_key,time_selector:last,12,12,,341,9.530430312236476,0.0,9.530430312236476,9.530430312236476,nan,m,map,map
ex12_multi_simulation_moderate,bouss_mod_tri,mf6_mod_s60,depth_map_last,time_index:12,fallback_time_key,time_selector:last,12,12,,342,2.4940760567915277e-09,0.0,2.4940760567915277e-09,2.4940760567915277e-09,nan,m,map,map
ex12_multi_simulation_moderate,bouss_mod_tri,mf6_mod_s60,depth_map_last,time_index:12,fallback_time_key,time_selector:last,12,12,,343,3.052934418930107,0.0,3.052934418930107,3.052934418930107,nan,m,map,map
ex12_multi_simulation_moderate,bouss_mod_tri,mf6_mod_s60,depth_map_last,time_index:12,fallback_time_key,time_selector:last,12,12,,344,12.116403596597777,0.0,12.116403596597777,12.116403596597777,nan,m,map,map
ex12_multi_simulation_moderate,bouss_mod_tri,mf6_mod_s60,depth_map_last,time_index:12,fallback_time_key,time_selector:last,12,12,,345,7.588316403258702,0.0,7.588316403258702,7.588316403258702,nan,m,map,map
ex12_multi_simulation_moderate,bouss_mod_tri,mf6_mod_s60,depth_map_last,time_index:12,fallback_time_key,time_selector:last,12,12,,346,7.448526037950572,0.0,7.448526037950572,7.448526037950572,nan,m,map,map
ex12_multi_simulation_moderate,bouss_mod_tri,mf6_mod_s60,depth_map_last,time_index:12,fallback_time_key,time_selector:last,12,12,,347,9.675248133239123,0.0,9.675248133239123,9.675248133239123,nan,m,map,map
ex12_multi_simulation_moderate,bouss_mod_tri,mf6_mod_s60,depth_map_last,time_index:12,fallback_time_key,time_selector:last,12,12,,348,12.052048349300833,0.0,12.052048349300833,12.052048349300833,nan,m,map,map
ex12_multi_simulation_moderate,bouss_mod_tri,mf6_mod_s60,depth_map_last,time_index:12,fallback_time_key,time_selector:last,12,12,,349,8.299194661272622,0.0,8.299194661272622,8.299194661272622,nan,m,map,map
ex12_multi_simulation_moderate,bouss_mod_tri,mf6_mod_s60,depth_map_last,time_index:12,fallback_time_key,time_selector:last,12,12,,350,7.795849290865817,0.0,7.795849290865817,7.795849290865817,nan,m,map,map
ex12_multi_simulation_moderate,bouss_mod_tri,mf6_mod_s60,depth_map_last,time_index:12,fallback_time_key,time_selector:last,12,12,,351,7.393589682169761,0.0,7.393589682169761,7.393589682169761,nan,m,map,map
ex12_multi_simulation_moderate,bouss_mod_tri,mf6_mod_s60,depth_map_last,time_index:12,fallback_time_key,time_selector:last,12,12,,352,8.634106591837664,0.0,8.634106591837664,8.634106591837664,nan,m,map,map
ex12_multi_simulation_moderate,bouss_mod_tri,mf6_mod_s60,depth_map_last,time_index:12,fallback_time_key,time_selector:last,12,12,,353,13.861486972074673,0.0,13.861486972074673,13.861486972074673,nan,m,map,map
ex12_multi_simulation_moderate,bouss_mod_tri,mf6_mod_s60,depth_map_last,time_index:12,fallback_time_key,time_selector:last,12,12,,354,12.029101889316863,0.0,12.029101889316863,12.029101889316863,nan,m,map,map
ex12_multi_simulation_moderate,bouss_mod_tri,mf6_mod_s60,depth_map_last,time_index:12,fallback_time_key,time_selector:last,12,12,,355,4.858511083401737,0.0,4.858511083401737,4.858511083401737,nan,m,map,map
ex12_multi_simulation_moderate,bouss_mod_tri,mf6_mod_s60,depth_map_last,time_index:12,fallback_time_key,time_selector:last,12,12,,356,7.988435365047252,0.0,7.988435365047252,7.988435365047252,nan,m,map,map
ex12_multi_simulation_moderate,bouss_mod_tri,mf6_mod_s60,depth_map_last,time_index:12,fallback_time_key,time_selector:last,12,12,,357,12.267035937330448,0.0,12.267035937330448,12.267035937330448,nan,m,map,map
ex12_multi_simulation_moderate,bouss_mod_tri,mf6_mod_s60,depth_map_last,time_index:12,fallback_time_key,time_selector:last,12,12,,358,12.24014000404756,0.0,12.24014000404756,12.24014000404756,nan,m,map,map
ex12_multi_simulation_moderate,bouss_mod_tri,mf6_mod_s60,depth_map_last,time_index:12,fallback_time_key,time_selector:last,12,12,,359,3.2139201528008243,0.0,3.2139201528008243,3.2139201528008243,nan,m,map,map
ex12_multi_simulation_moderate,bouss_mod_tri,mf6_mod_s60,depth_map_last,time_index:12,fallback_time_key,time_selector:last,12,12,,399,13.02489331411266,0.0,13.02489331411266,13.02489331411266,nan,m,map,map
ex12_multi_simulation_moderate,bouss_mod_tri,mf6_mod_s60,depth_map_last,time_index:12,fallback_time_key,time_selector:last,12,12,,400,12.782125876078055,0.0,12.782125876078055,12.782125876078055,nan,m,map,map
ex12_multi_simulation_moderate,bouss_mod_tri,mf6_mod_s60,depth_map_last,time_index:12,fallback_time_key,time_selector:last,12,12,,401,9.73769852796758,0.0,9.73769852796758,9.73769852796758,nan,m,map,map
ex12_multi_simulation_moderate,bouss_mod_tri,mf6_mod_s60,depth_map_last,time_index:12,fallback_time_key,time_selector:last,12,12,,402,13.190970562952927,0.0,13.190970562952927,13.190970562952927,nan,m,map,map
ex12_multi_simulation_moderate,bouss_mod_tri,mf6_mod_s60,depth_map_last,time_index:12,fallback_time_key,time_selector:last,12,12,,403,10.773844259168001,0.0,10.773844259168001,10.773844259168001,nan,m,map,map
ex12_multi_simulation_moderate,bouss_mod_tri,mf6_mod_s60,depth_map_last,time_index:12,fallback_time_key,time_selector:last,12,12,,404,10.547799880377852,0.0,10.547799880377852,10.547799880377852,nan,m,map,map
ex12_multi_simulation_moderate,bouss_mod_tri,mf6_mod_s60,depth_map_last,time_index:12,fallback_time_key,time_selector:last,12,12,,405,13.075364169076039,0.0,13.075364169076039,13.075364169076039,nan,m,map,map
ex12_multi_simulation_moderate,bouss_mod_tri,mf6_mod_s60,depth_map_last,time_index:12,fallback_time_key,time_selector:last,12,12,,406,11.325383175594865,0.0,11.325383175594865,11.325383175594865,nan,m,map,map
ex12_multi_simulation_moderate,bouss_mod_tri,mf6_mod_s60,depth_map_last,time_index:12,fallback_time_key,time_selector:last,12,12,,407,13.141317357307202,0.0,13.141317357307202,13.141317357307202,nan,m,map,map
ex12_multi_simulation_moderate,bouss_mod_tri,mf6_mod_s60,depth_map_last,time_index:12,fallback_time_key,time_selector:last,12,12,,408,10.323707338119974,0.0,10.323707338119974,10.323707338119974,nan,m,map,map
ex12_multi_simulation_moderate,bouss_mod_tri,mf6_mod_s60,depth_map_last,time_index:12,fallback_time_key,time_selector:last,12,12,,409,12.22504246145175,0.0,12.22504246145175,12.22504246145175,nan,m,map,map
ex12_multi_simulation_moderate,bouss_mod_tri,mf6_mod_s60,depth_map_last,time_index:12,fallback_time_key,time_selector:last,12,12,,410,0.0173276102930231,0.0,0.0173276102930231,0.0173276102930231,nan,m,map,map
ex12_multi_simulation_moderate,bouss_mod_tri,mf6_mod_s60,depth_map_last,time_index:12,fallback_time_key,time_selector:last,12,12,,411,10.438117831384076,0.0,10.438117831384076,10.438117831384076,nan,m,map,map
ex12_multi_simulation_moderate,bouss_mod_tri,mf6_mod_s60,depth_map_last,time_index:12,fallback_time_key,time_selector:last,12,12,,412,10.443286656941865,0.0,10.443286656941865,10.443286656941865,nan,m,map,map
ex12_multi_simulation_moderate,bouss_mod_tri,mf6_mod_s60,depth_map_last,time_index:12,fallback_time_key,time_selector:last,12,12,,413,8.59406526517428,0.0,8.59406526517428,8.59406526517428,nan,m,map,map
ex12_multi_simulation_moderate,bouss_mod_tri,mf6_mod_s60,depth_map_last,time_index:12,fallback_time_key,time_selector:last,12,12,,414,0.0,0.0,0.0,0.0,nan,m,map,map
ex12_multi_simulation_moderate,bouss_mod_tri,mf6_mod_s60,depth_map_last,time_index:12,fallback_time_key,time_selector:last,12,12,,415,7.351853561535606,0.0,7.351853561535606,7.351853561535606,nan,m,map,map
ex12_multi_simulation_moderate,bouss_mod_tri,mf6_mod_s60,depth_map_last,time_index:12,fallback_time_key,time_selector:last,12,12,,416,10.39509996211109,0.0,10.39509996211109,10.39509996211109,nan,m,map,map
ex12_multi_simulation_moderate,bouss_mod_tri,mf6_mod_s60,depth_map_last,time_index:12,fallback_time_key,time_selector:last,12,12,,417,8.049860988245882,0.0,8.049860988245882,8.049860988245882,nan,m,map,map
ex12_multi_simulation_moderate,bouss_mod_tri,mf6_mod_s60,depth_map_last,time_index:12,fallback_time_key,time_selector:last,12,12,,418,13.68465117301686,0.0,13.68465117301686,13.68465117301686,nan,m,map,map
ex12_multi_simulation_moderate,bouss_mod_tri,mf6_mod_s60,depth_map_last,time_index:12,fallback_time_key,time_selector:last,12,12,,419,12.44517404631074,0.0,12.44517404631074,12.44517404631074,nan,m,map,map
ex12_multi_simulation_moderate,bouss_mod_tri,mf6_mod_s60,depth_map_last,time_index:12,fallback_time_key,time_selector:last,12,12,,458,11.680469214699798,0.0,11.680469214699798,11.680469214699798,nan,m,map,map
ex12_multi_simulation_moderate,bouss_mod_tri,mf6_mod_s60,depth_map_last,time_index:12,fallback_time_key,time_selector:last,12,12,,459,9.263416700329884,0.0,9.263416700329884,9.263416700329884,nan,m,map,map
ex12_multi_simulation_moderate,bouss_mod_tri,mf6_mod_s60,depth_map_last,time_index:12,fallback_time_key,time_selector:last,12,12,,460,5.743313387479674,0.0,5.743313387479674,5.743313387479674,nan,m,map,map
ex12_multi_simulation_moderate,bouss_mod_tri,mf6_mod_s60,depth_map_last,time_index:12,fallback_time_key,time_selector:last,12,12,,461,9.298461899589455,0.0,9.298461899589455,9.298461899589455,nan,m,map,map
ex12_multi_simulation_moderate,bouss_mod_tri,mf6_mod_s60,depth_map_last,time_index:12,fallback_time_key,time_selector:last,12,12,,462,9.70572819961886,0.0,9.70572819961886,9.70572819961886,nan,m,map,map
ex12_multi_simulation_moderate,bouss_mod_tri,mf6_mod_s60,depth_map_last,time_index:12,fallback_time_key,time_selector:last,12,12,,463,8.816620923201882,0.0,8.816620923201882,8.816620923201882,nan,m,map,map
ex12_multi_simulation_moderate,bouss_mod_tri,mf6_mod_s60,depth_map_last,time_index:12,fallback_time_key,time_selector:last,12,12,,464,13.272632624650484,0.0,13.272632624650484,13.272632624650484,nan,m,map,map
ex12_multi_simulation_moderate,bouss_mod_tri,mf6_mod_s60,depth_map_last,time_index:12,fallback_time_key,time_selector:last,12,12,,465,8.340217153503488,0.0,8.340217153503488,8.340217153503488,nan,m,map,map
ex12_multi_simulation_moderate,bouss_mod_tri,mf6_mod_s60,depth_map_last,time_index:12,fallback_time_key,time_selector:last,12,12,,466,11.559841014566445,0.0,11.559841014566445,11.559841014566445,nan,m,map,map
ex12_multi_simulation_moderate,bouss_mod_tri,mf6_mod_s60,depth_map_last,time_index:12,fallback_time_key,time_selector:last,12,12,,467,1.3359539504190252,0.0,1.3359539504190252,1.3359539504190252,nan,m,map,map
ex12_multi_simulation_moderate,bouss_mod_tri,mf6_mod_s60,depth_map_last,time_index:12,fallback_time_key,time_selector:last,12,12,,468,4.145791760646475,0.0,4.145791760646475,4.145791760646475,nan,m,map,map
ex12_multi_simulation_moderate,bouss_mod_tri,mf6_mod_s60,depth_map_last,time_index:12,fallback_time_key,time_selector:last,12,12,,469,5.981038283254321,0.0,5.981038283254321,5.981038283254321,nan,m,map,map
ex12_multi_simulation_moderate,bouss_mod_tri,mf6_mod_s60,depth_map_last,time_index:12,fallback_time_key,time_selector:last,12,12,,470,0.0,0.0,0.0,0.0,nan,m,map,map
ex12_multi_simulation_moderate,bouss_mod_tri,mf6_mod_s60,depth_map_last,time_index:12,fallback_time_key,time_selector:last,12,12,,471,7.6784993888272055,0.0,7.6784993888272055,7.6784993888272055,nan,m,map,map
ex12_multi_simulation_moderate,bouss_mod_tri,mf6_mod_s60,depth_map_last,time_index:12,fallback_time_key,time_selector:last,12,12,,472,5.297983544321923,0.0,5.297983544321923,5.297983544321923,nan,m,map,map
ex12_multi_simulation_moderate,bouss_mod_tri,mf6_mod_s60,depth_map_last,time_index:12,fallback_time_key,time_selector:last,12,12,,473,0.0,0.0,0.0,0.0,nan,m,map,map
ex12_multi_simulation_moderate,bouss_mod_tri,mf6_mod_s60,depth_map_last,time_index:12,fallback_time_key,time_selector:last,12,12,,474,6.019571532141285,0.0,6.019571532141285,6.019571532141285,nan,m,map,map
ex12_multi_simulation_moderate,bouss_mod_tri,mf6_mod_s60,depth_map_last,time_index:12,fallback_time_key,time_selector:last,12,12,,475,0.4013326159856945,0.0,0.4013326159856945,0.4013326159856945,nan,m,map,map
ex12_multi_simulation_moderate,bouss_mod_tri,mf6_mod_s60,depth_map_last,time_index:12,fallback_time_key,time_selector:last,12,12,,476,13.708127783247932,0.0,13.708127783247932,13.708127783247932,nan,m,map,map
ex12_multi_simulation_moderate,bouss_mod_tri,mf6_mod_s60,depth_map_last,time_index:12,fallback_time_key,time_selector:last,12,12,,477,8.78794293713976,0.0,8.78794293713976,8.78794293713976,nan,m,map,map
ex12_multi_simulation_moderate,bouss_mod_tri,mf6_mod_s60,depth_map_last,time_index:12,fallback_time_key,time_selector:last,12,12,,478,8.494700871277686,0.0,8.494700871277686,8.494700871277686,nan,m,map,map
ex12_multi_simulation_moderate,bouss_mod_tri,mf6_mod_s60,depth_map_last,time_index:12,fallback_time_key,time_selector:last,12,12,,479,8.538801426398905,0.0,8.538801426398905,8.538801426398905,nan,m,map,map
ex12_multi_simulation_moderate,bouss_mod_tri,mf6_mod_s60,depth_map_last,time_index:12,fallback_time_key,time_selector:last,12,12,,518,2.7147842529137023,0.0,2.7147842529137023,2.7147842529137023,nan,m,map,map
ex12_multi_simulation_moderate,bouss_mod_tri,mf6_mod_s60,depth_map_last,time_index:12,fallback_time_key,time_selector:last,12,12,,519,8.624076679848685,0.0,8.624076679848685,8.624076679848685,nan,m,map,map
ex12_multi_simulation_moderate,bouss_mod_tri,mf6_mod_s60,depth_map_last,time_index:12,fallback_time_key,time_selector:last,12,12,,520,3.8731699068714533,0.0,3.8731699068714533,3.8731699068714533,nan,m,map,map
ex12_multi_simulation_moderate,bouss_mod_tri,mf6_mod_s60,depth_map_last,time_index:12,fallback_time_key,time_selector:last,12,12,,521,8.260986770886092,0.0,8.260986770886092,8.260986770886092,nan,m,map,map
ex12_multi_simulation_moderate,bouss_mod_tri,mf6_mod_s60,depth_map_last,time_index:12,fallback_time_key,time_selector:last,12,12,,522,11.07218047241038,0.0,11.07218047241038,11.07218047241038,nan,m,map,map
ex12_multi_simulation_moderate,bouss_mod_tri,mf6_mod_s60,depth_map_last,time_index:12,fallback_time_key,time_selector:last,12,12,,523,8.564592261942892,0.0,8.564592261942892,8.564592261942892,nan,m,map,map
ex12_multi_simulation_moderate,bouss_mod_tri,mf6_mod_s60,depth_map_last,time_index:12,fallback_time_key,time_selector:last,12,12,,524,0.027483838309549924,0.0,0.027483838309549924,0.027483838309549924,nan,m,map,map
ex12_multi_simulation_moderate,bouss_mod_tri,mf6_mod_s60,depth_map_last,time_index:12,fallback_time_key,time_selector:last,12,12,,525,11.822998386344452,0.0,11.822998386344452,11.822998386344452,nan,m,map,map
ex12_multi_simulation_moderate,bouss_mod_tri,mf6_mod_s60,depth_map_last,time_index:12,fallback_time_key,time_selector:last,12,12,,526,0.07426437665385777,0.0,0.07426437665385777,0.07426437665385777,nan,m,map,map
ex12_multi_simulation_moderate,bouss_mod_tri,mf6_mod_s60,depth_map_last,time_index:12,fallback_time_key,time_selector:last,12,12,,527,0.0,0.0,0.0,0.0,nan,m,map,map
ex12_multi_simulation_moderate,bouss_mod_tri,mf6_mod_s60,depth_map_last,time_index:12,fallback_time_key,time_selector:last,12,12,,528,4.505334828065628,0.0,4.505334828065628,4.505334828065628,nan,m,map,map
ex12_multi_simulation_moderate,bouss_mod_tri,mf6_mod_s60,depth_map_last,time_index:12,fallback_time_key,time_selector:last,12,12,,529,11.690806163217061,0.0,11.690806163217061,11.690806163217061,nan,m,map,map
ex12_multi_simulation_moderate,bouss_mod_tri,mf6_mod_s60,depth_map_last,time_index:12,fallback_time_key,time_selector:last,12,12,,530,9.862452489183838,0.0,9.862452489183838,9.862452489183838,nan,m,map,map
ex12_multi_simulation_moderate,bouss_mod_tri,mf6_mod_s60,depth_map_last,time_index:12,fallback_time_key,time_selector:last,12,12,,531,0.0,0.0,0.0,0.0,nan,m,map,map
ex12_multi_simulation_moderate,bouss_mod_tri,mf6_mod_s60,depth_map_last,time_index:12,fallback_time_key,time_selector:last,12,12,,532,11.376023287983458,0.0,11.376023287983458,11.376023287983458,nan,m,map,map
ex12_multi_simulation_moderate,bouss_mod_tri,mf6_mod_s60,depth_map_last,time_index:12,fallback_time_key,time_selector:last,12,12,,533,11.47776626080234,0.0,11.47776626080234,11.47776626080234,nan,m,map,map
ex12_multi_simulation_moderate,bouss_mod_tri,mf6_mod_s60,depth_map_last,time_index:12,fallback_time_key,time_selector:last,12,12,,534,10.249211655721169,0.0,10.249211655721169,10.249211655721169,nan,m,map,map
ex12_multi_simulation_moderate,bouss_mod_tri,mf6_mod_s60,depth_map_last,time_index:12,fallback_time_key,time_selector:last,12,12,,535,14.43088778273355,0.0,14.43088778273355,14.43088778273355,nan,m,map,map
ex12_multi_simulation_moderate,bouss_mod_tri,mf6_mod_s60,depth_map_last,time_index:12,fallback_time_key,time_selector:last,12,12,,536,13.785360443239782,0.0,13.785360443239782,13.785360443239782,nan,m,map,map
ex12_multi_simulation_moderate,bouss_mod_tri,mf6_mod_s60,depth_map_last,time_index:12,fallback_time_key,time_selector:last,12,12,,537,6.066335262173084,0.0,6.066335262173084,6.066335262173084,nan,m,map,map
ex12_multi_simulation_moderate,bouss_mod_tri,mf6_mod_s60,depth_map_last,time_index:12,fallback_time_key,time_selector:last,12,12,,538,0.08071377338670516,0.0,0.08071377338670516,0.08071377338670516,nan,m,map,map
ex12_multi_simulation_moderate,bouss_mod_tri,mf6_mod_s60,depth_map_last,time_index:12,fallback_time_key,time_selector:last,12,12,,539,0.00410427901695698,0.0,0.00410427901695698,0.00410427901695698,nan,m,map,map
ex12_multi_simulation_moderate,bouss_mod_tri,mf6_mod_s60,depth_map_last,time_index:12,fallback_time_key,time_selector:last,12,12,,578,12.20398096111093,0.0,12.20398096111093,12.20398096111093,nan,m,map,map
ex12_multi_simulation_moderate,bouss_mod_tri,mf6_mod_s60,depth_map_last,time_index:12,fallback_time_key,time_selector:last,12,12,,579,0.15199896168603289,0.0,0.15199896168603289,0.15199896168603289,nan,m,map,map
ex12_multi_simulation_moderate,bouss_mod_tri,mf6_mod_s60,depth_map_last,time_index:12,fallback_time_key,time_selector:last,12,12,,580,9.416712320273518,0.0,9.416712320273518,9.416712320273518,nan,m,map,map
ex12_multi_simulation_moderate,bouss_mod_tri,mf6_mod_s60,depth_map_last,time_index:12,fallback_time_key,time_selector:last,12,12,,581,10.872789636396575,0.0,10.872789636396575,10.872789636396575,nan,m,map,map
ex12_multi_simulation_moderate,bouss_mod_tri,mf6_mod_s60,depth_map_last,time_index:12,fallback_time_key,time_selector:last,12,12,,582,9.549737490396879,0.0,9.549737490396879,9.549737490396879,nan,m,map,map
ex12_multi_simulation_moderate,bouss_mod_tri,mf6_mod_s60,depth_map_last,time_index:12,fallback_time_key,time_selector:last,12,12,,583,4.486324031401608,0.0,4.486324031401608,4.486324031401608,nan,m,map,map
ex12_multi_simulation_moderate,bouss_mod_tri,mf6_mod_s60,depth_map_last,time_index:12,fallback_time_key,time_selector:last,12,12,,584,9.030696620567753,0.0,9.030696620567753,9.030696620567753,nan,m,map,map
ex12_multi_simulation_moderate,bouss_mod_tri,mf6_mod_s60,depth_map_last,time_index:12,fallback_time_key,time_selector:last,12,12,,585,0.0033789307834837246,0.0,0.0033789307834837246,0.0033789307834837246,nan,m,map,map
ex12_multi_simulation_moderate,bouss_mod_tri,mf6_mod_s60,depth_map_last,time_index:12,fallback_time_key,time_selector:last,12,12,,586,2.6954237995936126,0.0,2.6954237995936126,2.6954237995936126,nan,m,map,map
ex12_multi_simulation_moderate,bouss_mod_tri,mf6_mod_s60,depth_map_last,time_index:12,fallback_time_key,time_selector:last,12,12,,587,12.189488855888229,0.0,12.189488855888229,12.189488855888229,nan,m,map,map
ex12_multi_simulation_moderate,bouss_mod_tri,mf6_mod_s60,depth_map_last,time_index:12,fallback_time_key,time_selector:last,12,12,,588,10.004270928648566,0.0,10.004270928648566,10.004270928648566,nan,m,map,map
ex12_multi_simulation_moderate,bouss_mod_tri,mf6_mod_s60,depth_map_last,time_index:12,fallback_time_key,time_selector:last,12,12,,589,7.491549446648165,0.0,7.491549446648165,7.491549446648165,nan,m,map,map
ex12_multi_simulation_moderate,bouss_mod_tri,mf6_mod_s60,depth_map_last,time_index:12,fallback_time_key,time_selector:last,12,12,,590,5.958476152402753,0.0,5.958476152402753,5.958476152402753,nan,m,map,map
ex12_multi_simulation_moderate,bouss_mod_tri,mf6_mod_s60,depth_map_last,time_index:12,fallback_time_key,time_selector:last,12,12,,591,6.737719243457477,0.0,6.737719243457477,6.737719243457477,nan,m,map,map
ex12_multi_simulation_moderate,bouss_mod_tri,mf6_mod_s60,depth_map_last,time_index:12,fallback_time_key,time_selector:last,12,12,,592,7.8940141381351765,0.0,7.8940141381351765,7.8940141381351765,nan,m,map,map
ex12_multi_simulation_moderate,bouss_mod_tri,mf6_mod_s60,depth_map_last,time_index:12,fallback_time_key,time_selector:last,12,12,,593,1.1264254797687272,0.0,1.1264254797687272,1.1264254797687272,nan,m,map,map
ex12_multi_simulation_moderate,bouss_mod_tri,mf6_mod_s60,depth_map_last,time_index:12,fallback_time_key,time_selector:last,12,12,,594,12.15145011287241,0.0,12.15145011287241,12.15145011287241,nan,m,map,map
ex12_multi_simulation_moderate,bouss_mod_tri,mf6_mod_s60,depth_map_last,time_index:12,fallback_time_key,time_selector:last,12,12,,595,0.783305356483396,0.0,0.783305356483396,0.783305356483396,nan,m,map,map
ex12_multi_simulation_moderate,bouss_mod_tri,mf6_mod_s60,depth_map_last,time_index:12,fallback_time_key,time_selector:last,12,12,,596,1.2832158361118786,0.0,1.2832158361118786,1.2832158361118786,nan,m,map,map
ex12_multi_simulation_moderate,bouss_mod_tri,mf6_mod_s60,depth_map_last,time_index:12,fallback_time_key,time_selector:last,12,12,,597,10.905022730244184,0.0,10.905022730244184,10.905022730244184,nan,m,map,map
ex12_multi_simulation_moderate,bouss_mod_tri,mf6_mod_s60,depth_map_last,time_index:12,fallback_time_key,time_selector:last,12,12,,598,0.5651692052121007,0.0,0.5651692052121007,0.5651692052121007,nan,m,map,map
ex12_multi_simulation_moderate,bouss_mod_tri,mf6_mod_s60,depth_map_last,time_index:12,fallback_time_key,time_selector:last,12,12,,599,11.98292438469855,0.0,11.98292438469855,11.98292438469855,nan,m,map,map
ex12_multi_simulation_moderate,bouss_mod_tri,mf6_mod_s60,depth_map_last,time_index:12,fallback_time_key,time_selector:last,12,12,,638,0.0,0.0,0.0,0.0,nan,m,map,map
ex12_multi_simulation_moderate,bouss_mod_tri,mf6_mod_s60,depth_map_last,time_index:12,fallback_time_key,time_selector:last,12,12,,639,3.7147341554156554,0.0,3.7147341554156554,3.7147341554156554,nan,m,map,map
ex12_multi_simulation_moderate,bouss_mod_tri,mf6_mod_s60,depth_map_last,time_index:12,fallback_time_key,time_selector:last,12,12,,640,2.2877826154993386,0.0,2.2877826154993386,2.2877826154993386,nan,m,map,map
ex12_multi_simulation_moderate,bouss_mod_tri,mf6_mod_s60,depth_map_last,time_index:12,fallback_time_key,time_selector:last,12,12,,641,3.24814214598085,0.0,3.24814214598085,3.24814214598085,nan,m,map,map
ex12_multi_simulation_moderate,bouss_mod_tri,mf6_mod_s60,depth_map_last,time_index:12,fallback_time_key,time_selector:last,12,12,,642,4.201604026248589,0.0,4.201604026248589,4.201604026248589,nan,m,map,map
ex12_multi_simulation_moderate,bouss_mod_tri,mf6_mod_s60,depth_map_last,time_index:12,fallback_time_key,time_selector:last,12,12,,643,0.6947884041150303,0.0,0.6947884041150303,0.6947884041150303,nan,m,map,map
ex12_multi_simulation_moderate,bouss_mod_tri,mf6_mod_s60,depth_map_last,time_index:12,fallback_time_key,time_selector:last,12,12,,644,1.3453053730265907,0.0,1.3453053730265907,1.3453053730265907,nan,m,map,map
ex12_multi_simulation_moderate,bouss_mod_tri,mf6_mod_s60,depth_map_last,time_index:12,fallback_time_key,time_selector:last,12,12,,645,0.6080531019233888,0.0,0.6080531019233888,0.6080531019233888,nan,m,map,map
ex12_multi_simulation_moderate,bouss_mod_tri,mf6_mod_s60,depth_map_last,time_index:12,fallback_time_key,time_selector:last,12,12,,646,2.224626752921708,0.0,2.224626752921708,2.224626752921708,nan,m,map,map
ex12_multi_simulation_moderate,bouss_mod_tri,mf6_mod_s60,depth_map_last,time_index:12,fallback_time_key,time_selector:last,12,12,,647,0.3369161473727189,0.0,0.3369161473727189,0.3369161473727189,nan,m,map,map
ex12_multi_simulation_moderate,bouss_mod_tri,mf6_mod_s60,depth_map_last,time_index:12,fallback_time_key,time_selector:last,12,12,,648,5.637950124537383e-07,0.0,5.637950124537383e-07,5.637950124537383e-07,nan,m,map,map
ex12_multi_simulation_moderate,bouss_mod_tri,mf6_mod_s60,depth_map_last,time_index:12,fallback_time_key,time_selector:last,12,12,,649,0.12537238768707937,0.0,0.12537238768707937,0.12537238768707937,nan,m,map,map
ex12_multi_simulation_moderate,bouss_mod_tri,mf6_mod_s60,depth_map_last,time_index:12,fallback_time_key,time_selector:last,12,12,,650,0.29307386335668184,0.0,0.29307386335668184,0.29307386335668184,nan,m,map,map
ex12_multi_simulation_moderate,bouss_mod_tri,mf6_mod_s60,depth_map_last,time_index:12,fallback_time_key,time_selector:last,12,12,,651,0.9602209673839326,0.0,0.9602209673839326,0.9602209673839326,nan,m,map,map
ex12_multi_simulation_moderate,bouss_mod_tri,mf6_mod_s60,depth_map_last,time_index:12,fallback_time_key,time_selector:last,12,12,,652,1.0613509988970975,0.0,1.0613509988970975,1.0613509988970975,nan,m,map,map
ex12_multi_simulation_moderate,bouss_mod_tri,mf6_mod_s60,depth_map_last,time_index:12,fallback_time_key,time_selector:last,12,12,,653,2.560001858371649,0.0,2.560001858371649,2.560001858371649,nan,m,map,map
ex12_multi_simulation_moderate,bouss_mod_tri,mf6_mod_s60,depth_map_last,time_index:12,fallback_time_key,time_selector:last,12,12,,654,0.0,0.0,0.0,0.0,nan,m,map,map
ex12_multi_simulation_moderate,bouss_mod_tri,mf6_mod_s60,depth_map_last,time_index:12,fallback_time_key,time_selector:last,12,12,,655,0.020888193522338838,0.0,0.020888193522338838,0.020888193522338838,nan,m,map,map
ex12_multi_simulation_moderate,bouss_mod_tri,mf6_mod_s60,depth_map_last,time_index:12,fallback_time_key,time_selector:last,12,12,,656,0.00033367625380265054,0.0,0.00033367625380265054,0.00033367625380265054,nan,m,map,map
ex12_multi_simulation_moderate,bouss_mod_tri,mf6_mod_s60,depth_map_last,time_index:12,fallback_time_key,time_selector:last,12,12,,657,0.2795463413737451,0.0,0.2795463413737451,0.2795463413737451,nan,m,map,map
ex12_multi_simulation_moderate,bouss_mod_tri,mf6_mod_s60,depth_map_last,time_index:12,fallback_time_key,time_selector:last,12,12,,658,4.1760614521990647e-07,0.0,4.1760614521990647e-07,4.1760614521990647e-07,nan,m,map,map
ex12_multi_simulation_moderate,bouss_mod_tri,mf6_mod_s60,depth_map_last,time_index:12,fallback_time_key,time_selector:last,12,12,,659,0.8690077641021787,0.0,0.8690077641021787,0.8690077641021787,nan,m,map,map
ex12_multi_simulation_moderate,bouss_mod_tri,mf6_mod_s60,outflow_drain_map_last,elapsed_seconds:31536000,fallback_time_key,time_selector:last,12,12,31536000.0,0,0.0,0.00017250217532337642,-0.00017250217532337642,0.00017250217532337642,1.0,m/day,map,map
ex12_multi_simulation_moderate,bouss_mod_tri,mf6_mod_s60,outflow_drain_map_last,elapsed_seconds:31536000,fallback_time_key,time_selector:last,12,12,31536000.0,1,0.0,0.0001671291022988348,-0.0001671291022988348,0.0001671291022988348,1.0,m/day,map,map
ex12_multi_simulation_moderate,bouss_mod_tri,mf6_mod_s60,outflow_drain_map_last,elapsed_seconds:31536000,fallback_time_key,time_selector:last,12,12,31536000.0,2,0.0,0.00015971447751352268,-0.00015971447751352268,0.00015971447751352268,1.0,m/day,map,map
ex12_multi_simulation_moderate,bouss_mod_tri,mf6_mod_s60,outflow_drain_map_last,elapsed_seconds:31536000,fallback_time_key,time_selector:last,12,12,31536000.0,3,0.0,0.00015459052510994535,-0.00015459052510994535,0.00015459052510994535,1.0,m/day,map,map
ex12_multi_simulation_moderate,bouss_mod_tri,mf6_mod_s60,outflow_drain_map_last,elapsed_seconds:31536000,fallback_time_key,time_selector:last,12,12,31536000.0,4,0.0,0.0,0.0,0.0,nan,m/day,map,map
ex12_multi_simulation_moderate,bouss_mod_tri,mf6_mod_s60,outflow_drain_map_last,elapsed_seconds:31536000,fallback_time_key,time_selector:last,12,12,31536000.0,5,0.0,0.0,0.0,0.0,nan,m/day,map,map
ex12_multi_simulation_moderate,bouss_mod_tri,mf6_mod_s60,outflow_drain_map_last,elapsed_seconds:31536000,fallback_time_key,time_selector:last,12,12,31536000.0,6,0.0,0.0,0.0,0.0,nan,m/day,map,map
ex12_multi_simulation_moderate,bouss_mod_tri,mf6_mod_s60,outflow_drain_map_last,elapsed_seconds:31536000,fallback_time_key,time_selector:last,12,12,31536000.0,7,0.0,0.0,0.0,0.0,nan,m/day,map,map
ex12_multi_simulation_moderate,bouss_mod_tri,mf6_mod_s60,outflow_drain_map_last,elapsed_seconds:31536000,fallback_time_key,time_selector:last,12,12,31536000.0,8,0.0,0.0,0.0,0.0,nan,m/day,map,map
ex12_multi_simulation_moderate,bouss_mod_tri,mf6_mod_s60,outflow_drain_map_last,elapsed_seconds:31536000,fallback_time_key,time_selector:last,12,12,31536000.0,9,0.0,0.0,0.0,0.0,nan,m/day,map,map
ex12_multi_simulation_moderate,bouss_mod_tri,mf6_mod_s60,outflow_drain_map_last,elapsed_seconds:31536000,fallback_time_key,time_selector:last,12,12,31536000.0,10,0.0,0.0,0.0,0.0,nan,m/day,map,map
ex12_multi_simulation_moderate,bouss_mod_tri,mf6_mod_s60,outflow_drain_map_last,elapsed_seconds:31536000,fallback_time_key,time_selector:last,12,12,31536000.0,11,0.0,0.0,0.0,0.0,nan,m/day,map,map
ex12_multi_simulation_moderate,bouss_mod_tri,mf6_mod_s60,outflow_drain_map_last,elapsed_seconds:31536000,fallback_time_key,time_selector:last,12,12,31536000.0,12,0.0,0.0,0.0,0.0,nan,m/day,map,map
ex12_multi_simulation_moderate,bouss_mod_tri,mf6_mod_s60,outflow_drain_map_last,elapsed_seconds:31536000,fallback_time_key,time_selector:last,12,12,31536000.0,13,0.0,0.00015537453143671756,-0.00015537453143671756,0.00015537453143671756,1.0,m/day,map,map
ex12_multi_simulation_moderate,bouss_mod_tri,mf6_mod_s60,outflow_drain_map_last,elapsed_seconds:31536000,fallback_time_key,time_selector:last,12,12,31536000.0,14,0.0,0.0001556969546683811,-0.0001556969546683811,0.0001556969546683811,1.0,m/day,map,map
ex12_multi_simulation_moderate,bouss_mod_tri,mf6_mod_s60,outflow_drain_map_last,elapsed_seconds:31536000,fallback_time_key,time_selector:last,12,12,31536000.0,15,0.0,0.0001610938336254438,-0.0001610938336254438,0.0001610938336254438,1.0,m/day,map,map
ex12_multi_simulation_moderate,bouss_mod_tri,mf6_mod_s60,outflow_drain_map_last,elapsed_seconds:31536000,fallback_time_key,time_selector:last,12,12,31536000.0,16,0.0,0.00016698689903474622,-0.00016698689903474622,0.00016698689903474622,1.0,m/day,map,map
ex12_multi_simulation_moderate,bouss_mod_tri,mf6_mod_s60,outflow_drain_map_last,elapsed_seconds:31536000,fallback_time_key,time_selector:last,12,12,31536000.0,17,0.0,0.0001680438935860746,-0.0001680438935860746,0.0001680438935860746,1.0,m/day,map,map
ex12_multi_simulation_moderate,bouss_mod_tri,mf6_mod_s60,outflow_drain_map_last,elapsed_seconds:31536000,fallback_time_key,time_selector:last,12,12,31536000.0,18,0.0,0.0001622898306799657,-0.0001622898306799657,0.0001622898306799657,1.0,m/day,map,map
ex12_multi_simulation_moderate,bouss_mod_tri,mf6_mod_s60,outflow_drain_map_last,elapsed_seconds:31536000,fallback_time_key,time_selector:last,12,12,31536000.0,19,0.0,0.00015378756520681804,-0.00015378756520681804,0.00015378756520681804,1.0,m/day,map,map
ex12_multi_simulation_moderate,bouss_mod_tri,mf6_mod_s60,outflow_drain_map_last,elapsed_seconds:31536000,fallback_time_key,time_selector:last,12,12,31536000.0,20,0.0,0.00014830721651578433,-0.00014830721651578433,0.00014830721651578433,1.0,m/day,map,map
ex12_multi_simulation_moderate,bouss_mod_tri,mf6_mod_s60,outflow_drain_map_last,elapsed_seconds:31536000,fallback_time_key,time_selector:last,12,12,31536000.0,21,0.0,0.0001464800271466049,-0.0001464800271466049,0.0001464800271466049,1.0,m/day,map,map
ex12_multi_simulation_moderate,bouss_mod_tri,mf6_mod_s60,outflow_drain_map_last,elapsed_seconds:31536000,fallback_time_key,time_selector:last,12,12,31536000.0,22,0.0,0.00014661943629516727,-0.00014661943629516727,0.00014661943629516727,1.0,m/day,map,map
ex12_multi_simulation_moderate,bouss_mod_tri,mf6_mod_s60,outflow_drain_map_last,elapsed_seconds:31536000,fallback_time_key,time_selector:last,12,12,31536000.0,23,0.0,0.0001467571655653895,-0.0001467571655653895,0.0001467571655653895,1.0,m/day,map,map
ex12_multi_simulation_moderate,bouss_mod_tri,mf6_mod_s60,outflow_drain_map_last,elapsed_seconds:31536000,fallback_time_key,time_selector:last,12,12,31536000.0,24,0.0,0.00014774351680459357,-0.00014774351680459357,0.00014774351680459357,1.0,m/day,map,map
ex12_multi_simulation_moderate,bouss_mod_tri,mf6_mod_s60,outflow_drain_map_last,elapsed_seconds:31536000,fallback_time_key,time_selector:last,12,12,31536000.0,25,0.0,0.00014784406635324522,-0.00014784406635324522,0.00014784406635324522,1.0,m/day,map,map
ex12_multi_simulation_moderate,bouss_mod_tri,mf6_mod_s60,outflow_drain_map_last,elapsed_seconds:31536000,fallback_time_key,time_selector:last,12,12,31536000.0,26,0.0,0.0,0.0,0.0,nan,m/day,map,map
ex12_multi_simulation_moderate,bouss_mod_tri,mf6_mod_s60,outflow_drain_map_last,elapsed_seconds:31536000,fallback_time_key,time_selector:last,12,12,31536000.0,27,0.0,0.0,0.0,0.0,nan,m/day,map,map
ex12_multi_simulation_moderate,bouss_mod_tri,mf6_mod_s60,outflow_drain_map_last,elapsed_seconds:31536000,fallback_time_key,time_selector:last,12,12,31536000.0,28,0.0,0.0,0.0,0.0,nan,m/day,map,map
ex12_multi_simulation_moderate,bouss_mod_tri,mf6_mod_s60,outflow_drain_map_last,elapsed_seconds:31536000,fallback_time_key,time_selector:last,12,12,31536000.0,29,0.0,0.0,0.0,0.0,nan,m/day,map,map
ex12_multi_simulation_moderate,bouss_mod_tri,mf6_mod_s60,outflow_drain_map_last,elapsed_seconds:31536000,fallback_time_key,time_selector:last,12,12,31536000.0,30,0.0,0.0,0.0,0.0,nan,m/day,map,map
ex12_multi_simulation_moderate,bouss_mod_tri,mf6_mod_s60,outflow_drain_map_last,elapsed_seconds:31536000,fallback_time_key,time_selector:last,12,12,31536000.0,31,0.0,0.0,0.0,0.0,nan,m/day,map,map
ex12_multi_simulation_moderate,bouss_mod_tri,mf6_mod_s60,outflow_drain_map_last,elapsed_seconds:31536000,fallback_time_key,time_selector:last,12,12,31536000.0,32,0.0,0.0,0.0,0.0,nan,m/day,map,map
ex12_multi_simulation_moderate,bouss_mod_tri,mf6_mod_s60,outflow_drain_map_last,elapsed_seconds:31536000,fallback_time_key,time_selector:last,12,12,31536000.0,33,0.0,0.0,0.0,0.0,nan,m/day,map,map
ex12_multi_simulation_moderate,bouss_mod_tri,mf6_mod_s60,outflow_drain_map_last,elapsed_seconds:31536000,fallback_time_key,time_selector:last,12,12,31536000.0,34,0.0,0.0,0.0,0.0,nan,m/day,map,map
ex12_multi_simulation_moderate,bouss_mod_tri,mf6_mod_s60,outflow_drain_map_last,elapsed_seconds:31536000,fallback_time_key,time_selector:last,12,12,31536000.0,35,0.0,0.0,0.0,0.0,nan,m/day,map,map
ex12_multi_simulation_moderate,bouss_mod_tri,mf6_mod_s60,outflow_drain_map_last,elapsed_seconds:31536000,fallback_time_key,time_selector:last,12,12,31536000.0,36,0.0,0.0,0.0,0.0,nan,m/day,map,map
ex12_multi_simulation_moderate,bouss_mod_tri,mf6_mod_s60,outflow_drain_map_last,elapsed_seconds:31536000,fallback_time_key,time_selector:last,12,12,31536000.0,37,0.0,0.0,0.0,0.0,nan,m/day,map,map
ex12_multi_simulation_moderate,bouss_mod_tri,mf6_mod_s60,outflow_drain_map_last,elapsed_seconds:31536000,fallback_time_key,time_selector:last,12,12,31536000.0,38,0.0,0.0,0.0,0.0,nan,m/day,map,map
ex12_multi_simulation_moderate,bouss_mod_tri,mf6_mod_s60,outflow_drain_map_last,elapsed_seconds:31536000,fallback_time_key,time_selector:last,12,12,31536000.0,39,0.0,0.0,0.0,0.0,nan,m/day,map,map
ex12_multi_simulation_moderate,bouss_mod_tri,mf6_mod_s60,outflow_drain_map_last,elapsed_seconds:31536000,fallback_time_key,time_selector:last,12,12,31536000.0,40,0.0,0.0,0.0,0.0,nan,m/day,map,map
ex12_multi_simulation_moderate,bouss_mod_tri,mf6_mod_s60,outflow_drain_map_last,elapsed_seconds:31536000,fallback_time_key,time_selector:last,12,12,31536000.0,41,0.0,4.306137557676007e-05,-4.306137557676007e-05,4.306137557676007e-05,1.0,m/day,map,map
ex12_multi_simulation_moderate,bouss_mod_tri,mf6_mod_s60,outflow_drain_map_last,elapsed_seconds:31536000,fallback_time_key,time_selector:last,12,12,31536000.0,42,0.0,4.229028664579299e-05,-4.229028664579299e-05,4.229028664579299e-05,1.0,m/day,map,map
ex12_multi_simulation_moderate,bouss_mod_tri,mf6_mod_s60,outflow_drain_map_last,elapsed_seconds:31536000,fallback_time_key,time_selector:last,12,12,31536000.0,43,0.0,4.151879268428772e-05,-4.151879268428772e-05,4.151879268428772e-05,1.0,m/day,map,map
ex12_multi_simulation_moderate,bouss_mod_tri,mf6_mod_s60,outflow_drain_map_last,elapsed_seconds:31536000,fallback_time_key,time_selector:last,12,12,31536000.0,44,0.0,4.043642139482076e-05,-4.043642139482076e-05,4.043642139482076e-05,1.0,m/day,map,map
ex12_multi_simulation_moderate,bouss_mod_tri,mf6_mod_s60,outflow_drain_map_last,elapsed_seconds:31536000,fallback_time_key,time_selector:last,12,12,31536000.0,45,0.0,4.073811994896939e-05,-4.073811994896939e-05,4.073811994896939e-05,1.0,m/day,map,map
ex12_multi_simulation_moderate,bouss_mod_tri,mf6_mod_s60,outflow_drain_map_last,elapsed_seconds:31536000,fallback_time_key,time_selector:last,12,12,31536000.0,46,0.0,4.270736015998659e-05,-4.270736015998659e-05,4.270736015998659e-05,1.0,m/day,map,map
ex12_multi_simulation_moderate,bouss_mod_tri,mf6_mod_s60,outflow_drain_map_last,elapsed_seconds:31536000,fallback_time_key,time_selector:last,12,12,31536000.0,47,0.0,4.6867112776736216e-05,-4.6867112776736216e-05,4.6867112776736216e-05,1.0,m/day,map,map
ex12_multi_simulation_moderate,bouss_mod_tri,mf6_mod_s60,outflow_drain_map_last,elapsed_seconds:31536000,fallback_time_key,time_selector:last,12,12,31536000.0,48,0.0,4.756285858393454e-05,-4.756285858393454e-05,4.756285858393454e-05,1.0,m/day,map,map
ex12_multi_simulation_moderate,bouss_mod_tri,mf6_mod_s60,outflow_drain_map_last,elapsed_seconds:31536000,fallback_time_key,time_selector:last,12,12,31536000.0,49,0.0,5.4677728036014225e-05,-5.4677728036014225e-05,5.4677728036014225e-05,1.0,m/day,map,map
ex12_multi_simulation_moderate,bouss_mod_tri,mf6_mod_s60,outflow_drain_map_last,elapsed_seconds:31536000,fallback_time_key,time_selector:last,12,12,31536000.0,50,0.0,6.130169395304579e-05,-6.130169395304579e-05,6.130169395304579e-05,1.0,m/day,map,map
ex12_multi_simulation_moderate,bouss_mod_tri,mf6_mod_s60,outflow_drain_map_last,elapsed_seconds:31536000,fallback_time_key,time_selector:last,12,12,31536000.0,51,0.0,6.451803630905728e-05,-6.451803630905728e-05,6.451803630905728e-05,1.0,m/day,map,map
ex12_multi_simulation_moderate,bouss_mod_tri,mf6_mod_s60,outflow_drain_map_last,elapsed_seconds:31536000,fallback_time_key,time_selector:last,12,12,31536000.0,52,0.0,5.8853685988533326e-05,-5.8853685988533326e-05,5.8853685988533326e-05,1.0,m/day,map,map
ex12_multi_simulation_moderate,bouss_mod_tri,mf6_mod_s60,outflow_drain_map_last,elapsed_seconds:31536000,fallback_time_key,time_selector:last,12,12,31536000.0,53,0.0,5.5516125049181325e-05,-5.5516125049181325e-05,5.5516125049181325e-05,1.0,m/day,map,map
ex12_multi_simulation_moderate,bouss_mod_tri,mf6_mod_s60,outflow_drain_map_last,elapsed_seconds:31536000,fallback_time_key,time_selector:last,12,12,31536000.0,54,0.0,6.248050500093079e-05,-6.248050500093079e-05,6.248050500093079e-05,1.0,m/day,map,map
ex12_multi_simulation_moderate,bouss_mod_tri,mf6_mod_s60,outflow_drain_map_last,elapsed_seconds:31536000,fallback_time_key,time_selector:last,12,12,31536000.0,55,5.700546767731e-10,7.585725740808088e-05,-7.585668735340411e-05,7.585668735340411e-05,0.9999924851662682,m/day,map,map
ex12_multi_simulation_moderate,bouss_mod_tri,mf6_mod_s60,outflow_drain_map_last,elapsed_seconds:31536000,fallback_time_key,time_selector:last,12,12,31536000.0,56,0.0,9.547203127467261e-05,-9.547203127467261e-05,9.547203127467261e-05,1.0,m/day,map,map
ex12_multi_simulation_moderate,bouss_mod_tri,mf6_mod_s60,outflow_drain_map_last,elapsed_seconds:31536000,fallback_time_key,time_selector:last,12,12,31536000.0,57,0.0,0.00011397977727154438,-0.00011397977727154438,0.00011397977727154438,1.0,m/day,map,map
ex12_multi_simulation_moderate,bouss_mod_tri,mf6_mod_s60,outflow_drain_map_last,elapsed_seconds:31536000,fallback_time_key,time_selector:last,12,12,31536000.0,58,0.0,0.000113504855106177,-0.000113504855106177,0.000113504855106177,1.0,m/day,map,map
ex12_multi_simulation_moderate,bouss_mod_tri,mf6_mod_s60,outflow_drain_map_last,elapsed_seconds:31536000,fallback_time_key,time_selector:last,12,12,31536000.0,59,0.0,9.981304135517127e-05,-9.981304135517127e-05,9.981304135517127e-05,1.0,m/day,map,map
ex12_multi_simulation_moderate,bouss_mod_tri,mf6_mod_s60,outflow_drain_map_last,elapsed_seconds:31536000,fallback_time_key,time_selector:last,12,12,31536000.0,60,0.0,0.00016775141745817507,-0.00016775141745817507,0.00016775141745817507,1.0,m/day,map,map
ex12_multi_simulation_moderate,bouss_mod_tri,mf6_mod_s60,outflow_drain_map_last,elapsed_seconds:31536000,fallback_time_key,time_selector:last,12,12,31536000.0,61,0.0,0.0001622822841830197,-0.0001622822841830197,0.0001622822841830197,1.0,m/day,map,map
ex12_multi_simulation_moderate,bouss_mod_tri,mf6_mod_s60,outflow_drain_map_last,elapsed_seconds:31536000,fallback_time_key,time_selector:last,12,12,31536000.0,62,0.0,0.00015556153283122925,-0.00015556153283122925,0.00015556153283122925,1.0,m/day,map,map
ex12_multi_simulation_moderate,bouss_mod_tri,mf6_mod_s60,outflow_drain_map_last,elapsed_seconds:31536000,fallback_time_key,time_selector:last,12,12,31536000.0,63,0.0,0.0,0.0,0.0,nan,m/day,map,map
ex12_multi_simulation_moderate,bouss_mod_tri,mf6_mod_s60,outflow_drain_map_last,elapsed_seconds:31536000,fallback_time_key,time_selector:last,12,12,31536000.0,64,0.0,0.0,0.0,0.0,nan,m/day,map,map
ex12_multi_simulation_moderate,bouss_mod_tri,mf6_mod_s60,outflow_drain_map_last,elapsed_seconds:31536000,fallback_time_key,time_selector:last,12,12,31536000.0,65,0.0,0.0,0.0,0.0,nan,m/day,map,map
ex12_multi_simulation_moderate,bouss_mod_tri,mf6_mod_s60,outflow_drain_map_last,elapsed_seconds:31536000,fallback_time_key,time_selector:last,12,12,31536000.0,66,0.0,0.0,0.0,0.0,nan,m/day,map,map
ex12_multi_simulation_moderate,bouss_mod_tri,mf6_mod_s60,outflow_drain_map_last,elapsed_seconds:31536000,fallback_time_key,time_selector:last,12,12,31536000.0,67,0.0,0.0,0.0,0.0,nan,m/day,map,map
ex12_multi_simulation_moderate,bouss_mod_tri,mf6_mod_s60,outflow_drain_map_last,elapsed_seconds:31536000,fallback_time_key,time_selector:last,12,12,31536000.0,68,0.0,0.0,0.0,0.0,nan,m/day,map,map
ex12_multi_simulation_moderate,bouss_mod_tri,mf6_mod_s60,outflow_drain_map_last,elapsed_seconds:31536000,fallback_time_key,time_selector:last,12,12,31536000.0,69,0.0,0.0,0.0,0.0,nan,m/day,map,map
ex12_multi_simulation_moderate,bouss_mod_tri,mf6_mod_s60,outflow_drain_map_last,elapsed_seconds:31536000,fallback_time_key,time_selector:last,12,12,31536000.0,70,0.0,0.0,0.0,0.0,nan,m/day,map,map
ex12_multi_simulation_moderate,bouss_mod_tri,mf6_mod_s60,outflow_drain_map_last,elapsed_seconds:31536000,fallback_time_key,time_selector:last,12,12,31536000.0,71,0.0,0.0,0.0,0.0,nan,m/day,map,map
ex12_multi_simulation_moderate,bouss_mod_tri,mf6_mod_s60,outflow_drain_map_last,elapsed_seconds:31536000,fallback_time_key,time_selector:last,12,12,31536000.0,72,0.0,0.0,0.0,0.0,nan,m/day,map,map
ex12_multi_simulation_moderate,bouss_mod_tri,mf6_mod_s60,outflow_drain_map_last,elapsed_seconds:31536000,fallback_time_key,time_selector:last,12,12,31536000.0,73,0.0,0.0,0.0,0.0,nan,m/day,map,map
ex12_multi_simulation_moderate,bouss_mod_tri,mf6_mod_s60,outflow_drain_map_last,elapsed_seconds:31536000,fallback_time_key,time_selector:last,12,12,31536000.0,74,0.0,0.0001555620110286135,-0.0001555620110286135,0.0001555620110286135,1.0,m/day,map,map
ex12_multi_simulation_moderate,bouss_mod_tri,mf6_mod_s60,outflow_drain_map_last,elapsed_seconds:31536000,fallback_time_key,time_selector:last,12,12,31536000.0,75,0.0,0.00015974055392207966,-0.00015974055392207966,0.00015974055392207966,1.0,m/day,map,map
ex12_multi_simulation_moderate,bouss_mod_tri,mf6_mod_s60,outflow_drain_map_last,elapsed_seconds:31536000,fallback_time_key,time_selector:last,12,12,31536000.0,76,0.0,0.00016130382513478603,-0.00016130382513478603,0.00016130382513478603,1.0,m/day,map,map
ex12_multi_simulation_moderate,bouss_mod_tri,mf6_mod_s60,outflow_drain_map_last,elapsed_seconds:31536000,fallback_time_key,time_selector:last,12,12,31536000.0,77,0.0,0.00015951515803379638,-0.00015951515803379638,0.00015951515803379638,1.0,m/day,map,map
ex12_multi_simulation_moderate,bouss_mod_tri,mf6_mod_s60,outflow_drain_map_last,elapsed_seconds:31536000,fallback_time_key,time_selector:last,12,12,31536000.0,78,0.0,0.00015440147492562918,-0.00015440147492562918,0.00015440147492562918,1.0,m/day,map,map
ex12_multi_simulation_moderate,bouss_mod_tri,mf6_mod_s60,outflow_drain_map_last,elapsed_seconds:31536000,fallback_time_key,time_selector:last,12,12,31536000.0,79,0.0,0.00014756063648087249,-0.00014756063648087249,0.00014756063648087249,1.0,m/day,map,map
ex12_multi_simulation_moderate,bouss_mod_tri,mf6_mod_s60,outflow_drain_map_last,elapsed_seconds:31536000,fallback_time_key,time_selector:last,12,12,31536000.0,80,0.0,0.0001434235589547455,-0.0001434235589547455,0.0001434235589547455,1.0,m/day,map,map
ex12_multi_simulation_moderate,bouss_mod_tri,mf6_mod_s60,outflow_drain_map_last,elapsed_seconds:31536000,fallback_time_key,time_selector:last,12,12,31536000.0,81,0.0,0.00014287537967286128,-0.00014287537967286128,0.00014287537967286128,1.0,m/day,map,map
ex12_multi_simulation_moderate,bouss_mod_tri,mf6_mod_s60,outflow_drain_map_last,elapsed_seconds:31536000,fallback_time_key,time_selector:last,12,12,31536000.0,82,0.0,0.0,0.0,0.0,nan,m/day,map,map
ex12_multi_simulation_moderate,bouss_mod_tri,mf6_mod_s60,outflow_drain_map_last,elapsed_seconds:31536000,fallback_time_key,time_selector:last,12,12,31536000.0,83,0.0,0.0,0.0,0.0,nan,m/day,map,map
ex12_multi_simulation_moderate,bouss_mod_tri,mf6_mod_s60,outflow_drain_map_last,elapsed_seconds:31536000,fallback_time_key,time_selector:last,12,12,31536000.0,84,0.0,0.0,0.0,0.0,nan,m/day,map,map
ex12_multi_simulation_moderate,bouss_mod_tri,mf6_mod_s60,outflow_drain_map_last,elapsed_seconds:31536000,fallback_time_key,time_selector:last,12,12,31536000.0,85,0.0,0.0,0.0,0.0,nan,m/day,map,map
ex12_multi_simulation_moderate,bouss_mod_tri,mf6_mod_s60,outflow_drain_map_last,elapsed_seconds:31536000,fallback_time_key,time_selector:last,12,12,31536000.0,86,0.0,0.0,0.0,0.0,nan,m/day,map,map
ex12_multi_simulation_moderate,bouss_mod_tri,mf6_mod_s60,outflow_drain_map_last,elapsed_seconds:31536000,fallback_time_key,time_selector:last,12,12,31536000.0,87,0.0,0.0,0.0,0.0,nan,m/day,map,map
ex12_multi_simulation_moderate,bouss_mod_tri,mf6_mod_s60,outflow_drain_map_last,elapsed_seconds:31536000,fallback_time_key,time_selector:last,12,12,31536000.0,88,0.0,0.0,0.0,0.0,nan,m/day,map,map
ex12_multi_simulation_moderate,bouss_mod_tri,mf6_mod_s60,outflow_drain_map_last,elapsed_seconds:31536000,fallback_time_key,time_selector:last,12,12,31536000.0,89,0.0,0.0,0.0,0.0,nan,m/day,map,map
ex12_multi_simulation_moderate,bouss_mod_tri,mf6_mod_s60,outflow_drain_map_last,elapsed_seconds:31536000,fallback_time_key,time_selector:last,12,12,31536000.0,90,3.666134921928854e-11,0.0,3.666134921928854e-11,3.666134921928854e-11,nan,m/day,map,map
ex12_multi_simulation_moderate,bouss_mod_tri,mf6_mod_s60,outflow_drain_map_last,elapsed_seconds:31536000,fallback_time_key,time_selector:last,12,12,31536000.0,91,0.0,0.0,0.0,0.0,nan,m/day,map,map
ex12_multi_simulation_moderate,bouss_mod_tri,mf6_mod_s60,outflow_drain_map_last,elapsed_seconds:31536000,fallback_time_key,time_selector:last,12,12,31536000.0,92,0.0,0.0,0.0,0.0,nan,m/day,map,map
ex12_multi_simulation_moderate,bouss_mod_tri,mf6_mod_s60,outflow_drain_map_last,elapsed_seconds:31536000,fallback_time_key,time_selector:last,12,12,31536000.0,93,0.0,0.0,0.0,0.0,nan,m/day,map,map
ex12_multi_simulation_moderate,bouss_mod_tri,mf6_mod_s60,outflow_drain_map_last,elapsed_seconds:31536000,fallback_time_key,time_selector:last,12,12,31536000.0,94,0.0,0.0,0.0,0.0,nan,m/day,map,map
ex12_multi_simulation_moderate,bouss_mod_tri,mf6_mod_s60,outflow_drain_map_last,elapsed_seconds:31536000,fallback_time_key,time_selector:last,12,12,31536000.0,95,0.0,0.0,0.0,0.0,nan,m/day,map,map
ex12_multi_simulation_moderate,bouss_mod_tri,mf6_mod_s60,outflow_drain_map_last,elapsed_seconds:31536000,fallback_time_key,time_selector:last,12,12,31536000.0,96,0.0,0.0,0.0,0.0,nan,m/day,map,map
ex12_multi_simulation_moderate,bouss_mod_tri,mf6_mod_s60,outflow_drain_map_last,elapsed_seconds:31536000,fallback_time_key,time_selector:last,12,12,31536000.0,97,0.0,0.0,0.0,0.0,nan,m/day,map,map
ex12_multi_simulation_moderate,bouss_mod_tri,mf6_mod_s60,outflow_drain_map_last,elapsed_seconds:31536000,fallback_time_key,time_selector:last,12,12,31536000.0,98,0.0,0.0,0.0,0.0,nan,m/day,map,map
ex12_multi_simulation_moderate,bouss_mod_tri,mf6_mod_s60,outflow_drain_map_last,elapsed_seconds:31536000,fallback_time_key,time_selector:last,12,12,31536000.0,99,0.0,0.0,0.0,0.0,nan,m/day,map,map
ex12_multi_simulation_moderate,bouss_mod_tri,mf6_mod_s60,outflow_drain_map_last,elapsed_seconds:31536000,fallback_time_key,time_selector:last,12,12,31536000.0,100,0.0,4.886871649538958e-05,-4.886871649538958e-05,4.886871649538958e-05,1.0,m/day,map,map
ex12_multi_simulation_moderate,bouss_mod_tri,mf6_mod_s60,outflow_drain_map_last,elapsed_seconds:31536000,fallback_time_key,time_selector:last,12,12,31536000.0,101,0.0,4.7818387465778465e-05,-4.7818387465778465e-05,4.7818387465778465e-05,1.0,m/day,map,map
ex12_multi_simulation_moderate,bouss_mod_tri,mf6_mod_s60,outflow_drain_map_last,elapsed_seconds:31536000,fallback_time_key,time_selector:last,12,12,31536000.0,102,0.0,4.756431263266731e-05,-4.756431263266731e-05,4.756431263266731e-05,1.0,m/day,map,map
ex12_multi_simulation_moderate,bouss_mod_tri,mf6_mod_s60,outflow_drain_map_last,elapsed_seconds:31536000,fallback_time_key,time_selector:last,12,12,31536000.0,103,0.0,4.701836551059056e-05,-4.701836551059056e-05,4.701836551059056e-05,1.0,m/day,map,map
ex12_multi_simulation_moderate,bouss_mod_tri,mf6_mod_s60,outflow_drain_map_last,elapsed_seconds:31536000,fallback_time_key,time_selector:last,12,12,31536000.0,104,0.0,4.589564198954378e-05,-4.589564198954378e-05,4.589564198954378e-05,1.0,m/day,map,map
ex12_multi_simulation_moderate,bouss_mod_tri,mf6_mod_s60,outflow_drain_map_last,elapsed_seconds:31536000,fallback_time_key,time_selector:last,12,12,31536000.0,105,0.0,4.7491571764091134e-05,-4.7491571764091134e-05,4.7491571764091134e-05,1.0,m/day,map,map
ex12_multi_simulation_moderate,bouss_mod_tri,mf6_mod_s60,outflow_drain_map_last,elapsed_seconds:31536000,fallback_time_key,time_selector:last,12,12,31536000.0,106,0.0,5.0742940978829466e-05,-5.0742940978829466e-05,5.0742940978829466e-05,1.0,m/day,map,map
ex12_multi_simulation_moderate,bouss_mod_tri,mf6_mod_s60,outflow_drain_map_last,elapsed_seconds:31536000,fallback_time_key,time_selector:last,12,12,31536000.0,107,0.0,5.571983354523682e-05,-5.571983354523682e-05,5.571983354523682e-05,1.0,m/day,map,map
ex12_multi_simulation_moderate,bouss_mod_tri,mf6_mod_s60,outflow_drain_map_last,elapsed_seconds:31536000,fallback_time_key,time_selector:last,12,12,31536000.0,108,0.0,5.8190713647978017e-05,-5.8190713647978017e-05,5.8190713647978017e-05,1.0,m/day,map,map
ex12_multi_simulation_moderate,bouss_mod_tri,mf6_mod_s60,outflow_drain_map_last,elapsed_seconds:31536000,fallback_time_key,time_selector:last,12,12,31536000.0,109,0.0,6.367146821600477e-05,-6.367146821600477e-05,6.367146821600477e-05,1.0,m/day,map,map
ex12_multi_simulation_moderate,bouss_mod_tri,mf6_mod_s60,outflow_drain_map_last,elapsed_seconds:31536000,fallback_time_key,time_selector:last,12,12,31536000.0,110,0.0,7.159246570993859e-05,-7.159246570993859e-05,7.159246570993859e-05,1.0,m/day,map,map
ex12_multi_simulation_moderate,bouss_mod_tri,mf6_mod_s60,outflow_drain_map_last,elapsed_seconds:31536000,fallback_time_key,time_selector:last,12,12,31536000.0,111,0.0,7.63971744854083e-05,-7.63971744854083e-05,7.63971744854083e-05,1.0,m/day,map,map
ex12_multi_simulation_moderate,bouss_mod_tri,mf6_mod_s60,outflow_drain_map_last,elapsed_seconds:31536000,fallback_time_key,time_selector:last,12,12,31536000.0,112,0.0,7.747303136374818e-05,-7.747303136374818e-05,7.747303136374818e-05,1.0,m/day,map,map
ex12_multi_simulation_moderate,bouss_mod_tri,mf6_mod_s60,outflow_drain_map_last,elapsed_seconds:31536000,fallback_time_key,time_selector:last,12,12,31536000.0,113,0.0,7.505950713132168e-05,-7.505950713132168e-05,7.505950713132168e-05,1.0,m/day,map,map
ex12_multi_simulation_moderate,bouss_mod_tri,mf6_mod_s60,outflow_drain_map_last,elapsed_seconds:31536000,fallback_time_key,time_selector:last,12,12,31536000.0,114,0.0,8.079670452462696e-05,-8.079670452462696e-05,8.079670452462696e-05,1.0,m/day,map,map
ex12_multi_simulation_moderate,bouss_mod_tri,mf6_mod_s60,outflow_drain_map_last,elapsed_seconds:31536000,fallback_time_key,time_selector:last,12,12,31536000.0,115,0.0,9.596367739346892e-05,-9.596367739346892e-05,9.596367739346892e-05,1.0,m/day,map,map
ex12_multi_simulation_moderate,bouss_mod_tri,mf6_mod_s60,outflow_drain_map_last,elapsed_seconds:31536000,fallback_time_key,time_selector:last,12,12,31536000.0,116,0.0,0.00011801256456987676,-0.00011801256456987676,0.00011801256456987676,1.0,m/day,map,map
ex12_multi_simulation_moderate,bouss_mod_tri,mf6_mod_s60,outflow_drain_map_last,elapsed_seconds:31536000,fallback_time_key,time_selector:last,12,12,31536000.0,117,0.0,0.0001158837657274721,-0.0001158837657274721,0.0001158837657274721,1.0,m/day,map,map
ex12_multi_simulation_moderate,bouss_mod_tri,mf6_mod_s60,outflow_drain_map_last,elapsed_seconds:31536000,fallback_time_key,time_selector:last,12,12,31536000.0,118,0.0,9.883909906339733e-05,-9.883909906339733e-05,9.883909906339733e-05,1.0,m/day,map,map
ex12_multi_simulation_moderate,bouss_mod_tri,mf6_mod_s60,outflow_drain_map_last,elapsed_seconds:31536000,fallback_time_key,time_selector:last,12,12,31536000.0,119,0.0,8.793277211841585e-05,-8.793277211841585e-05,8.793277211841585e-05,1.0,m/day,map,map
ex12_multi_simulation_moderate,bouss_mod_tri,mf6_mod_s60,outflow_drain_map_last,elapsed_seconds:31536000,fallback_time_key,time_selector:last,12,12,31536000.0,120,0.0,0.00016365602002856375,-0.00016365602002856375,0.00016365602002856375,1.0,m/day,map,map
ex12_multi_simulation_moderate,bouss_mod_tri,mf6_mod_s60,outflow_drain_map_last,elapsed_seconds:31536000,fallback_time_key,time_selector:last,12,12,31536000.0,121,0.0,0.00015743131747132438,-0.00015743131747132438,0.00015743131747132438,1.0,m/day,map,map
ex12_multi_simulation_moderate,bouss_mod_tri,mf6_mod_s60,outflow_drain_map_last,elapsed_seconds:31536000,fallback_time_key,time_selector:last,12,12,31536000.0,122,0.0,0.00015145947675407312,-0.00015145947675407312,0.00015145947675407312,1.0,m/day,map,map
ex12_multi_simulation_moderate,bouss_mod_tri,mf6_mod_s60,outflow_drain_map_last,elapsed_seconds:31536000,fallback_time_key,time_selector:last,12,12,31536000.0,123,0.0,0.0,0.0,0.0,nan,m/day,map,map
ex12_multi_simulation_moderate,bouss_mod_tri,mf6_mod_s60,outflow_drain_map_last,elapsed_seconds:31536000,fallback_time_key,time_selector:last,12,12,31536000.0,124,0.0,0.0,0.0,0.0,nan,m/day,map,map
ex12_multi_simulation_moderate,bouss_mod_tri,mf6_mod_s60,outflow_drain_map_last,elapsed_seconds:31536000,fallback_time_key,time_selector:last,12,12,31536000.0,125,0.0,0.0,0.0,0.0,nan,m/day,map,map
ex12_multi_simulation_moderate,bouss_mod_tri,mf6_mod_s60,outflow_drain_map_last,elapsed_seconds:31536000,fallback_time_key,time_selector:last,12,12,31536000.0,126,0.0,0.0,0.0,0.0,nan,m/day,map,map
ex12_multi_simulation_moderate,bouss_mod_tri,mf6_mod_s60,outflow_drain_map_last,elapsed_seconds:31536000,fallback_time_key,time_selector:last,12,12,31536000.0,127,0.0,0.0,0.0,0.0,nan,m/day,map,map
ex12_multi_simulation_moderate,bouss_mod_tri,mf6_mod_s60,outflow_drain_map_last,elapsed_seconds:31536000,fallback_time_key,time_selector:last,12,12,31536000.0,128,0.0,0.0,0.0,0.0,nan,m/day,map,map
ex12_multi_simulation_moderate,bouss_mod_tri,mf6_mod_s60,outflow_drain_map_last,elapsed_seconds:31536000,fallback_time_key,time_selector:last,12,12,31536000.0,129,0.0,0.0,0.0,0.0,nan,m/day,map,map
ex12_multi_simulation_moderate,bouss_mod_tri,mf6_mod_s60,outflow_drain_map_last,elapsed_seconds:31536000,fallback_time_key,time_selector:last,12,12,31536000.0,130,0.0,0.0,0.0,0.0,nan,m/day,map,map
ex12_multi_simulation_moderate,bouss_mod_tri,mf6_mod_s60,outflow_drain_map_last,elapsed_seconds:31536000,fallback_time_key,time_selector:last,12,12,31536000.0,131,0.0,0.0,0.0,0.0,nan,m/day,map,map
ex12_multi_simulation_moderate,bouss_mod_tri,mf6_mod_s60,outflow_drain_map_last,elapsed_seconds:31536000,fallback_time_key,time_selector:last,12,12,31536000.0,132,0.0,0.0,0.0,0.0,nan,m/day,map,map
ex12_multi_simulation_moderate,bouss_mod_tri,mf6_mod_s60,outflow_drain_map_last,elapsed_seconds:31536000,fallback_time_key,time_selector:last,12,12,31536000.0,133,0.0,0.0,0.0,0.0,nan,m/day,map,map
ex12_multi_simulation_moderate,bouss_mod_tri,mf6_mod_s60,outflow_drain_map_last,elapsed_seconds:31536000,fallback_time_key,time_selector:last,12,12,31536000.0,134,0.0,0.00015546217953305648,-0.00015546217953305648,0.00015546217953305648,1.0,m/day,map,map
ex12_multi_simulation_moderate,bouss_mod_tri,mf6_mod_s60,outflow_drain_map_last,elapsed_seconds:31536000,fallback_time_key,time_selector:last,12,12,31536000.0,135,0.0,0.0001575368323953998,-0.0001575368323953998,0.0001575368323953998,1.0,m/day,map,map
ex12_multi_simulation_moderate,bouss_mod_tri,mf6_mod_s60,outflow_drain_map_last,elapsed_seconds:31536000,fallback_time_key,time_selector:last,12,12,31536000.0,136,0.0,0.00015616497865776602,-0.00015616497865776602,0.00015616497865776602,1.0,m/day,map,map
ex12_multi_simulation_moderate,bouss_mod_tri,mf6_mod_s60,outflow_drain_map_last,elapsed_seconds:31536000,fallback_time_key,time_selector:last,12,12,31536000.0,137,0.0,0.00015394082022291973,-0.00015394082022291973,0.00015394082022291973,1.0,m/day,map,map
ex12_multi_simulation_moderate,bouss_mod_tri,mf6_mod_s60,outflow_drain_map_last,elapsed_seconds:31536000,fallback_time_key,time_selector:last,12,12,31536000.0,138,0.0,0.00015050950184448421,-0.00015050950184448421,0.00015050950184448421,1.0,m/day,map,map
ex12_multi_simulation_moderate,bouss_mod_tri,mf6_mod_s60,outflow_drain_map_last,elapsed_seconds:31536000,fallback_time_key,time_selector:last,12,12,31536000.0,139,0.0,0.00014463157809424792,-0.00014463157809424792,0.00014463157809424792,1.0,m/day,map,map
ex12_multi_simulation_moderate,bouss_mod_tri,mf6_mod_s60,outflow_drain_map_last,elapsed_seconds:31536000,fallback_time_key,time_selector:last,12,12,31536000.0,140,0.0,0.0,0.0,0.0,nan,m/day,map,map
ex12_multi_simulation_moderate,bouss_mod_tri,mf6_mod_s60,outflow_drain_map_last,elapsed_seconds:31536000,fallback_time_key,time_selector:last,12,12,31536000.0,141,0.0,0.0,0.0,0.0,nan,m/day,map,map
ex12_multi_simulation_moderate,bouss_mod_tri,mf6_mod_s60,outflow_drain_map_last,elapsed_seconds:31536000,fallback_time_key,time_selector:last,12,12,31536000.0,142,0.0,0.0,0.0,0.0,nan,m/day,map,map
ex12_multi_simulation_moderate,bouss_mod_tri,mf6_mod_s60,outflow_drain_map_last,elapsed_seconds:31536000,fallback_time_key,time_selector:last,12,12,31536000.0,143,1.1362051202791171e-10,0.0,1.1362051202791171e-10,1.1362051202791171e-10,nan,m/day,map,map
ex12_multi_simulation_moderate,bouss_mod_tri,mf6_mod_s60,outflow_drain_map_last,elapsed_seconds:31536000,fallback_time_key,time_selector:last,12,12,31536000.0,144,0.0,0.0,0.0,0.0,nan,m/day,map,map
ex12_multi_simulation_moderate,bouss_mod_tri,mf6_mod_s60,outflow_drain_map_last,elapsed_seconds:31536000,fallback_time_key,time_selector:last,12,12,31536000.0,145,0.0,0.0,0.0,0.0,nan,m/day,map,map
ex12_multi_simulation_moderate,bouss_mod_tri,mf6_mod_s60,outflow_drain_map_last,elapsed_seconds:31536000,fallback_time_key,time_selector:last,12,12,31536000.0,146,0.0,0.0,0.0,0.0,nan,m/day,map,map
ex12_multi_simulation_moderate,bouss_mod_tri,mf6_mod_s60,outflow_drain_map_last,elapsed_seconds:31536000,fallback_time_key,time_selector:last,12,12,31536000.0,147,0.0,0.0,0.0,0.0,nan,m/day,map,map
ex12_multi_simulation_moderate,bouss_mod_tri,mf6_mod_s60,outflow_drain_map_last,elapsed_seconds:31536000,fallback_time_key,time_selector:last,12,12,31536000.0,148,0.0,0.0,0.0,0.0,nan,m/day,map,map
ex12_multi_simulation_moderate,bouss_mod_tri,mf6_mod_s60,outflow_drain_map_last,elapsed_seconds:31536000,fallback_time_key,time_selector:last,12,12,31536000.0,149,0.0,0.0,0.0,0.0,nan,m/day,map,map
ex12_multi_simulation_moderate,bouss_mod_tri,mf6_mod_s60,outflow_drain_map_last,elapsed_seconds:31536000,fallback_time_key,time_selector:last,12,12,31536000.0,150,0.0,0.0,0.0,0.0,nan,m/day,map,map
ex12_multi_simulation_moderate,bouss_mod_tri,mf6_mod_s60,outflow_drain_map_last,elapsed_seconds:31536000,fallback_time_key,time_selector:last,12,12,31536000.0,151,0.0,0.0,0.0,0.0,nan,m/day,map,map
ex12_multi_simulation_moderate,bouss_mod_tri,mf6_mod_s60,outflow_drain_map_last,elapsed_seconds:31536000,fallback_time_key,time_selector:last,12,12,31536000.0,152,0.0,0.0,0.0,0.0,nan,m/day,map,map
ex12_multi_simulation_moderate,bouss_mod_tri,mf6_mod_s60,outflow_drain_map_last,elapsed_seconds:31536000,fallback_time_key,time_selector:last,12,12,31536000.0,153,0.0,0.0,0.0,0.0,nan,m/day,map,map
ex12_multi_simulation_moderate,bouss_mod_tri,mf6_mod_s60,outflow_drain_map_last,elapsed_seconds:31536000,fallback_time_key,time_selector:last,12,12,31536000.0,154,0.0,0.0,0.0,0.0,nan,m/day,map,map
ex12_multi_simulation_moderate,bouss_mod_tri,mf6_mod_s60,outflow_drain_map_last,elapsed_seconds:31536000,fallback_time_key,time_selector:last,12,12,31536000.0,155,0.0,0.0,0.0,0.0,nan,m/day,map,map
ex12_multi_simulation_moderate,bouss_mod_tri,mf6_mod_s60,outflow_drain_map_last,elapsed_seconds:31536000,fallback_time_key,time_selector:last,12,12,31536000.0,156,0.0,0.0,0.0,0.0,nan,m/day,map,map
ex12_multi_simulation_moderate,bouss_mod_tri,mf6_mod_s60,outflow_drain_map_last,elapsed_seconds:31536000,fallback_time_key,time_selector:last,12,12,31536000.0,157,0.0,0.0,0.0,0.0,nan,m/day,map,map
ex12_multi_simulation_moderate,bouss_mod_tri,mf6_mod_s60,outflow_drain_map_last,elapsed_seconds:31536000,fallback_time_key,time_selector:last,12,12,31536000.0,158,0.0,0.0,0.0,0.0,nan,m/day,map,map
ex12_multi_simulation_moderate,bouss_mod_tri,mf6_mod_s60,outflow_drain_map_last,elapsed_seconds:31536000,fallback_time_key,time_selector:last,12,12,31536000.0,159,0.0,5.782867432910666e-05,-5.782867432910666e-05,5.782867432910666e-05,1.0,m/day,map,map
ex12_multi_simulation_moderate,bouss_mod_tri,mf6_mod_s60,outflow_drain_map_last,elapsed_seconds:31536000,fallback_time_key,time_selector:last,12,12,31536000.0,160,0.0,5.58794949132239e-05,-5.58794949132239e-05,5.58794949132239e-05,1.0,m/day,map,map
ex12_multi_simulation_moderate,bouss_mod_tri,mf6_mod_s60,outflow_drain_map_last,elapsed_seconds:31536000,fallback_time_key,time_selector:last,12,12,31536000.0,161,0.0,5.379029872550284e-05,-5.379029872550284e-05,5.379029872550284e-05,1.0,m/day,map,map
ex12_multi_simulation_moderate,bouss_mod_tri,mf6_mod_s60,outflow_drain_map_last,elapsed_seconds:31536000,fallback_time_key,time_selector:last,12,12,31536000.0,162,0.0,5.3331317977871676e-05,-5.3331317977871676e-05,5.3331317977871676e-05,1.0,m/day,map,map
ex12_multi_simulation_moderate,bouss_mod_tri,mf6_mod_s60,outflow_drain_map_last,elapsed_seconds:31536000,fallback_time_key,time_selector:last,12,12,31536000.0,163,0.0,5.449343356336519e-05,-5.449343356336519e-05,5.449343356336519e-05,1.0,m/day,map,map
ex12_multi_simulation_moderate,bouss_mod_tri,mf6_mod_s60,outflow_drain_map_last,elapsed_seconds:31536000,fallback_time_key,time_selector:last,12,12,31536000.0,164,0.0,5.3996898355966605e-05,-5.3996898355966605e-05,5.3996898355966605e-05,1.0,m/day,map,map
ex12_multi_simulation_moderate,bouss_mod_tri,mf6_mod_s60,outflow_drain_map_last,elapsed_seconds:31536000,fallback_time_key,time_selector:last,12,12,31536000.0,165,0.0,5.610588388093359e-05,-5.610588388093359e-05,5.610588388093359e-05,1.0,m/day,map,map
ex12_multi_simulation_moderate,bouss_mod_tri,mf6_mod_s60,outflow_drain_map_last,elapsed_seconds:31536000,fallback_time_key,time_selector:last,12,12,31536000.0,166,0.0,5.916446875024804e-05,-5.916446875024804e-05,5.916446875024804e-05,1.0,m/day,map,map
ex12_multi_simulation_moderate,bouss_mod_tri,mf6_mod_s60,outflow_drain_map_last,elapsed_seconds:31536000,fallback_time_key,time_selector:last,12,12,31536000.0,167,0.0,6.277482543503069e-05,-6.277482543503069e-05,6.277482543503069e-05,1.0,m/day,map,map
ex12_multi_simulation_moderate,bouss_mod_tri,mf6_mod_s60,outflow_drain_map_last,elapsed_seconds:31536000,fallback_time_key,time_selector:last,12,12,31536000.0,168,0.0,6.869717719818489e-05,-6.869717719818489e-05,6.869717719818489e-05,1.0,m/day,map,map
ex12_multi_simulation_moderate,bouss_mod_tri,mf6_mod_s60,outflow_drain_map_last,elapsed_seconds:31536000,fallback_time_key,time_selector:last,12,12,31536000.0,169,0.0,7.51717037814827e-05,-7.51717037814827e-05,7.51717037814827e-05,1.0,m/day,map,map
ex12_multi_simulation_moderate,bouss_mod_tri,mf6_mod_s60,outflow_drain_map_last,elapsed_seconds:31536000,fallback_time_key,time_selector:last,12,12,31536000.0,170,0.0,8.040018642853884e-05,-8.040018642853884e-05,8.040018642853884e-05,1.0,m/day,map,map
ex12_multi_simulation_moderate,bouss_mod_tri,mf6_mod_s60,outflow_drain_map_last,elapsed_seconds:31536000,fallback_time_key,time_selector:last,12,12,31536000.0,171,0.0,8.783007135922853e-05,-8.783007135922853e-05,8.783007135922853e-05,1.0,m/day,map,map
ex12_multi_simulation_moderate,bouss_mod_tri,mf6_mod_s60,outflow_drain_map_last,elapsed_seconds:31536000,fallback_time_key,time_selector:last,12,12,31536000.0,172,0.0,9.091216220989727e-05,-9.091216220989727e-05,9.091216220989727e-05,1.0,m/day,map,map
ex12_multi_simulation_moderate,bouss_mod_tri,mf6_mod_s60,outflow_drain_map_last,elapsed_seconds:31536000,fallback_time_key,time_selector:last,12,12,31536000.0,173,0.0,9.443253264785874e-05,-9.443253264785874e-05,9.443253264785874e-05,1.0,m/day,map,map
ex12_multi_simulation_moderate,bouss_mod_tri,mf6_mod_s60,outflow_drain_map_last,elapsed_seconds:31536000,fallback_time_key,time_selector:last,12,12,31536000.0,174,0.0,0.00010197297536776798,-0.00010197297536776798,0.00010197297536776798,1.0,m/day,map,map
ex12_multi_simulation_moderate,bouss_mod_tri,mf6_mod_s60,outflow_drain_map_last,elapsed_seconds:31536000,fallback_time_key,time_selector:last,12,12,31536000.0,175,0.0,0.0001204350756858479,-0.0001204350756858479,0.0001204350756858479,1.0,m/day,map,map
ex12_multi_simulation_moderate,bouss_mod_tri,mf6_mod_s60,outflow_drain_map_last,elapsed_seconds:31536000,fallback_time_key,time_selector:last,12,12,31536000.0,176,0.0,0.00011851429723994805,-0.00011851429723994805,0.00011851429723994805,1.0,m/day,map,map
ex12_multi_simulation_moderate,bouss_mod_tri,mf6_mod_s60,outflow_drain_map_last,elapsed_seconds:31536000,fallback_time_key,time_selector:last,12,12,31536000.0,177,0.0,0.0001007476572648814,-0.0001007476572648814,0.0001007476572648814,1.0,m/day,map,map
ex12_multi_simulation_moderate,bouss_mod_tri,mf6_mod_s60,outflow_drain_map_last,elapsed_seconds:31536000,fallback_time_key,time_selector:last,12,12,31536000.0,178,0.0,8.728990701212485e-05,-8.728990701212485e-05,8.728990701212485e-05,1.0,m/day,map,map
ex12_multi_simulation_moderate,bouss_mod_tri,mf6_mod_s60,outflow_drain_map_last,elapsed_seconds:31536000,fallback_time_key,time_selector:last,12,12,31536000.0,179,0.0,7.666161322761279e-05,-7.666161322761279e-05,7.666161322761279e-05,1.0,m/day,map,map
ex12_multi_simulation_moderate,bouss_mod_tri,mf6_mod_s60,outflow_drain_map_last,elapsed_seconds:31536000,fallback_time_key,time_selector:last,12,12,31536000.0,180,0.0,0.00015983528319759633,-0.00015983528319759633,0.00015983528319759633,1.0,m/day,map,map
ex12_multi_simulation_moderate,bouss_mod_tri,mf6_mod_s60,outflow_drain_map_last,elapsed_seconds:31536000,fallback_time_key,time_selector:last,12,12,31536000.0,181,0.0,0.00015206915496237226,-0.00015206915496237226,0.00015206915496237226,1.0,m/day,map,map
ex12_multi_simulation_moderate,bouss_mod_tri,mf6_mod_s60,outflow_drain_map_last,elapsed_seconds:31536000,fallback_time_key,time_selector:last,12,12,31536000.0,182,0.0,0.0,0.0,0.0,nan,m/day,map,map
ex12_multi_simulation_moderate,bouss_mod_tri,mf6_mod_s60,outflow_drain_map_last,elapsed_seconds:31536000,fallback_time_key,time_selector:last,12,12,31536000.0,183,0.0,0.0,0.0,0.0,nan,m/day,map,map
ex12_multi_simulation_moderate,bouss_mod_tri,mf6_mod_s60,outflow_drain_map_last,elapsed_seconds:31536000,fallback_time_key,time_selector:last,12,12,31536000.0,184,0.0,0.0,0.0,0.0,nan,m/day,map,map
ex12_multi_simulation_moderate,bouss_mod_tri,mf6_mod_s60,outflow_drain_map_last,elapsed_seconds:31536000,fallback_time_key,time_selector:last,12,12,31536000.0,185,0.0,0.0,0.0,0.0,nan,m/day,map,map
ex12_multi_simulation_moderate,bouss_mod_tri,mf6_mod_s60,outflow_drain_map_last,elapsed_seconds:31536000,fallback_time_key,time_selector:last,12,12,31536000.0,186,0.0,0.0,0.0,0.0,nan,m/day,map,map
ex12_multi_simulation_moderate,bouss_mod_tri,mf6_mod_s60,outflow_drain_map_last,elapsed_seconds:31536000,fallback_time_key,time_selector:last,12,12,31536000.0,187,0.0,0.0,0.0,0.0,nan,m/day,map,map
ex12_multi_simulation_moderate,bouss_mod_tri,mf6_mod_s60,outflow_drain_map_last,elapsed_seconds:31536000,fallback_time_key,time_selector:last,12,12,31536000.0,188,0.0,0.0,0.0,0.0,nan,m/day,map,map
ex12_multi_simulation_moderate,bouss_mod_tri,mf6_mod_s60,outflow_drain_map_last,elapsed_seconds:31536000,fallback_time_key,time_selector:last,12,12,31536000.0,189,0.0,0.0,0.0,0.0,nan,m/day,map,map
ex12_multi_simulation_moderate,bouss_mod_tri,mf6_mod_s60,outflow_drain_map_last,elapsed_seconds:31536000,fallback_time_key,time_selector:last,12,12,31536000.0,190,0.0,0.0,0.0,0.0,nan,m/day,map,map
ex12_multi_simulation_moderate,bouss_mod_tri,mf6_mod_s60,outflow_drain_map_last,elapsed_seconds:31536000,fallback_time_key,time_selector:last,12,12,31536000.0,191,0.0,0.0,0.0,0.0,nan,m/day,map,map
ex12_multi_simulation_moderate,bouss_mod_tri,mf6_mod_s60,outflow_drain_map_last,elapsed_seconds:31536000,fallback_time_key,time_selector:last,12,12,31536000.0,192,0.0,0.0,0.0,0.0,nan,m/day,map,map
ex12_multi_simulation_moderate,bouss_mod_tri,mf6_mod_s60,outflow_drain_map_last,elapsed_seconds:31536000,fallback_time_key,time_selector:last,12,12,31536000.0,193,0.0,0.0,0.0,0.0,nan,m/day,map,map
ex12_multi_simulation_moderate,bouss_mod_tri,mf6_mod_s60,outflow_drain_map_last,elapsed_seconds:31536000,fallback_time_key,time_selector:last,12,12,31536000.0,194,0.0,0.0,0.0,0.0,nan,m/day,map,map
ex12_multi_simulation_moderate,bouss_mod_tri,mf6_mod_s60,outflow_drain_map_last,elapsed_seconds:31536000,fallback_time_key,time_selector:last,12,12,31536000.0,195,0.0,0.0,0.0,0.0,nan,m/day,map,map
ex12_multi_simulation_moderate,bouss_mod_tri,mf6_mod_s60,outflow_drain_map_last,elapsed_seconds:31536000,fallback_time_key,time_selector:last,12,12,31536000.0,196,0.0,0.0,0.0,0.0,nan,m/day,map,map
ex12_multi_simulation_moderate,bouss_mod_tri,mf6_mod_s60,outflow_drain_map_last,elapsed_seconds:31536000,fallback_time_key,time_selector:last,12,12,31536000.0,197,0.0,0.0,0.0,0.0,nan,m/day,map,map
ex12_multi_simulation_moderate,bouss_mod_tri,mf6_mod_s60,outflow_drain_map_last,elapsed_seconds:31536000,fallback_time_key,time_selector:last,12,12,31536000.0,198,0.0,0.0,0.0,0.0,nan,m/day,map,map
ex12_multi_simulation_moderate,bouss_mod_tri,mf6_mod_s60,outflow_drain_map_last,elapsed_seconds:31536000,fallback_time_key,time_selector:last,12,12,31536000.0,199,0.0,0.0,0.0,0.0,nan,m/day,map,map
ex12_multi_simulation_moderate,bouss_mod_tri,mf6_mod_s60,outflow_drain_map_last,elapsed_seconds:31536000,fallback_time_key,time_selector:last,12,12,31536000.0,200,0.0,0.0,0.0,0.0,nan,m/day,map,map
ex12_multi_simulation_moderate,bouss_mod_tri,mf6_mod_s60,outflow_drain_map_last,elapsed_seconds:31536000,fallback_time_key,time_selector:last,12,12,31536000.0,201,0.0,0.0,0.0,0.0,nan,m/day,map,map
ex12_multi_simulation_moderate,bouss_mod_tri,mf6_mod_s60,outflow_drain_map_last,elapsed_seconds:31536000,fallback_time_key,time_selector:last,12,12,31536000.0,202,0.0,0.0,0.0,0.0,nan,m/day,map,map
ex12_multi_simulation_moderate,bouss_mod_tri,mf6_mod_s60,outflow_drain_map_last,elapsed_seconds:31536000,fallback_time_key,time_selector:last,12,12,31536000.0,203,0.0,0.0,0.0,0.0,nan,m/day,map,map
ex12_multi_simulation_moderate,bouss_mod_tri,mf6_mod_s60,outflow_drain_map_last,elapsed_seconds:31536000,fallback_time_key,time_selector:last,12,12,31536000.0,204,0.0,0.0,0.0,0.0,nan,m/day,map,map
ex12_multi_simulation_moderate,bouss_mod_tri,mf6_mod_s60,outflow_drain_map_last,elapsed_seconds:31536000,fallback_time_key,time_selector:last,12,12,31536000.0,205,0.0,0.0,0.0,0.0,nan,m/day,map,map
ex12_multi_simulation_moderate,bouss_mod_tri,mf6_mod_s60,outflow_drain_map_last,elapsed_seconds:31536000,fallback_time_key,time_selector:last,12,12,31536000.0,206,0.0,0.0,0.0,0.0,nan,m/day,map,map
ex12_multi_simulation_moderate,bouss_mod_tri,mf6_mod_s60,outflow_drain_map_last,elapsed_seconds:31536000,fallback_time_key,time_selector:last,12,12,31536000.0,207,0.0,0.0,0.0,0.0,nan,m/day,map,map
ex12_multi_simulation_moderate,bouss_mod_tri,mf6_mod_s60,outflow_drain_map_last,elapsed_seconds:31536000,fallback_time_key,time_selector:last,12,12,31536000.0,208,3.4711203130257726e-11,0.0,3.4711203130257726e-11,3.4711203130257726e-11,nan,m/day,map,map
ex12_multi_simulation_moderate,bouss_mod_tri,mf6_mod_s60,outflow_drain_map_last,elapsed_seconds:31536000,fallback_time_key,time_selector:last,12,12,31536000.0,209,0.0,0.0,0.0,0.0,nan,m/day,map,map
ex12_multi_simulation_moderate,bouss_mod_tri,mf6_mod_s60,outflow_drain_map_last,elapsed_seconds:31536000,fallback_time_key,time_selector:last,12,12,31536000.0,210,0.0,0.0,0.0,0.0,nan,m/day,map,map
ex12_multi_simulation_moderate,bouss_mod_tri,mf6_mod_s60,outflow_drain_map_last,elapsed_seconds:31536000,fallback_time_key,time_selector:last,12,12,31536000.0,211,0.0,0.0,0.0,0.0,nan,m/day,map,map
ex12_multi_simulation_moderate,bouss_mod_tri,mf6_mod_s60,outflow_drain_map_last,elapsed_seconds:31536000,fallback_time_key,time_selector:last,12,12,31536000.0,212,0.0,0.0,0.0,0.0,nan,m/day,map,map
ex12_multi_simulation_moderate,bouss_mod_tri,mf6_mod_s60,outflow_drain_map_last,elapsed_seconds:31536000,fallback_time_key,time_selector:last,12,12,31536000.0,213,0.0,0.0,0.0,0.0,nan,m/day,map,map
ex12_multi_simulation_moderate,bouss_mod_tri,mf6_mod_s60,outflow_drain_map_last,elapsed_seconds:31536000,fallback_time_key,time_selector:last,12,12,31536000.0,214,0.0,0.0,0.0,0.0,nan,m/day,map,map
ex12_multi_simulation_moderate,bouss_mod_tri,mf6_mod_s60,outflow_drain_map_last,elapsed_seconds:31536000,fallback_time_key,time_selector:last,12,12,31536000.0,215,0.0,0.0,0.0,0.0,nan,m/day,map,map
ex12_multi_simulation_moderate,bouss_mod_tri,mf6_mod_s60,outflow_drain_map_last,elapsed_seconds:31536000,fallback_time_key,time_selector:last,12,12,31536000.0,216,0.0,0.0,0.0,0.0,nan,m/day,map,map
ex12_multi_simulation_moderate,bouss_mod_tri,mf6_mod_s60,outflow_drain_map_last,elapsed_seconds:31536000,fallback_time_key,time_selector:last,12,12,31536000.0,217,0.0,0.0,0.0,0.0,nan,m/day,map,map
ex12_multi_simulation_moderate,bouss_mod_tri,mf6_mod_s60,outflow_drain_map_last,elapsed_seconds:31536000,fallback_time_key,time_selector:last,12,12,31536000.0,218,0.0,6.890090286116994e-05,-6.890090286116994e-05,6.890090286116994e-05,1.0,m/day,map,map
ex12_multi_simulation_moderate,bouss_mod_tri,mf6_mod_s60,outflow_drain_map_last,elapsed_seconds:31536000,fallback_time_key,time_selector:last,12,12,31536000.0,219,0.0,6.701891278563469e-05,-6.701891278563469e-05,6.701891278563469e-05,1.0,m/day,map,map
ex12_multi_simulation_moderate,bouss_mod_tri,mf6_mod_s60,outflow_drain_map_last,elapsed_seconds:31536000,fallback_time_key,time_selector:last,12,12,31536000.0,220,0.0,6.472980602655228e-05,-6.472980602655228e-05,6.472980602655228e-05,1.0,m/day,map,map
ex12_multi_simulation_moderate,bouss_mod_tri,mf6_mod_s60,outflow_drain_map_last,elapsed_seconds:31536000,fallback_time_key,time_selector:last,12,12,31536000.0,221,0.0,6.281896724614371e-05,-6.281896724614371e-05,6.281896724614371e-05,1.0,m/day,map,map
ex12_multi_simulation_moderate,bouss_mod_tri,mf6_mod_s60,outflow_drain_map_last,elapsed_seconds:31536000,fallback_time_key,time_selector:last,12,12,31536000.0,222,0.0,6.358330372086907e-05,-6.358330372086907e-05,6.358330372086907e-05,1.0,m/day,map,map
ex12_multi_simulation_moderate,bouss_mod_tri,mf6_mod_s60,outflow_drain_map_last,elapsed_seconds:31536000,fallback_time_key,time_selector:last,12,12,31536000.0,223,0.0,6.557524490148213e-05,-6.557524490148213e-05,6.557524490148213e-05,1.0,m/day,map,map
ex12_multi_simulation_moderate,bouss_mod_tri,mf6_mod_s60,outflow_drain_map_last,elapsed_seconds:31536000,fallback_time_key,time_selector:last,12,12,31536000.0,224,0.0,6.601501531525991e-05,-6.601501531525991e-05,6.601501531525991e-05,1.0,m/day,map,map
ex12_multi_simulation_moderate,bouss_mod_tri,mf6_mod_s60,outflow_drain_map_last,elapsed_seconds:31536000,fallback_time_key,time_selector:last,12,12,31536000.0,225,0.0,6.872138854254004e-05,-6.872138854254004e-05,6.872138854254004e-05,1.0,m/day,map,map
ex12_multi_simulation_moderate,bouss_mod_tri,mf6_mod_s60,outflow_drain_map_last,elapsed_seconds:31536000,fallback_time_key,time_selector:last,12,12,31536000.0,226,0.0,7.212301838764178e-05,-7.212301838764178e-05,7.212301838764178e-05,1.0,m/day,map,map
ex12_multi_simulation_moderate,bouss_mod_tri,mf6_mod_s60,outflow_drain_map_last,elapsed_seconds:31536000,fallback_time_key,time_selector:last,12,12,31536000.0,227,0.0,7.630697753137935e-05,-7.630697753137935e-05,7.630697753137935e-05,1.0,m/day,map,map
ex12_multi_simulation_moderate,bouss_mod_tri,mf6_mod_s60,outflow_drain_map_last,elapsed_seconds:31536000,fallback_time_key,time_selector:last,12,12,31536000.0,228,0.0,8.188691483968749e-05,-8.188691483968749e-05,8.188691483968749e-05,1.0,m/day,map,map
ex12_multi_simulation_moderate,bouss_mod_tri,mf6_mod_s60,outflow_drain_map_last,elapsed_seconds:31536000,fallback_time_key,time_selector:last,12,12,31536000.0,229,0.0,8.6650030639783e-05,-8.6650030639783e-05,8.6650030639783e-05,1.0,m/day,map,map
ex12_multi_simulation_moderate,bouss_mod_tri,mf6_mod_s60,outflow_drain_map_last,elapsed_seconds:31536000,fallback_time_key,time_selector:last,12,12,31536000.0,230,0.0,9.123680222212138e-05,-9.123680222212138e-05,9.123680222212138e-05,1.0,m/day,map,map
ex12_multi_simulation_moderate,bouss_mod_tri,mf6_mod_s60,outflow_drain_map_last,elapsed_seconds:31536000,fallback_time_key,time_selector:last,12,12,31536000.0,231,0.0,9.894253415845041e-05,-9.894253415845041e-05,9.894253415845041e-05,1.0,m/day,map,map
ex12_multi_simulation_moderate,bouss_mod_tri,mf6_mod_s60,outflow_drain_map_last,elapsed_seconds:31536000,fallback_time_key,time_selector:last,12,12,31536000.0,232,0.0,0.00010202201789734138,-0.00010202201789734138,0.00010202201789734138,1.0,m/day,map,map
ex12_multi_simulation_moderate,bouss_mod_tri,mf6_mod_s60,outflow_drain_map_last,elapsed_seconds:31536000,fallback_time_key,time_selector:last,12,12,31536000.0,233,0.0,0.00010181168129066304,-0.00010181168129066304,0.00010181168129066304,1.0,m/day,map,map
ex12_multi_simulation_moderate,bouss_mod_tri,mf6_mod_s60,outflow_drain_map_last,elapsed_seconds:31536000,fallback_time_key,time_selector:last,12,12,31536000.0,234,0.0,0.00010700720173914178,-0.00010700720173914178,0.00010700720173914178,1.0,m/day,map,map
ex12_multi_simulation_moderate,bouss_mod_tri,mf6_mod_s60,outflow_drain_map_last,elapsed_seconds:31536000,fallback_time_key,time_selector:last,12,12,31536000.0,235,2.095397463712277e-10,0.0001145649868582268,-0.00011456477731848044,0.00011456477731848044,0.9999981709966359,m/day,map,map
ex12_multi_simulation_moderate,bouss_mod_tri,mf6_mod_s60,outflow_drain_map_last,elapsed_seconds:31536000,fallback_time_key,time_selector:last,12,12,31536000.0,236,0.0,9.996964910213499e-05,-9.996964910213499e-05,9.996964910213499e-05,1.0,m/day,map,map
ex12_multi_simulation_moderate,bouss_mod_tri,mf6_mod_s60,outflow_drain_map_last,elapsed_seconds:31536000,fallback_time_key,time_selector:last,12,12,31536000.0,237,0.0,8.628450548688136e-05,-8.628450548688136e-05,8.628450548688136e-05,1.0,m/day,map,map
ex12_multi_simulation_moderate,bouss_mod_tri,mf6_mod_s60,outflow_drain_map_last,elapsed_seconds:31536000,fallback_time_key,time_selector:last,12,12,31536000.0,238,0.0,7.446103057257144e-05,-7.446103057257144e-05,7.446103057257144e-05,1.0,m/day,map,map
ex12_multi_simulation_moderate,bouss_mod_tri,mf6_mod_s60,outflow_drain_map_last,elapsed_seconds:31536000,fallback_time_key,time_selector:last,12,12,31536000.0,239,0.0,6.48838334021116e-05,-6.48838334021116e-05,6.48838334021116e-05,1.0,m/day,map,map
ex12_multi_simulation_moderate,bouss_mod_tri,mf6_mod_s60,outflow_drain_map_last,elapsed_seconds:31536000,fallback_time_key,time_selector:last,12,12,31536000.0,240,0.0,0.00015651969623841212,-0.00015651969623841212,0.00015651969623841212,1.0,m/day,map,map
ex12_multi_simulation_moderate,bouss_mod_tri,mf6_mod_s60,outflow_drain_map_last,elapsed_seconds:31536000,fallback_time_key,time_selector:last,12,12,31536000.0,241,0.0,0.0,0.0,0.0,nan,m/day,map,map
ex12_multi_simulation_moderate,bouss_mod_tri,mf6_mod_s60,outflow_drain_map_last,elapsed_seconds:31536000,fallback_time_key,time_selector:last,12,12,31536000.0,242,0.0,0.0,0.0,0.0,nan,m/day,map,map
ex12_multi_simulation_moderate,bouss_mod_tri,mf6_mod_s60,outflow_drain_map_last,elapsed_seconds:31536000,fallback_time_key,time_selector:last,12,12,31536000.0,243,0.0,0.0,0.0,0.0,nan,m/day,map,map
ex12_multi_simulation_moderate,bouss_mod_tri,mf6_mod_s60,outflow_drain_map_last,elapsed_seconds:31536000,fallback_time_key,time_selector:last,12,12,31536000.0,244,0.0,0.0,0.0,0.0,nan,m/day,map,map
ex12_multi_simulation_moderate,bouss_mod_tri,mf6_mod_s60,outflow_drain_map_last,elapsed_seconds:31536000,fallback_time_key,time_selector:last,12,12,31536000.0,245,0.0,0.0,0.0,0.0,nan,m/day,map,map
ex12_multi_simulation_moderate,bouss_mod_tri,mf6_mod_s60,outflow_drain_map_last,elapsed_seconds:31536000,fallback_time_key,time_selector:last,12,12,31536000.0,246,0.0,0.0,0.0,0.0,nan,m/day,map,map
ex12_multi_simulation_moderate,bouss_mod_tri,mf6_mod_s60,outflow_drain_map_last,elapsed_seconds:31536000,fallback_time_key,time_selector:last,12,12,31536000.0,247,0.0,0.0,0.0,0.0,nan,m/day,map,map
ex12_multi_simulation_moderate,bouss_mod_tri,mf6_mod_s60,outflow_drain_map_last,elapsed_seconds:31536000,fallback_time_key,time_selector:last,12,12,31536000.0,248,0.0,0.0,0.0,0.0,nan,m/day,map,map
ex12_multi_simulation_moderate,bouss_mod_tri,mf6_mod_s60,outflow_drain_map_last,elapsed_seconds:31536000,fallback_time_key,time_selector:last,12,12,31536000.0,249,0.0,0.0,0.0,0.0,nan,m/day,map,map
ex12_multi_simulation_moderate,bouss_mod_tri,mf6_mod_s60,outflow_drain_map_last,elapsed_seconds:31536000,fallback_time_key,time_selector:last,12,12,31536000.0,250,0.0,0.0,0.0,0.0,nan,m/day,map,map
ex12_multi_simulation_moderate,bouss_mod_tri,mf6_mod_s60,outflow_drain_map_last,elapsed_seconds:31536000,fallback_time_key,time_selector:last,12,12,31536000.0,251,0.0,0.0,0.0,0.0,nan,m/day,map,map
ex12_multi_simulation_moderate,bouss_mod_tri,mf6_mod_s60,outflow_drain_map_last,elapsed_seconds:31536000,fallback_time_key,time_selector:last,12,12,31536000.0,252,0.0,0.0,0.0,0.0,nan,m/day,map,map
ex12_multi_simulation_moderate,bouss_mod_tri,mf6_mod_s60,outflow_drain_map_last,elapsed_seconds:31536000,fallback_time_key,time_selector:last,12,12,31536000.0,253,0.0,0.0,0.0,0.0,nan,m/day,map,map
ex12_multi_simulation_moderate,bouss_mod_tri,mf6_mod_s60,outflow_drain_map_last,elapsed_seconds:31536000,fallback_time_key,time_selector:last,12,12,31536000.0,254,0.0,0.0,0.0,0.0,nan,m/day,map,map
ex12_multi_simulation_moderate,bouss_mod_tri,mf6_mod_s60,outflow_drain_map_last,elapsed_seconds:31536000,fallback_time_key,time_selector:last,12,12,31536000.0,255,0.0,0.0,0.0,0.0,nan,m/day,map,map
ex12_multi_simulation_moderate,bouss_mod_tri,mf6_mod_s60,outflow_drain_map_last,elapsed_seconds:31536000,fallback_time_key,time_selector:last,12,12,31536000.0,256,0.0,0.0,0.0,0.0,nan,m/day,map,map
ex12_multi_simulation_moderate,bouss_mod_tri,mf6_mod_s60,outflow_drain_map_last,elapsed_seconds:31536000,fallback_time_key,time_selector:last,12,12,31536000.0,257,0.0,0.0,0.0,0.0,nan,m/day,map,map
ex12_multi_simulation_moderate,bouss_mod_tri,mf6_mod_s60,outflow_drain_map_last,elapsed_seconds:31536000,fallback_time_key,time_selector:last,12,12,31536000.0,258,0.0,0.0,0.0,0.0,nan,m/day,map,map
ex12_multi_simulation_moderate,bouss_mod_tri,mf6_mod_s60,outflow_drain_map_last,elapsed_seconds:31536000,fallback_time_key,time_selector:last,12,12,31536000.0,259,0.0,0.0,0.0,0.0,nan,m/day,map,map
ex12_multi_simulation_moderate,bouss_mod_tri,mf6_mod_s60,outflow_drain_map_last,elapsed_seconds:31536000,fallback_time_key,time_selector:last,12,12,31536000.0,260,0.0,0.0,0.0,0.0,nan,m/day,map,map
ex12_multi_simulation_moderate,bouss_mod_tri,mf6_mod_s60,outflow_drain_map_last,elapsed_seconds:31536000,fallback_time_key,time_selector:last,12,12,31536000.0,261,0.0,0.0,0.0,0.0,nan,m/day,map,map
ex12_multi_simulation_moderate,bouss_mod_tri,mf6_mod_s60,outflow_drain_map_last,elapsed_seconds:31536000,fallback_time_key,time_selector:last,12,12,31536000.0,262,0.0,0.0,0.0,0.0,nan,m/day,map,map
ex12_multi_simulation_moderate,bouss_mod_tri,mf6_mod_s60,outflow_drain_map_last,elapsed_seconds:31536000,fallback_time_key,time_selector:last,12,12,31536000.0,263,0.0,0.0,0.0,0.0,nan,m/day,map,map
ex12_multi_simulation_moderate,bouss_mod_tri,mf6_mod_s60,outflow_drain_map_last,elapsed_seconds:31536000,fallback_time_key,time_selector:last,12,12,31536000.0,264,0.0,0.0,0.0,0.0,nan,m/day,map,map
ex12_multi_simulation_moderate,bouss_mod_tri,mf6_mod_s60,outflow_drain_map_last,elapsed_seconds:31536000,fallback_time_key,time_selector:last,12,12,31536000.0,265,0.0,0.0,0.0,0.0,nan,m/day,map,map
ex12_multi_simulation_moderate,bouss_mod_tri,mf6_mod_s60,outflow_drain_map_last,elapsed_seconds:31536000,fallback_time_key,time_selector:last,12,12,31536000.0,266,0.0,0.0,0.0,0.0,nan,m/day,map,map
ex12_multi_simulation_moderate,bouss_mod_tri,mf6_mod_s60,outflow_drain_map_last,elapsed_seconds:31536000,fallback_time_key,time_selector:last,12,12,31536000.0,267,0.0,0.0,0.0,0.0,nan,m/day,map,map
ex12_multi_simulation_moderate,bouss_mod_tri,mf6_mod_s60,outflow_drain_map_last,elapsed_seconds:31536000,fallback_time_key,time_selector:last,12,12,31536000.0,268,0.0,0.0,0.0,0.0,nan,m/day,map,map
ex12_multi_simulation_moderate,bouss_mod_tri,mf6_mod_s60,outflow_drain_map_last,elapsed_seconds:31536000,fallback_time_key,time_selector:last,12,12,31536000.0,269,0.0,0.0,0.0,0.0,nan,m/day,map,map
ex12_multi_simulation_moderate,bouss_mod_tri,mf6_mod_s60,outflow_drain_map_last,elapsed_seconds:31536000,fallback_time_key,time_selector:last,12,12,31536000.0,270,0.0,0.0,0.0,0.0,nan,m/day,map,map
ex12_multi_simulation_moderate,bouss_mod_tri,mf6_mod_s60,outflow_drain_map_last,elapsed_seconds:31536000,fallback_time_key,time_selector:last,12,12,31536000.0,271,0.0,0.0,0.0,0.0,nan,m/day,map,map
ex12_multi_simulation_moderate,bouss_mod_tri,mf6_mod_s60,outflow_drain_map_last,elapsed_seconds:31536000,fallback_time_key,time_selector:last,12,12,31536000.0,272,0.0,0.0,0.0,0.0,nan,m/day,map,map
ex12_multi_simulation_moderate,bouss_mod_tri,mf6_mod_s60,outflow_drain_map_last,elapsed_seconds:31536000,fallback_time_key,time_selector:last,12,12,31536000.0,273,0.0,0.0,0.0,0.0,nan,m/day,map,map
ex12_multi_simulation_moderate,bouss_mod_tri,mf6_mod_s60,outflow_drain_map_last,elapsed_seconds:31536000,fallback_time_key,time_selector:last,12,12,31536000.0,274,0.0,0.0,0.0,0.0,nan,m/day,map,map
ex12_multi_simulation_moderate,bouss_mod_tri,mf6_mod_s60,outflow_drain_map_last,elapsed_seconds:31536000,fallback_time_key,time_selector:last,12,12,31536000.0,275,0.0,0.0,0.0,0.0,nan,m/day,map,map
ex12_multi_simulation_moderate,bouss_mod_tri,mf6_mod_s60,outflow_drain_map_last,elapsed_seconds:31536000,fallback_time_key,time_selector:last,12,12,31536000.0,276,0.0,0.0,0.0,0.0,nan,m/day,map,map
ex12_multi_simulation_moderate,bouss_mod_tri,mf6_mod_s60,outflow_drain_map_last,elapsed_seconds:31536000,fallback_time_key,time_selector:last,12,12,31536000.0,277,0.0,0.0,0.0,0.0,nan,m/day,map,map
ex12_multi_simulation_moderate,bouss_mod_tri,mf6_mod_s60,outflow_drain_map_last,elapsed_seconds:31536000,fallback_time_key,time_selector:last,12,12,31536000.0,278,0.0,6.525923189120981e-05,-6.525923189120981e-05,6.525923189120981e-05,1.0,m/day,map,map
ex12_multi_simulation_moderate,bouss_mod_tri,mf6_mod_s60,outflow_drain_map_last,elapsed_seconds:31536000,fallback_time_key,time_selector:last,12,12,31536000.0,279,0.0,6.393582423296876e-05,-6.393582423296876e-05,6.393582423296876e-05,1.0,m/day,map,map
ex12_multi_simulation_moderate,bouss_mod_tri,mf6_mod_s60,outflow_drain_map_last,elapsed_seconds:31536000,fallback_time_key,time_selector:last,12,12,31536000.0,280,0.0,6.430918019113027e-05,-6.430918019113027e-05,6.430918019113027e-05,1.0,m/day,map,map
ex12_multi_simulation_moderate,bouss_mod_tri,mf6_mod_s60,outflow_drain_map_last,elapsed_seconds:31536000,fallback_time_key,time_selector:last,12,12,31536000.0,281,0.0,6.568871914026551e-05,-6.568871914026551e-05,6.568871914026551e-05,1.0,m/day,map,map
ex12_multi_simulation_moderate,bouss_mod_tri,mf6_mod_s60,outflow_drain_map_last,elapsed_seconds:31536000,fallback_time_key,time_selector:last,12,12,31536000.0,282,0.0,6.791031402995137e-05,-6.791031402995137e-05,6.791031402995137e-05,1.0,m/day,map,map
ex12_multi_simulation_moderate,bouss_mod_tri,mf6_mod_s60,outflow_drain_map_last,elapsed_seconds:31536000,fallback_time_key,time_selector:last,12,12,31536000.0,283,0.0,7.101146827972484e-05,-7.101146827972484e-05,7.101146827972484e-05,1.0,m/day,map,map
ex12_multi_simulation_moderate,bouss_mod_tri,mf6_mod_s60,outflow_drain_map_last,elapsed_seconds:31536000,fallback_time_key,time_selector:last,12,12,31536000.0,284,0.0,7.301744436821484e-05,-7.301744436821484e-05,7.301744436821484e-05,1.0,m/day,map,map
ex12_multi_simulation_moderate,bouss_mod_tri,mf6_mod_s60,outflow_drain_map_last,elapsed_seconds:31536000,fallback_time_key,time_selector:last,12,12,31536000.0,285,0.0,7.794235390329416e-05,-7.794235390329416e-05,7.794235390329416e-05,1.0,m/day,map,map
ex12_multi_simulation_moderate,bouss_mod_tri,mf6_mod_s60,outflow_drain_map_last,elapsed_seconds:31536000,fallback_time_key,time_selector:last,12,12,31536000.0,286,0.0,8.255945543153391e-05,-8.255945543153391e-05,8.255945543153391e-05,1.0,m/day,map,map
ex12_multi_simulation_moderate,bouss_mod_tri,mf6_mod_s60,outflow_drain_map_last,elapsed_seconds:31536000,fallback_time_key,time_selector:last,12,12,31536000.0,287,0.0,8.764037640729243e-05,-8.764037640729243e-05,8.764037640729243e-05,1.0,m/day,map,map
ex12_multi_simulation_moderate,bouss_mod_tri,mf6_mod_s60,outflow_drain_map_last,elapsed_seconds:31536000,fallback_time_key,time_selector:last,12,12,31536000.0,288,0.0,9.426992830593615e-05,-9.426992830593615e-05,9.426992830593615e-05,1.0,m/day,map,map
ex12_multi_simulation_moderate,bouss_mod_tri,mf6_mod_s60,outflow_drain_map_last,elapsed_seconds:31536000,fallback_time_key,time_selector:last,12,12,31536000.0,289,0.0,9.850308020942374e-05,-9.850308020942374e-05,9.850308020942374e-05,1.0,m/day,map,map
ex12_multi_simulation_moderate,bouss_mod_tri,mf6_mod_s60,outflow_drain_map_last,elapsed_seconds:31536000,fallback_time_key,time_selector:last,12,12,31536000.0,290,0.0,0.00010065279659914614,-0.00010065279659914614,0.00010065279659914614,1.0,m/day,map,map
ex12_multi_simulation_moderate,bouss_mod_tri,mf6_mod_s60,outflow_drain_map_last,elapsed_seconds:31536000,fallback_time_key,time_selector:last,12,12,31536000.0,291,0.0,0.00010284276699908698,-0.00010284276699908698,0.00010284276699908698,1.0,m/day,map,map
ex12_multi_simulation_moderate,bouss_mod_tri,mf6_mod_s60,outflow_drain_map_last,elapsed_seconds:31536000,fallback_time_key,time_selector:last,12,12,31536000.0,292,0.0,0.00010673716396185449,-0.00010673716396185449,0.00010673716396185449,1.0,m/day,map,map
ex12_multi_simulation_moderate,bouss_mod_tri,mf6_mod_s60,outflow_drain_map_last,elapsed_seconds:31536000,fallback_time_key,time_selector:last,12,12,31536000.0,293,0.0,0.00010665554159181565,-0.00010665554159181565,0.00010665554159181565,1.0,m/day,map,map
ex12_multi_simulation_moderate,bouss_mod_tri,mf6_mod_s60,outflow_drain_map_last,elapsed_seconds:31536000,fallback_time_key,time_selector:last,12,12,31536000.0,294,0.0,0.00010184401780388556,-0.00010184401780388556,0.00010184401780388556,1.0,m/day,map,map
ex12_multi_simulation_moderate,bouss_mod_tri,mf6_mod_s60,outflow_drain_map_last,elapsed_seconds:31536000,fallback_time_key,time_selector:last,12,12,31536000.0,295,0.0,9.815021971365913e-05,-9.815021971365913e-05,9.815021971365913e-05,1.0,m/day,map,map
ex12_multi_simulation_moderate,bouss_mod_tri,mf6_mod_s60,outflow_drain_map_last,elapsed_seconds:31536000,fallback_time_key,time_selector:last,12,12,31536000.0,296,0.0,8.586512446334617e-05,-8.586512446334617e-05,8.586512446334617e-05,1.0,m/day,map,map
ex12_multi_simulation_moderate,bouss_mod_tri,mf6_mod_s60,outflow_drain_map_last,elapsed_seconds:31536000,fallback_time_key,time_selector:last,12,12,31536000.0,297,0.0,7.517968627558723e-05,-7.517968627558723e-05,7.517968627558723e-05,1.0,m/day,map,map
ex12_multi_simulation_moderate,bouss_mod_tri,mf6_mod_s60,outflow_drain_map_last,elapsed_seconds:31536000,fallback_time_key,time_selector:last,12,12,31536000.0,298,0.0,6.467684620795966e-05,-6.467684620795966e-05,6.467684620795966e-05,1.0,m/day,map,map
ex12_multi_simulation_moderate,bouss_mod_tri,mf6_mod_s60,outflow_drain_map_last,elapsed_seconds:31536000,fallback_time_key,time_selector:last,12,12,31536000.0,299,0.0,5.6302614081516584e-05,-5.6302614081516584e-05,5.6302614081516584e-05,1.0,m/day,map,map
ex12_multi_simulation_moderate,bouss_mod_tri,mf6_mod_s60,outflow_drain_map_last,elapsed_seconds:31536000,fallback_time_key,time_selector:last,12,12,31536000.0,300,0.0,0.0,0.0,0.0,nan,m/day,map,map
ex12_multi_simulation_moderate,bouss_mod_tri,mf6_mod_s60,outflow_drain_map_last,elapsed_seconds:31536000,fallback_time_key,time_selector:last,12,12,31536000.0,301,0.0,0.0,0.0,0.0,nan,m/day,map,map
ex12_multi_simulation_moderate,bouss_mod_tri,mf6_mod_s60,outflow_drain_map_last,elapsed_seconds:31536000,fallback_time_key,time_selector:last,12,12,31536000.0,302,0.0,0.0,0.0,0.0,nan,m/day,map,map
ex12_multi_simulation_moderate,bouss_mod_tri,mf6_mod_s60,outflow_drain_map_last,elapsed_seconds:31536000,fallback_time_key,time_selector:last,12,12,31536000.0,303,0.0,0.0,0.0,0.0,nan,m/day,map,map
ex12_multi_simulation_moderate,bouss_mod_tri,mf6_mod_s60,outflow_drain_map_last,elapsed_seconds:31536000,fallback_time_key,time_selector:last,12,12,31536000.0,304,0.0,0.0,0.0,0.0,nan,m/day,map,map
ex12_multi_simulation_moderate,bouss_mod_tri,mf6_mod_s60,outflow_drain_map_last,elapsed_seconds:31536000,fallback_time_key,time_selector:last,12,12,31536000.0,305,0.0,0.0,0.0,0.0,nan,m/day,map,map
ex12_multi_simulation_moderate,bouss_mod_tri,mf6_mod_s60,outflow_drain_map_last,elapsed_seconds:31536000,fallback_time_key,time_selector:last,12,12,31536000.0,306,0.0,0.0,0.0,0.0,nan,m/day,map,map
ex12_multi_simulation_moderate,bouss_mod_tri,mf6_mod_s60,outflow_drain_map_last,elapsed_seconds:31536000,fallback_time_key,time_selector:last,12,12,31536000.0,307,0.0,0.0,0.0,0.0,nan,m/day,map,map
ex12_multi_simulation_moderate,bouss_mod_tri,mf6_mod_s60,outflow_drain_map_last,elapsed_seconds:31536000,fallback_time_key,time_selector:last,12,12,31536000.0,308,0.0,0.0,0.0,0.0,nan,m/day,map,map
ex12_multi_simulation_moderate,bouss_mod_tri,mf6_mod_s60,outflow_drain_map_last,elapsed_seconds:31536000,fallback_time_key,time_selector:last,12,12,31536000.0,309,0.0,0.0,0.0,0.0,nan,m/day,map,map
ex12_multi_simulation_moderate,bouss_mod_tri,mf6_mod_s60,outflow_drain_map_last,elapsed_seconds:31536000,fallback_time_key,time_selector:last,12,12,31536000.0,310,0.0,0.0,0.0,0.0,nan,m/day,map,map
ex12_multi_simulation_moderate,bouss_mod_tri,mf6_mod_s60,outflow_drain_map_last,elapsed_seconds:31536000,fallback_time_key,time_selector:last,12,12,31536000.0,311,0.0,0.0,0.0,0.0,nan,m/day,map,map
ex12_multi_simulation_moderate,bouss_mod_tri,mf6_mod_s60,outflow_drain_map_last,elapsed_seconds:31536000,fallback_time_key,time_selector:last,12,12,31536000.0,312,0.0,0.0,0.0,0.0,nan,m/day,map,map
ex12_multi_simulation_moderate,bouss_mod_tri,mf6_mod_s60,outflow_drain_map_last,elapsed_seconds:31536000,fallback_time_key,time_selector:last,12,12,31536000.0,313,0.0,0.0,0.0,0.0,nan,m/day,map,map
ex12_multi_simulation_moderate,bouss_mod_tri,mf6_mod_s60,outflow_drain_map_last,elapsed_seconds:31536000,fallback_time_key,time_selector:last,12,12,31536000.0,314,0.0,0.0,0.0,0.0,nan,m/day,map,map
ex12_multi_simulation_moderate,bouss_mod_tri,mf6_mod_s60,outflow_drain_map_last,elapsed_seconds:31536000,fallback_time_key,time_selector:last,12,12,31536000.0,315,0.0,0.0,0.0,0.0,nan,m/day,map,map
ex12_multi_simulation_moderate,bouss_mod_tri,mf6_mod_s60,outflow_drain_map_last,elapsed_seconds:31536000,fallback_time_key,time_selector:last,12,12,31536000.0,316,0.0,0.0,0.0,0.0,nan,m/day,map,map
ex12_multi_simulation_moderate,bouss_mod_tri,mf6_mod_s60,outflow_drain_map_last,elapsed_seconds:31536000,fallback_time_key,time_selector:last,12,12,31536000.0,317,0.0,0.0,0.0,0.0,nan,m/day,map,map
ex12_multi_simulation_moderate,bouss_mod_tri,mf6_mod_s60,outflow_drain_map_last,elapsed_seconds:31536000,fallback_time_key,time_selector:last,12,12,31536000.0,318,0.0,0.0,0.0,0.0,nan,m/day,map,map
ex12_multi_simulation_moderate,bouss_mod_tri,mf6_mod_s60,outflow_drain_map_last,elapsed_seconds:31536000,fallback_time_key,time_selector:last,12,12,31536000.0,319,0.0,0.0,0.0,0.0,nan,m/day,map,map
ex12_multi_simulation_moderate,bouss_mod_tri,mf6_mod_s60,outflow_drain_map_last,elapsed_seconds:31536000,fallback_time_key,time_selector:last,12,12,31536000.0,320,0.0,0.0,0.0,0.0,nan,m/day,map,map
ex12_multi_simulation_moderate,bouss_mod_tri,mf6_mod_s60,outflow_drain_map_last,elapsed_seconds:31536000,fallback_time_key,time_selector:last,12,12,31536000.0,321,0.0,0.0,0.0,0.0,nan,m/day,map,map
ex12_multi_simulation_moderate,bouss_mod_tri,mf6_mod_s60,outflow_drain_map_last,elapsed_seconds:31536000,fallback_time_key,time_selector:last,12,12,31536000.0,322,0.0,0.0,0.0,0.0,nan,m/day,map,map
ex12_multi_simulation_moderate,bouss_mod_tri,mf6_mod_s60,outflow_drain_map_last,elapsed_seconds:31536000,fallback_time_key,time_selector:last,12,12,31536000.0,323,0.0,0.0,0.0,0.0,nan,m/day,map,map
ex12_multi_simulation_moderate,bouss_mod_tri,mf6_mod_s60,outflow_drain_map_last,elapsed_seconds:31536000,fallback_time_key,time_selector:last,12,12,31536000.0,324,0.0,0.0,0.0,0.0,nan,m/day,map,map
ex12_multi_simulation_moderate,bouss_mod_tri,mf6_mod_s60,outflow_drain_map_last,elapsed_seconds:31536000,fallback_time_key,time_selector:last,12,12,31536000.0,325,0.0,0.0,0.0,0.0,nan,m/day,map,map
ex12_multi_simulation_moderate,bouss_mod_tri,mf6_mod_s60,outflow_drain_map_last,elapsed_seconds:31536000,fallback_time_key,time_selector:last,12,12,31536000.0,326,0.0,0.0,0.0,0.0,nan,m/day,map,map
ex12_multi_simulation_moderate,bouss_mod_tri,mf6_mod_s60,outflow_drain_map_last,elapsed_seconds:31536000,fallback_time_key,time_selector:last,12,12,31536000.0,327,0.0,0.0,0.0,0.0,nan,m/day,map,map
ex12_multi_simulation_moderate,bouss_mod_tri,mf6_mod_s60,outflow_drain_map_last,elapsed_seconds:31536000,fallback_time_key,time_selector:last,12,12,31536000.0,328,0.0,0.0,0.0,0.0,nan,m/day,map,map
ex12_multi_simulation_moderate,bouss_mod_tri,mf6_mod_s60,outflow_drain_map_last,elapsed_seconds:31536000,fallback_time_key,time_selector:last,12,12,31536000.0,329,0.0,0.0,0.0,0.0,nan,m/day,map,map
ex12_multi_simulation_moderate,bouss_mod_tri,mf6_mod_s60,outflow_drain_map_last,elapsed_seconds:31536000,fallback_time_key,time_selector:last,12,12,31536000.0,330,0.0,0.0,0.0,0.0,nan,m/day,map,map
ex12_multi_simulation_moderate,bouss_mod_tri,mf6_mod_s60,outflow_drain_map_last,elapsed_seconds:31536000,fallback_time_key,time_selector:last,12,12,31536000.0,331,0.0,0.0,0.0,0.0,nan,m/day,map,map
ex12_multi_simulation_moderate,bouss_mod_tri,mf6_mod_s60,outflow_drain_map_last,elapsed_seconds:31536000,fallback_time_key,time_selector:last,12,12,31536000.0,332,0.0,0.0,0.0,0.0,nan,m/day,map,map
ex12_multi_simulation_moderate,bouss_mod_tri,mf6_mod_s60,outflow_drain_map_last,elapsed_seconds:31536000,fallback_time_key,time_selector:last,12,12,31536000.0,333,0.0,0.0,0.0,0.0,nan,m/day,map,map
ex12_multi_simulation_moderate,bouss_mod_tri,mf6_mod_s60,outflow_drain_map_last,elapsed_seconds:31536000,fallback_time_key,time_selector:last,12,12,31536000.0,334,0.0,0.0,0.0,0.0,nan,m/day,map,map
ex12_multi_simulation_moderate,bouss_mod_tri,mf6_mod_s60,outflow_drain_map_last,elapsed_seconds:31536000,fallback_time_key,time_selector:last,12,12,31536000.0,335,0.0,0.0,0.0,0.0,nan,m/day,map,map
ex12_multi_simulation_moderate,bouss_mod_tri,mf6_mod_s60,outflow_drain_map_last,elapsed_seconds:31536000,fallback_time_key,time_selector:last,12,12,31536000.0,336,0.0,0.0,0.0,0.0,nan,m/day,map,map
ex12_multi_simulation_moderate,bouss_mod_tri,mf6_mod_s60,outflow_drain_map_last,elapsed_seconds:31536000,fallback_time_key,time_selector:last,12,12,31536000.0,337,0.0,0.0,0.0,0.0,nan,m/day,map,map
ex12_multi_simulation_moderate,bouss_mod_tri,mf6_mod_s60,outflow_drain_map_last,elapsed_seconds:31536000,fallback_time_key,time_selector:last,12,12,31536000.0,338,0.0,0.0,0.0,0.0,nan,m/day,map,map
ex12_multi_simulation_moderate,bouss_mod_tri,mf6_mod_s60,outflow_drain_map_last,elapsed_seconds:31536000,fallback_time_key,time_selector:last,12,12,31536000.0,339,0.0,5.602029756574824e-05,-5.602029756574824e-05,5.602029756574824e-05,1.0,m/day,map,map
ex12_multi_simulation_moderate,bouss_mod_tri,mf6_mod_s60,outflow_drain_map_last,elapsed_seconds:31536000,fallback_time_key,time_selector:last,12,12,31536000.0,340,3.811214160424594e-10,5.787263480104988e-05,-5.7872253679633836e-05,5.7872253679633836e-05,0.999993414479618,m/day,map,map
ex12_multi_simulation_moderate,bouss_mod_tri,mf6_mod_s60,outflow_drain_map_last,elapsed_seconds:31536000,fallback_time_key,time_selector:last,12,12,31536000.0,341,0.0,6.276334160455581e-05,-6.276334160455581e-05,6.276334160455581e-05,1.0,m/day,map,map
ex12_multi_simulation_moderate,bouss_mod_tri,mf6_mod_s60,outflow_drain_map_last,elapsed_seconds:31536000,fallback_time_key,time_selector:last,12,12,31536000.0,342,0.0,6.606621052252675e-05,-6.606621052252675e-05,6.606621052252675e-05,1.0,m/day,map,map
ex12_multi_simulation_moderate,bouss_mod_tri,mf6_mod_s60,outflow_drain_map_last,elapsed_seconds:31536000,fallback_time_key,time_selector:last,12,12,31536000.0,343,0.0,6.865226184288417e-05,-6.865226184288417e-05,6.865226184288417e-05,1.0,m/day,map,map
ex12_multi_simulation_moderate,bouss_mod_tri,mf6_mod_s60,outflow_drain_map_last,elapsed_seconds:31536000,fallback_time_key,time_selector:last,12,12,31536000.0,344,0.0,7.038620118125392e-05,-7.038620118125392e-05,7.038620118125392e-05,1.0,m/day,map,map
ex12_multi_simulation_moderate,bouss_mod_tri,mf6_mod_s60,outflow_drain_map_last,elapsed_seconds:31536000,fallback_time_key,time_selector:last,12,12,31536000.0,345,0.0,7.55369660464418e-05,-7.55369660464418e-05,7.55369660464418e-05,1.0,m/day,map,map
ex12_multi_simulation_moderate,bouss_mod_tri,mf6_mod_s60,outflow_drain_map_last,elapsed_seconds:31536000,fallback_time_key,time_selector:last,12,12,31536000.0,346,0.0,8.169386152928051e-05,-8.169386152928051e-05,8.169386152928051e-05,1.0,m/day,map,map
ex12_multi_simulation_moderate,bouss_mod_tri,mf6_mod_s60,outflow_drain_map_last,elapsed_seconds:31536000,fallback_time_key,time_selector:last,12,12,31536000.0,347,0.0,8.827536608338959e-05,-8.827536608338959e-05,8.827536608338959e-05,1.0,m/day,map,map
ex12_multi_simulation_moderate,bouss_mod_tri,mf6_mod_s60,outflow_drain_map_last,elapsed_seconds:31536000,fallback_time_key,time_selector:last,12,12,31536000.0,348,0.0,9.516393275786216e-05,-9.516393275786216e-05,9.516393275786216e-05,1.0,m/day,map,map
ex12_multi_simulation_moderate,bouss_mod_tri,mf6_mod_s60,outflow_drain_map_last,elapsed_seconds:31536000,fallback_time_key,time_selector:last,12,12,31536000.0,349,0.0,9.987656832783124e-05,-9.987656832783124e-05,9.987656832783124e-05,1.0,m/day,map,map
ex12_multi_simulation_moderate,bouss_mod_tri,mf6_mod_s60,outflow_drain_map_last,elapsed_seconds:31536000,fallback_time_key,time_selector:last,12,12,31536000.0,350,0.0,0.00010179302812123622,-0.00010179302812123622,0.00010179302812123622,1.0,m/day,map,map
ex12_multi_simulation_moderate,bouss_mod_tri,mf6_mod_s60,outflow_drain_map_last,elapsed_seconds:31536000,fallback_time_key,time_selector:last,12,12,31536000.0,351,0.0,0.0001016057416700735,-0.0001016057416700735,0.0001016057416700735,1.0,m/day,map,map
ex12_multi_simulation_moderate,bouss_mod_tri,mf6_mod_s60,outflow_drain_map_last,elapsed_seconds:31536000,fallback_time_key,time_selector:last,12,12,31536000.0,352,0.0,0.00010235807021368674,-0.00010235807021368674,0.00010235807021368674,1.0,m/day,map,map
ex12_multi_simulation_moderate,bouss_mod_tri,mf6_mod_s60,outflow_drain_map_last,elapsed_seconds:31536000,fallback_time_key,time_selector:last,12,12,31536000.0,353,0.0,9.950261473855282e-05,-9.950261473855282e-05,9.950261473855282e-05,1.0,m/day,map,map
ex12_multi_simulation_moderate,bouss_mod_tri,mf6_mod_s60,outflow_drain_map_last,elapsed_seconds:31536000,fallback_time_key,time_selector:last,12,12,31536000.0,354,0.0,9.715646535289786e-05,-9.715646535289786e-05,9.715646535289786e-05,1.0,m/day,map,map
ex12_multi_simulation_moderate,bouss_mod_tri,mf6_mod_s60,outflow_drain_map_last,elapsed_seconds:31536000,fallback_time_key,time_selector:last,12,12,31536000.0,355,0.0,9.137257299325196e-05,-9.137257299325196e-05,9.137257299325196e-05,1.0,m/day,map,map
ex12_multi_simulation_moderate,bouss_mod_tri,mf6_mod_s60,outflow_drain_map_last,elapsed_seconds:31536000,fallback_time_key,time_selector:last,12,12,31536000.0,356,0.0,8.220064599408455e-05,-8.220064599408455e-05,8.220064599408455e-05,1.0,m/day,map,map
ex12_multi_simulation_moderate,bouss_mod_tri,mf6_mod_s60,outflow_drain_map_last,elapsed_seconds:31536000,fallback_time_key,time_selector:last,12,12,31536000.0,357,0.0,7.057233796126322e-05,-7.057233796126322e-05,7.057233796126322e-05,1.0,m/day,map,map
ex12_multi_simulation_moderate,bouss_mod_tri,mf6_mod_s60,outflow_drain_map_last,elapsed_seconds:31536000,fallback_time_key,time_selector:last,12,12,31536000.0,358,0.0,5.852434708481782e-05,-5.852434708481782e-05,5.852434708481782e-05,1.0,m/day,map,map
ex12_multi_simulation_moderate,bouss_mod_tri,mf6_mod_s60,outflow_drain_map_last,elapsed_seconds:31536000,fallback_time_key,time_selector:last,12,12,31536000.0,359,0.0,5.0484504834318825e-05,-5.0484504834318825e-05,5.0484504834318825e-05,1.0,m/day,map,map
ex12_multi_simulation_moderate,bouss_mod_tri,mf6_mod_s60,outflow_drain_map_last,elapsed_seconds:31536000,fallback_time_key,time_selector:last,12,12,31536000.0,360,0.0,0.0,0.0,0.0,nan,m/day,map,map
ex12_multi_simulation_moderate,bouss_mod_tri,mf6_mod_s60,outflow_drain_map_last,elapsed_seconds:31536000,fallback_time_key,time_selector:last,12,12,31536000.0,361,0.0,0.0,0.0,0.0,nan,m/day,map,map
ex12_multi_simulation_moderate,bouss_mod_tri,mf6_mod_s60,outflow_drain_map_last,elapsed_seconds:31536000,fallback_time_key,time_selector:last,12,12,31536000.0,362,0.0,0.0,0.0,0.0,nan,m/day,map,map
ex12_multi_simulation_moderate,bouss_mod_tri,mf6_mod_s60,outflow_drain_map_last,elapsed_seconds:31536000,fallback_time_key,time_selector:last,12,12,31536000.0,363,0.0,0.0,0.0,0.0,nan,m/day,map,map
ex12_multi_simulation_moderate,bouss_mod_tri,mf6_mod_s60,outflow_drain_map_last,elapsed_seconds:31536000,fallback_time_key,time_selector:last,12,12,31536000.0,364,0.0,0.0,0.0,0.0,nan,m/day,map,map
ex12_multi_simulation_moderate,bouss_mod_tri,mf6_mod_s60,outflow_drain_map_last,elapsed_seconds:31536000,fallback_time_key,time_selector:last,12,12,31536000.0,365,1.5629302853922462e-10,0.0,1.5629302853922462e-10,1.5629302853922462e-10,nan,m/day,map,map
ex12_multi_simulation_moderate,bouss_mod_tri,mf6_mod_s60,outflow_drain_map_last,elapsed_seconds:31536000,fallback_time_key,time_selector:last,12,12,31536000.0,366,0.0,0.0,0.0,0.0,nan,m/day,map,map
ex12_multi_simulation_moderate,bouss_mod_tri,mf6_mod_s60,outflow_drain_map_last,elapsed_seconds:31536000,fallback_time_key,time_selector:last,12,12,31536000.0,367,1.685150928847308e-10,0.0,1.685150928847308e-10,1.685150928847308e-10,nan,m/day,map,map
ex12_multi_simulation_moderate,bouss_mod_tri,mf6_mod_s60,outflow_drain_map_last,elapsed_seconds:31536000,fallback_time_key,time_selector:last,12,12,31536000.0,368,0.0,0.0,0.0,0.0,nan,m/day,map,map
ex12_multi_simulation_moderate,bouss_mod_tri,mf6_mod_s60,outflow_drain_map_last,elapsed_seconds:31536000,fallback_time_key,time_selector:last,12,12,31536000.0,369,0.0,0.0,0.0,0.0,nan,m/day,map,map
ex12_multi_simulation_moderate,bouss_mod_tri,mf6_mod_s60,outflow_drain_map_last,elapsed_seconds:31536000,fallback_time_key,time_selector:last,12,12,31536000.0,370,0.0,0.0,0.0,0.0,nan,m/day,map,map
ex12_multi_simulation_moderate,bouss_mod_tri,mf6_mod_s60,outflow_drain_map_last,elapsed_seconds:31536000,fallback_time_key,time_selector:last,12,12,31536000.0,371,0.0,0.0,0.0,0.0,nan,m/day,map,map
ex12_multi_simulation_moderate,bouss_mod_tri,mf6_mod_s60,outflow_drain_map_last,elapsed_seconds:31536000,fallback_time_key,time_selector:last,12,12,31536000.0,372,0.0,0.0,0.0,0.0,nan,m/day,map,map
ex12_multi_simulation_moderate,bouss_mod_tri,mf6_mod_s60,outflow_drain_map_last,elapsed_seconds:31536000,fallback_time_key,time_selector:last,12,12,31536000.0,373,0.0,0.0,0.0,0.0,nan,m/day,map,map
ex12_multi_simulation_moderate,bouss_mod_tri,mf6_mod_s60,outflow_drain_map_last,elapsed_seconds:31536000,fallback_time_key,time_selector:last,12,12,31536000.0,374,0.0,0.0,0.0,0.0,nan,m/day,map,map
ex12_multi_simulation_moderate,bouss_mod_tri,mf6_mod_s60,outflow_drain_map_last,elapsed_seconds:31536000,fallback_time_key,time_selector:last,12,12,31536000.0,375,0.0,0.0,0.0,0.0,nan,m/day,map,map
ex12_multi_simulation_moderate,bouss_mod_tri,mf6_mod_s60,outflow_drain_map_last,elapsed_seconds:31536000,fallback_time_key,time_selector:last,12,12,31536000.0,376,0.0,0.0,0.0,0.0,nan,m/day,map,map
ex12_multi_simulation_moderate,bouss_mod_tri,mf6_mod_s60,outflow_drain_map_last,elapsed_seconds:31536000,fallback_time_key,time_selector:last,12,12,31536000.0,377,0.0,0.0,0.0,0.0,nan,m/day,map,map
ex12_multi_simulation_moderate,bouss_mod_tri,mf6_mod_s60,outflow_drain_map_last,elapsed_seconds:31536000,fallback_time_key,time_selector:last,12,12,31536000.0,378,0.0,0.0,0.0,0.0,nan,m/day,map,map
ex12_multi_simulation_moderate,bouss_mod_tri,mf6_mod_s60,outflow_drain_map_last,elapsed_seconds:31536000,fallback_time_key,time_selector:last,12,12,31536000.0,379,0.0,0.0,0.0,0.0,nan,m/day,map,map
ex12_multi_simulation_moderate,bouss_mod_tri,mf6_mod_s60,outflow_drain_map_last,elapsed_seconds:31536000,fallback_time_key,time_selector:last,12,12,31536000.0,380,0.0,0.0,0.0,0.0,nan,m/day,map,map
ex12_multi_simulation_moderate,bouss_mod_tri,mf6_mod_s60,outflow_drain_map_last,elapsed_seconds:31536000,fallback_time_key,time_selector:last,12,12,31536000.0,381,0.0,0.0,0.0,0.0,nan,m/day,map,map
ex12_multi_simulation_moderate,bouss_mod_tri,mf6_mod_s60,outflow_drain_map_last,elapsed_seconds:31536000,fallback_time_key,time_selector:last,12,12,31536000.0,382,0.0,0.0,0.0,0.0,nan,m/day,map,map
ex12_multi_simulation_moderate,bouss_mod_tri,mf6_mod_s60,outflow_drain_map_last,elapsed_seconds:31536000,fallback_time_key,time_selector:last,12,12,31536000.0,383,0.0,0.0,0.0,0.0,nan,m/day,map,map
ex12_multi_simulation_moderate,bouss_mod_tri,mf6_mod_s60,outflow_drain_map_last,elapsed_seconds:31536000,fallback_time_key,time_selector:last,12,12,31536000.0,384,0.0,0.0,0.0,0.0,nan,m/day,map,map
ex12_multi_simulation_moderate,bouss_mod_tri,mf6_mod_s60,outflow_drain_map_last,elapsed_seconds:31536000,fallback_time_key,time_selector:last,12,12,31536000.0,385,0.0,0.0,0.0,0.0,nan,m/day,map,map
ex12_multi_simulation_moderate,bouss_mod_tri,mf6_mod_s60,outflow_drain_map_last,elapsed_seconds:31536000,fallback_time_key,time_selector:last,12,12,31536000.0,386,0.0,0.0,0.0,0.0,nan,m/day,map,map
ex12_multi_simulation_moderate,bouss_mod_tri,mf6_mod_s60,outflow_drain_map_last,elapsed_seconds:31536000,fallback_time_key,time_selector:last,12,12,31536000.0,387,3.8261080095875685e-10,0.0,3.8261080095875685e-10,3.8261080095875685e-10,nan,m/day,map,map
ex12_multi_simulation_moderate,bouss_mod_tri,mf6_mod_s60,outflow_drain_map_last,elapsed_seconds:31536000,fallback_time_key,time_selector:last,12,12,31536000.0,388,0.0,0.0,0.0,0.0,nan,m/day,map,map
ex12_multi_simulation_moderate,bouss_mod_tri,mf6_mod_s60,outflow_drain_map_last,elapsed_seconds:31536000,fallback_time_key,time_selector:last,12,12,31536000.0,389,0.0,0.0,0.0,0.0,nan,m/day,map,map
ex12_multi_simulation_moderate,bouss_mod_tri,mf6_mod_s60,outflow_drain_map_last,elapsed_seconds:31536000,fallback_time_key,time_selector:last,12,12,31536000.0,390,0.0,0.0,0.0,0.0,nan,m/day,map,map
ex12_multi_simulation_moderate,bouss_mod_tri,mf6_mod_s60,outflow_drain_map_last,elapsed_seconds:31536000,fallback_time_key,time_selector:last,12,12,31536000.0,391,0.0,0.0,0.0,0.0,nan,m/day,map,map
ex12_multi_simulation_moderate,bouss_mod_tri,mf6_mod_s60,outflow_drain_map_last,elapsed_seconds:31536000,fallback_time_key,time_selector:last,12,12,31536000.0,392,0.0,0.0,0.0,0.0,nan,m/day,map,map
ex12_multi_simulation_moderate,bouss_mod_tri,mf6_mod_s60,outflow_drain_map_last,elapsed_seconds:31536000,fallback_time_key,time_selector:last,12,12,31536000.0,393,0.0,0.0,0.0,0.0,nan,m/day,map,map
ex12_multi_simulation_moderate,bouss_mod_tri,mf6_mod_s60,outflow_drain_map_last,elapsed_seconds:31536000,fallback_time_key,time_selector:last,12,12,31536000.0,394,0.0,0.0,0.0,0.0,nan,m/day,map,map
ex12_multi_simulation_moderate,bouss_mod_tri,mf6_mod_s60,outflow_drain_map_last,elapsed_seconds:31536000,fallback_time_key,time_selector:last,12,12,31536000.0,395,0.0,0.0,0.0,0.0,nan,m/day,map,map
ex12_multi_simulation_moderate,bouss_mod_tri,mf6_mod_s60,outflow_drain_map_last,elapsed_seconds:31536000,fallback_time_key,time_selector:last,12,12,31536000.0,396,0.0,0.0,0.0,0.0,nan,m/day,map,map
ex12_multi_simulation_moderate,bouss_mod_tri,mf6_mod_s60,outflow_drain_map_last,elapsed_seconds:31536000,fallback_time_key,time_selector:last,12,12,31536000.0,397,0.0,0.0,0.0,0.0,nan,m/day,map,map
ex12_multi_simulation_moderate,bouss_mod_tri,mf6_mod_s60,outflow_drain_map_last,elapsed_seconds:31536000,fallback_time_key,time_selector:last,12,12,31536000.0,398,0.0,0.0,0.0,0.0,nan,m/day,map,map
ex12_multi_simulation_moderate,bouss_mod_tri,mf6_mod_s60,outflow_drain_map_last,elapsed_seconds:31536000,fallback_time_key,time_selector:last,12,12,31536000.0,399,0.0,5.395376187513094e-05,-5.395376187513094e-05,5.395376187513094e-05,1.0,m/day,map,map
ex12_multi_simulation_moderate,bouss_mod_tri,mf6_mod_s60,outflow_drain_map_last,elapsed_seconds:31536000,fallback_time_key,time_selector:last,12,12,31536000.0,400,0.0,5.761062967821803e-05,-5.761062967821803e-05,5.761062967821803e-05,1.0,m/day,map,map
ex12_multi_simulation_moderate,bouss_mod_tri,mf6_mod_s60,outflow_drain_map_last,elapsed_seconds:31536000,fallback_time_key,time_selector:last,12,12,31536000.0,401,0.0,6.367710682835459e-05,-6.367710682835459e-05,6.367710682835459e-05,1.0,m/day,map,map
ex12_multi_simulation_moderate,bouss_mod_tri,mf6_mod_s60,outflow_drain_map_last,elapsed_seconds:31536000,fallback_time_key,time_selector:last,12,12,31536000.0,402,0.0,6.641965556030338e-05,-6.641965556030338e-05,6.641965556030338e-05,1.0,m/day,map,map
ex12_multi_simulation_moderate,bouss_mod_tri,mf6_mod_s60,outflow_drain_map_last,elapsed_seconds:31536000,fallback_time_key,time_selector:last,12,12,31536000.0,403,0.0,6.762724121247253e-05,-6.762724121247253e-05,6.762724121247253e-05,1.0,m/day,map,map
ex12_multi_simulation_moderate,bouss_mod_tri,mf6_mod_s60,outflow_drain_map_last,elapsed_seconds:31536000,fallback_time_key,time_selector:last,12,12,31536000.0,404,0.0,7.00618790325134e-05,-7.00618790325134e-05,7.00618790325134e-05,1.0,m/day,map,map
ex12_multi_simulation_moderate,bouss_mod_tri,mf6_mod_s60,outflow_drain_map_last,elapsed_seconds:31536000,fallback_time_key,time_selector:last,12,12,31536000.0,405,0.0,7.534592085770074e-05,-7.534592085770074e-05,7.534592085770074e-05,1.0,m/day,map,map
ex12_multi_simulation_moderate,bouss_mod_tri,mf6_mod_s60,outflow_drain_map_last,elapsed_seconds:31536000,fallback_time_key,time_selector:last,12,12,31536000.0,406,0.0,8.112270566958796e-05,-8.112270566958796e-05,8.112270566958796e-05,1.0,m/day,map,map
ex12_multi_simulation_moderate,bouss_mod_tri,mf6_mod_s60,outflow_drain_map_last,elapsed_seconds:31536000,fallback_time_key,time_selector:last,12,12,31536000.0,407,0.0,8.698579408182518e-05,-8.698579408182518e-05,8.698579408182518e-05,1.0,m/day,map,map
ex12_multi_simulation_moderate,bouss_mod_tri,mf6_mod_s60,outflow_drain_map_last,elapsed_seconds:31536000,fallback_time_key,time_selector:last,12,12,31536000.0,408,0.0,9.106289067954058e-05,-9.106289067954058e-05,9.106289067954058e-05,1.0,m/day,map,map
ex12_multi_simulation_moderate,bouss_mod_tri,mf6_mod_s60,outflow_drain_map_last,elapsed_seconds:31536000,fallback_time_key,time_selector:last,12,12,31536000.0,409,0.0,9.329744696753156e-05,-9.329744696753156e-05,9.329744696753156e-05,1.0,m/day,map,map
ex12_multi_simulation_moderate,bouss_mod_tri,mf6_mod_s60,outflow_drain_map_last,elapsed_seconds:31536000,fallback_time_key,time_selector:last,12,12,31536000.0,410,0.0,9.520926399088727e-05,-9.520926399088727e-05,9.520926399088727e-05,1.0,m/day,map,map
ex12_multi_simulation_moderate,bouss_mod_tri,mf6_mod_s60,outflow_drain_map_last,elapsed_seconds:31536000,fallback_time_key,time_selector:last,12,12,31536000.0,411,0.0,9.742608965346289e-05,-9.742608965346289e-05,9.742608965346289e-05,1.0,m/day,map,map
ex12_multi_simulation_moderate,bouss_mod_tri,mf6_mod_s60,outflow_drain_map_last,elapsed_seconds:31536000,fallback_time_key,time_selector:last,12,12,31536000.0,412,0.0,9.60972909640138e-05,-9.60972909640138e-05,9.60972909640138e-05,1.0,m/day,map,map
ex12_multi_simulation_moderate,bouss_mod_tri,mf6_mod_s60,outflow_drain_map_last,elapsed_seconds:31536000,fallback_time_key,time_selector:last,12,12,31536000.0,413,0.0,8.925131790459245e-05,-8.925131790459245e-05,8.925131790459245e-05,1.0,m/day,map,map
ex12_multi_simulation_moderate,bouss_mod_tri,mf6_mod_s60,outflow_drain_map_last,elapsed_seconds:31536000,fallback_time_key,time_selector:last,12,12,31536000.0,414,1.5994352518059e-08,8.602085579664125e-05,-8.60048614441232e-05,8.60048614441232e-05,0.9998140642479091,m/day,map,map
ex12_multi_simulation_moderate,bouss_mod_tri,mf6_mod_s60,outflow_drain_map_last,elapsed_seconds:31536000,fallback_time_key,time_selector:last,12,12,31536000.0,415,0.0,8.45502645391333e-05,-8.45502645391333e-05,8.45502645391333e-05,1.0,m/day,map,map
ex12_multi_simulation_moderate,bouss_mod_tri,mf6_mod_s60,outflow_drain_map_last,elapsed_seconds:31536000,fallback_time_key,time_selector:last,12,12,31536000.0,416,0.0,7.796995266249815e-05,-7.796995266249815e-05,7.796995266249815e-05,1.0,m/day,map,map
ex12_multi_simulation_moderate,bouss_mod_tri,mf6_mod_s60,outflow_drain_map_last,elapsed_seconds:31536000,fallback_time_key,time_selector:last,12,12,31536000.0,417,0.0,6.420499474784204e-05,-6.420499474784204e-05,6.420499474784204e-05,1.0,m/day,map,map
ex12_multi_simulation_moderate,bouss_mod_tri,mf6_mod_s60,outflow_drain_map_last,elapsed_seconds:31536000,fallback_time_key,time_selector:last,12,12,31536000.0,418,0.0,5.2887957668435815e-05,-5.2887957668435815e-05,5.2887957668435815e-05,1.0,m/day,map,map
ex12_multi_simulation_moderate,bouss_mod_tri,mf6_mod_s60,outflow_drain_map_last,elapsed_seconds:31536000,fallback_time_key,time_selector:last,12,12,31536000.0,419,0.0,4.2893446191844984e-05,-4.2893446191844984e-05,4.2893446191844984e-05,1.0,m/day,map,map
ex12_multi_simulation_moderate,bouss_mod_tri,mf6_mod_s60,outflow_drain_map_last,elapsed_seconds:31536000,fallback_time_key,time_selector:last,12,12,31536000.0,420,0.0,0.0,0.0,0.0,nan,m/day,map,map
ex12_multi_simulation_moderate,bouss_mod_tri,mf6_mod_s60,outflow_drain_map_last,elapsed_seconds:31536000,fallback_time_key,time_selector:last,12,12,31536000.0,421,0.0,0.0,0.0,0.0,nan,m/day,map,map
ex12_multi_simulation_moderate,bouss_mod_tri,mf6_mod_s60,outflow_drain_map_last,elapsed_seconds:31536000,fallback_time_key,time_selector:last,12,12,31536000.0,422,0.0,0.0,0.0,0.0,nan,m/day,map,map
ex12_multi_simulation_moderate,bouss_mod_tri,mf6_mod_s60,outflow_drain_map_last,elapsed_seconds:31536000,fallback_time_key,time_selector:last,12,12,31536000.0,423,0.0,0.0,0.0,0.0,nan,m/day,map,map
ex12_multi_simulation_moderate,bouss_mod_tri,mf6_mod_s60,outflow_drain_map_last,elapsed_seconds:31536000,fallback_time_key,time_selector:last,12,12,31536000.0,424,0.0,0.0,0.0,0.0,nan,m/day,map,map
ex12_multi_simulation_moderate,bouss_mod_tri,mf6_mod_s60,outflow_drain_map_last,elapsed_seconds:31536000,fallback_time_key,time_selector:last,12,12,31536000.0,425,0.0,0.0,0.0,0.0,nan,m/day,map,map
ex12_multi_simulation_moderate,bouss_mod_tri,mf6_mod_s60,outflow_drain_map_last,elapsed_seconds:31536000,fallback_time_key,time_selector:last,12,12,31536000.0,426,0.0,0.0,0.0,0.0,nan,m/day,map,map
ex12_multi_simulation_moderate,bouss_mod_tri,mf6_mod_s60,outflow_drain_map_last,elapsed_seconds:31536000,fallback_time_key,time_selector:last,12,12,31536000.0,427,0.0,0.0,0.0,0.0,nan,m/day,map,map
ex12_multi_simulation_moderate,bouss_mod_tri,mf6_mod_s60,outflow_drain_map_last,elapsed_seconds:31536000,fallback_time_key,time_selector:last,12,12,31536000.0,428,0.0,0.0,0.0,0.0,nan,m/day,map,map
ex12_multi_simulation_moderate,bouss_mod_tri,mf6_mod_s60,outflow_drain_map_last,elapsed_seconds:31536000,fallback_time_key,time_selector:last,12,12,31536000.0,429,0.0,0.0,0.0,0.0,nan,m/day,map,map
ex12_multi_simulation_moderate,bouss_mod_tri,mf6_mod_s60,outflow_drain_map_last,elapsed_seconds:31536000,fallback_time_key,time_selector:last,12,12,31536000.0,430,0.0,0.0,0.0,0.0,nan,m/day,map,map
ex12_multi_simulation_moderate,bouss_mod_tri,mf6_mod_s60,outflow_drain_map_last,elapsed_seconds:31536000,fallback_time_key,time_selector:last,12,12,31536000.0,431,0.0,0.0,0.0,0.0,nan,m/day,map,map
ex12_multi_simulation_moderate,bouss_mod_tri,mf6_mod_s60,outflow_drain_map_last,elapsed_seconds:31536000,fallback_time_key,time_selector:last,12,12,31536000.0,432,0.0,0.0,0.0,0.0,nan,m/day,map,map
ex12_multi_simulation_moderate,bouss_mod_tri,mf6_mod_s60,outflow_drain_map_last,elapsed_seconds:31536000,fallback_time_key,time_selector:last,12,12,31536000.0,433,0.0,0.0,0.0,0.0,nan,m/day,map,map
ex12_multi_simulation_moderate,bouss_mod_tri,mf6_mod_s60,outflow_drain_map_last,elapsed_seconds:31536000,fallback_time_key,time_selector:last,12,12,31536000.0,434,0.0,0.0,0.0,0.0,nan,m/day,map,map
ex12_multi_simulation_moderate,bouss_mod_tri,mf6_mod_s60,outflow_drain_map_last,elapsed_seconds:31536000,fallback_time_key,time_selector:last,12,12,31536000.0,435,1.2991792573047435e-10,0.0,1.2991792573047435e-10,1.2991792573047435e-10,nan,m/day,map,map
ex12_multi_simulation_moderate,bouss_mod_tri,mf6_mod_s60,outflow_drain_map_last,elapsed_seconds:31536000,fallback_time_key,time_selector:last,12,12,31536000.0,436,0.0,0.0,0.0,0.0,nan,m/day,map,map
ex12_multi_simulation_moderate,bouss_mod_tri,mf6_mod_s60,outflow_drain_map_last,elapsed_seconds:31536000,fallback_time_key,time_selector:last,12,12,31536000.0,437,0.0,0.0,0.0,0.0,nan,m/day,map,map
ex12_multi_simulation_moderate,bouss_mod_tri,mf6_mod_s60,outflow_drain_map_last,elapsed_seconds:31536000,fallback_time_key,time_selector:last,12,12,31536000.0,438,0.0,0.0,0.0,0.0,nan,m/day,map,map
ex12_multi_simulation_moderate,bouss_mod_tri,mf6_mod_s60,outflow_drain_map_last,elapsed_seconds:31536000,fallback_time_key,time_selector:last,12,12,31536000.0,439,0.0,0.0,0.0,0.0,nan,m/day,map,map
ex12_multi_simulation_moderate,bouss_mod_tri,mf6_mod_s60,outflow_drain_map_last,elapsed_seconds:31536000,fallback_time_key,time_selector:last,12,12,31536000.0,440,0.0,0.0,0.0,0.0,nan,m/day,map,map
ex12_multi_simulation_moderate,bouss_mod_tri,mf6_mod_s60,outflow_drain_map_last,elapsed_seconds:31536000,fallback_time_key,time_selector:last,12,12,31536000.0,441,0.0,0.0,0.0,0.0,nan,m/day,map,map
ex12_multi_simulation_moderate,bouss_mod_tri,mf6_mod_s60,outflow_drain_map_last,elapsed_seconds:31536000,fallback_time_key,time_selector:last,12,12,31536000.0,442,0.0,0.0,0.0,0.0,nan,m/day,map,map
ex12_multi_simulation_moderate,bouss_mod_tri,mf6_mod_s60,outflow_drain_map_last,elapsed_seconds:31536000,fallback_time_key,time_selector:last,12,12,31536000.0,443,0.0,0.0,0.0,0.0,nan,m/day,map,map
ex12_multi_simulation_moderate,bouss_mod_tri,mf6_mod_s60,outflow_drain_map_last,elapsed_seconds:31536000,fallback_time_key,time_selector:last,12,12,31536000.0,444,0.0,0.0,0.0,0.0,nan,m/day,map,map
ex12_multi_simulation_moderate,bouss_mod_tri,mf6_mod_s60,outflow_drain_map_last,elapsed_seconds:31536000,fallback_time_key,time_selector:last,12,12,31536000.0,445,0.0,0.0,0.0,0.0,nan,m/day,map,map
ex12_multi_simulation_moderate,bouss_mod_tri,mf6_mod_s60,outflow_drain_map_last,elapsed_seconds:31536000,fallback_time_key,time_selector:last,12,12,31536000.0,446,0.0,0.0,0.0,0.0,nan,m/day,map,map
ex12_multi_simulation_moderate,bouss_mod_tri,mf6_mod_s60,outflow_drain_map_last,elapsed_seconds:31536000,fallback_time_key,time_selector:last,12,12,31536000.0,447,0.0,0.0,0.0,0.0,nan,m/day,map,map
ex12_multi_simulation_moderate,bouss_mod_tri,mf6_mod_s60,outflow_drain_map_last,elapsed_seconds:31536000,fallback_time_key,time_selector:last,12,12,31536000.0,448,0.0,0.0,0.0,0.0,nan,m/day,map,map
ex12_multi_simulation_moderate,bouss_mod_tri,mf6_mod_s60,outflow_drain_map_last,elapsed_seconds:31536000,fallback_time_key,time_selector:last,12,12,31536000.0,449,0.0,0.0,0.0,0.0,nan,m/day,map,map
ex12_multi_simulation_moderate,bouss_mod_tri,mf6_mod_s60,outflow_drain_map_last,elapsed_seconds:31536000,fallback_time_key,time_selector:last,12,12,31536000.0,450,0.0,0.0,0.0,0.0,nan,m/day,map,map
ex12_multi_simulation_moderate,bouss_mod_tri,mf6_mod_s60,outflow_drain_map_last,elapsed_seconds:31536000,fallback_time_key,time_selector:last,12,12,31536000.0,451,0.0,0.0,0.0,0.0,nan,m/day,map,map
ex12_multi_simulation_moderate,bouss_mod_tri,mf6_mod_s60,outflow_drain_map_last,elapsed_seconds:31536000,fallback_time_key,time_selector:last,12,12,31536000.0,452,0.0,0.0,0.0,0.0,nan,m/day,map,map
ex12_multi_simulation_moderate,bouss_mod_tri,mf6_mod_s60,outflow_drain_map_last,elapsed_seconds:31536000,fallback_time_key,time_selector:last,12,12,31536000.0,453,0.0,0.0,0.0,0.0,nan,m/day,map,map
ex12_multi_simulation_moderate,bouss_mod_tri,mf6_mod_s60,outflow_drain_map_last,elapsed_seconds:31536000,fallback_time_key,time_selector:last,12,12,31536000.0,454,0.0,0.0,0.0,0.0,nan,m/day,map,map
ex12_multi_simulation_moderate,bouss_mod_tri,mf6_mod_s60,outflow_drain_map_last,elapsed_seconds:31536000,fallback_time_key,time_selector:last,12,12,31536000.0,455,0.0,0.0,0.0,0.0,nan,m/day,map,map
ex12_multi_simulation_moderate,bouss_mod_tri,mf6_mod_s60,outflow_drain_map_last,elapsed_seconds:31536000,fallback_time_key,time_selector:last,12,12,31536000.0,456,0.0,0.0,0.0,0.0,nan,m/day,map,map
ex12_multi_simulation_moderate,bouss_mod_tri,mf6_mod_s60,outflow_drain_map_last,elapsed_seconds:31536000,fallback_time_key,time_selector:last,12,12,31536000.0,457,0.0,0.0,0.0,0.0,nan,m/day,map,map
ex12_multi_simulation_moderate,bouss_mod_tri,mf6_mod_s60,outflow_drain_map_last,elapsed_seconds:31536000,fallback_time_key,time_selector:last,12,12,31536000.0,458,0.0,5.805827558632063e-05,-5.805827558632063e-05,5.805827558632063e-05,1.0,m/day,map,map
ex12_multi_simulation_moderate,bouss_mod_tri,mf6_mod_s60,outflow_drain_map_last,elapsed_seconds:31536000,fallback_time_key,time_selector:last,12,12,31536000.0,459,0.0,5.691543176428496e-05,-5.691543176428496e-05,5.691543176428496e-05,1.0,m/day,map,map
ex12_multi_simulation_moderate,bouss_mod_tri,mf6_mod_s60,outflow_drain_map_last,elapsed_seconds:31536000,fallback_time_key,time_selector:last,12,12,31536000.0,460,0.0,6.0435737254446904e-05,-6.0435737254446904e-05,6.0435737254446904e-05,1.0,m/day,map,map
ex12_multi_simulation_moderate,bouss_mod_tri,mf6_mod_s60,outflow_drain_map_last,elapsed_seconds:31536000,fallback_time_key,time_selector:last,12,12,31536000.0,461,0.0,6.444601832699781e-05,-6.444601832699781e-05,6.444601832699781e-05,1.0,m/day,map,map
ex12_multi_simulation_moderate,bouss_mod_tri,mf6_mod_s60,outflow_drain_map_last,elapsed_seconds:31536000,fallback_time_key,time_selector:last,12,12,31536000.0,462,0.0,6.777841837259622e-05,-6.777841837259622e-05,6.777841837259622e-05,1.0,m/day,map,map
ex12_multi_simulation_moderate,bouss_mod_tri,mf6_mod_s60,outflow_drain_map_last,elapsed_seconds:31536000,fallback_time_key,time_selector:last,12,12,31536000.0,463,0.0,7.05065557224003e-05,-7.05065557224003e-05,7.05065557224003e-05,1.0,m/day,map,map
ex12_multi_simulation_moderate,bouss_mod_tri,mf6_mod_s60,outflow_drain_map_last,elapsed_seconds:31536000,fallback_time_key,time_selector:last,12,12,31536000.0,464,0.0,7.31546111026036e-05,-7.31546111026036e-05,7.31546111026036e-05,1.0,m/day,map,map
ex12_multi_simulation_moderate,bouss_mod_tri,mf6_mod_s60,outflow_drain_map_last,elapsed_seconds:31536000,fallback_time_key,time_selector:last,12,12,31536000.0,465,0.0,7.759668065528114e-05,-7.759668065528114e-05,7.759668065528114e-05,1.0,m/day,map,map
ex12_multi_simulation_moderate,bouss_mod_tri,mf6_mod_s60,outflow_drain_map_last,elapsed_seconds:31536000,fallback_time_key,time_selector:last,12,12,31536000.0,466,0.0,8.047464390709006e-05,-8.047464390709006e-05,8.047464390709006e-05,1.0,m/day,map,map
ex12_multi_simulation_moderate,bouss_mod_tri,mf6_mod_s60,outflow_drain_map_last,elapsed_seconds:31536000,fallback_time_key,time_selector:last,12,12,31536000.0,467,0.0,8.22512625140528e-05,-8.22512625140528e-05,8.22512625140528e-05,1.0,m/day,map,map
ex12_multi_simulation_moderate,bouss_mod_tri,mf6_mod_s60,outflow_drain_map_last,elapsed_seconds:31536000,fallback_time_key,time_selector:last,12,12,31536000.0,468,0.0,8.499623380324537e-05,-8.499623380324537e-05,8.499623380324537e-05,1.0,m/day,map,map
ex12_multi_simulation_moderate,bouss_mod_tri,mf6_mod_s60,outflow_drain_map_last,elapsed_seconds:31536000,fallback_time_key,time_selector:last,12,12,31536000.0,469,0.0,8.78456732054105e-05,-8.78456732054105e-05,8.78456732054105e-05,1.0,m/day,map,map
ex12_multi_simulation_moderate,bouss_mod_tri,mf6_mod_s60,outflow_drain_map_last,elapsed_seconds:31536000,fallback_time_key,time_selector:last,12,12,31536000.0,470,6.0421306043079e-09,9.11591456026282e-05,-9.11531034720239e-05,9.11531034720239e-05,0.9999337188763194,m/day,map,map
ex12_multi_simulation_moderate,bouss_mod_tri,mf6_mod_s60,outflow_drain_map_last,elapsed_seconds:31536000,fallback_time_key,time_selector:last,12,12,31536000.0,471,0.0,9.173013244596602e-05,-9.173013244596602e-05,9.173013244596602e-05,1.0,m/day,map,map
ex12_multi_simulation_moderate,bouss_mod_tri,mf6_mod_s60,outflow_drain_map_last,elapsed_seconds:31536000,fallback_time_key,time_selector:last,12,12,31536000.0,472,0.0,8.563559793902699e-05,-8.563559793902699e-05,8.563559793902699e-05,1.0,m/day,map,map
ex12_multi_simulation_moderate,bouss_mod_tri,mf6_mod_s60,outflow_drain_map_last,elapsed_seconds:31536000,fallback_time_key,time_selector:last,12,12,31536000.0,473,6.86791854343317e-11,8.150028075681339e-05,-8.150021207762795e-05,8.150021207762795e-05,0.9999991573135111,m/day,map,map
ex12_multi_simulation_moderate,bouss_mod_tri,mf6_mod_s60,outflow_drain_map_last,elapsed_seconds:31536000,fallback_time_key,time_selector:last,12,12,31536000.0,474,0.0,7.795008328155724e-05,-7.795008328155724e-05,7.795008328155724e-05,1.0,m/day,map,map
ex12_multi_simulation_moderate,bouss_mod_tri,mf6_mod_s60,outflow_drain_map_last,elapsed_seconds:31536000,fallback_time_key,time_selector:last,12,12,31536000.0,475,0.0,7.72931106367814e-05,-7.72931106367814e-05,7.72931106367814e-05,1.0,m/day,map,map
ex12_multi_simulation_moderate,bouss_mod_tri,mf6_mod_s60,outflow_drain_map_last,elapsed_seconds:31536000,fallback_time_key,time_selector:last,12,12,31536000.0,476,0.0,7.298826033753968e-05,-7.298826033753968e-05,7.298826033753968e-05,1.0,m/day,map,map
ex12_multi_simulation_moderate,bouss_mod_tri,mf6_mod_s60,outflow_drain_map_last,elapsed_seconds:31536000,fallback_time_key,time_selector:last,12,12,31536000.0,477,0.0,6.21156459980779e-05,-6.21156459980779e-05,6.21156459980779e-05,1.0,m/day,map,map
ex12_multi_simulation_moderate,bouss_mod_tri,mf6_mod_s60,outflow_drain_map_last,elapsed_seconds:31536000,fallback_time_key,time_selector:last,12,12,31536000.0,478,0.0,4.737483429677618e-05,-4.737483429677618e-05,4.737483429677618e-05,1.0,m/day,map,map
ex12_multi_simulation_moderate,bouss_mod_tri,mf6_mod_s60,outflow_drain_map_last,elapsed_seconds:31536000,fallback_time_key,time_selector:last,12,12,31536000.0,479,0.0,3.744129988075156e-05,-3.744129988075156e-05,3.744129988075156e-05,1.0,m/day,map,map
ex12_multi_simulation_moderate,bouss_mod_tri,mf6_mod_s60,outflow_drain_map_last,elapsed_seconds:31536000,fallback_time_key,time_selector:last,12,12,31536000.0,480,0.0,0.0,0.0,0.0,nan,m/day,map,map
ex12_multi_simulation_moderate,bouss_mod_tri,mf6_mod_s60,outflow_drain_map_last,elapsed_seconds:31536000,fallback_time_key,time_selector:last,12,12,31536000.0,481,0.0,0.0,0.0,0.0,nan,m/day,map,map
ex12_multi_simulation_moderate,bouss_mod_tri,mf6_mod_s60,outflow_drain_map_last,elapsed_seconds:31536000,fallback_time_key,time_selector:last,12,12,31536000.0,482,0.0,0.0,0.0,0.0,nan,m/day,map,map
ex12_multi_simulation_moderate,bouss_mod_tri,mf6_mod_s60,outflow_drain_map_last,elapsed_seconds:31536000,fallback_time_key,time_selector:last,12,12,31536000.0,483,0.0,0.0,0.0,0.0,nan,m/day,map,map
ex12_multi_simulation_moderate,bouss_mod_tri,mf6_mod_s60,outflow_drain_map_last,elapsed_seconds:31536000,fallback_time_key,time_selector:last,12,12,31536000.0,484,0.0,0.0,0.0,0.0,nan,m/day,map,map
ex12_multi_simulation_moderate,bouss_mod_tri,mf6_mod_s60,outflow_drain_map_last,elapsed_seconds:31536000,fallback_time_key,time_selector:last,12,12,31536000.0,485,0.0,0.0,0.0,0.0,nan,m/day,map,map
ex12_multi_simulation_moderate,bouss_mod_tri,mf6_mod_s60,outflow_drain_map_last,elapsed_seconds:31536000,fallback_time_key,time_selector:last,12,12,31536000.0,486,0.0,0.0,0.0,0.0,nan,m/day,map,map
ex12_multi_simulation_moderate,bouss_mod_tri,mf6_mod_s60,outflow_drain_map_last,elapsed_seconds:31536000,fallback_time_key,time_selector:last,12,12,31536000.0,487,0.0,0.0,0.0,0.0,nan,m/day,map,map
ex12_multi_simulation_moderate,bouss_mod_tri,mf6_mod_s60,outflow_drain_map_last,elapsed_seconds:31536000,fallback_time_key,time_selector:last,12,12,31536000.0,488,0.0,0.0,0.0,0.0,nan,m/day,map,map
ex12_multi_simulation_moderate,bouss_mod_tri,mf6_mod_s60,outflow_drain_map_last,elapsed_seconds:31536000,fallback_time_key,time_selector:last,12,12,31536000.0,489,0.0,0.0,0.0,0.0,nan,m/day,map,map
ex12_multi_simulation_moderate,bouss_mod_tri,mf6_mod_s60,outflow_drain_map_last,elapsed_seconds:31536000,fallback_time_key,time_selector:last,12,12,31536000.0,490,0.0,0.0,0.0,0.0,nan,m/day,map,map
ex12_multi_simulation_moderate,bouss_mod_tri,mf6_mod_s60,outflow_drain_map_last,elapsed_seconds:31536000,fallback_time_key,time_selector:last,12,12,31536000.0,491,0.0,0.0,0.0,0.0,nan,m/day,map,map
ex12_multi_simulation_moderate,bouss_mod_tri,mf6_mod_s60,outflow_drain_map_last,elapsed_seconds:31536000,fallback_time_key,time_selector:last,12,12,31536000.0,492,0.0,0.0,0.0,0.0,nan,m/day,map,map
ex12_multi_simulation_moderate,bouss_mod_tri,mf6_mod_s60,outflow_drain_map_last,elapsed_seconds:31536000,fallback_time_key,time_selector:last,12,12,31536000.0,493,0.0,0.0,0.0,0.0,nan,m/day,map,map
ex12_multi_simulation_moderate,bouss_mod_tri,mf6_mod_s60,outflow_drain_map_last,elapsed_seconds:31536000,fallback_time_key,time_selector:last,12,12,31536000.0,494,0.0,0.0,0.0,0.0,nan,m/day,map,map
ex12_multi_simulation_moderate,bouss_mod_tri,mf6_mod_s60,outflow_drain_map_last,elapsed_seconds:31536000,fallback_time_key,time_selector:last,12,12,31536000.0,495,0.0,0.0,0.0,0.0,nan,m/day,map,map
ex12_multi_simulation_moderate,bouss_mod_tri,mf6_mod_s60,outflow_drain_map_last,elapsed_seconds:31536000,fallback_time_key,time_selector:last,12,12,31536000.0,496,0.0,0.0,0.0,0.0,nan,m/day,map,map
ex12_multi_simulation_moderate,bouss_mod_tri,mf6_mod_s60,outflow_drain_map_last,elapsed_seconds:31536000,fallback_time_key,time_selector:last,12,12,31536000.0,497,0.0,0.0,0.0,0.0,nan,m/day,map,map
ex12_multi_simulation_moderate,bouss_mod_tri,mf6_mod_s60,outflow_drain_map_last,elapsed_seconds:31536000,fallback_time_key,time_selector:last,12,12,31536000.0,498,0.0,0.0,0.0,0.0,nan,m/day,map,map
ex12_multi_simulation_moderate,bouss_mod_tri,mf6_mod_s60,outflow_drain_map_last,elapsed_seconds:31536000,fallback_time_key,time_selector:last,12,12,31536000.0,499,0.0,0.0,0.0,0.0,nan,m/day,map,map
ex12_multi_simulation_moderate,bouss_mod_tri,mf6_mod_s60,outflow_drain_map_last,elapsed_seconds:31536000,fallback_time_key,time_selector:last,12,12,31536000.0,500,0.0,0.0,0.0,0.0,nan,m/day,map,map
ex12_multi_simulation_moderate,bouss_mod_tri,mf6_mod_s60,outflow_drain_map_last,elapsed_seconds:31536000,fallback_time_key,time_selector:last,12,12,31536000.0,501,0.0,0.0,0.0,0.0,nan,m/day,map,map
ex12_multi_simulation_moderate,bouss_mod_tri,mf6_mod_s60,outflow_drain_map_last,elapsed_seconds:31536000,fallback_time_key,time_selector:last,12,12,31536000.0,502,0.0,0.0,0.0,0.0,nan,m/day,map,map
ex12_multi_simulation_moderate,bouss_mod_tri,mf6_mod_s60,outflow_drain_map_last,elapsed_seconds:31536000,fallback_time_key,time_selector:last,12,12,31536000.0,503,0.0,0.0,0.0,0.0,nan,m/day,map,map
ex12_multi_simulation_moderate,bouss_mod_tri,mf6_mod_s60,outflow_drain_map_last,elapsed_seconds:31536000,fallback_time_key,time_selector:last,12,12,31536000.0,504,0.0,0.0,0.0,0.0,nan,m/day,map,map
ex12_multi_simulation_moderate,bouss_mod_tri,mf6_mod_s60,outflow_drain_map_last,elapsed_seconds:31536000,fallback_time_key,time_selector:last,12,12,31536000.0,505,0.0,0.0,0.0,0.0,nan,m/day,map,map
ex12_multi_simulation_moderate,bouss_mod_tri,mf6_mod_s60,outflow_drain_map_last,elapsed_seconds:31536000,fallback_time_key,time_selector:last,12,12,31536000.0,506,0.0,0.0,0.0,0.0,nan,m/day,map,map
ex12_multi_simulation_moderate,bouss_mod_tri,mf6_mod_s60,outflow_drain_map_last,elapsed_seconds:31536000,fallback_time_key,time_selector:last,12,12,31536000.0,507,0.0,0.0,0.0,0.0,nan,m/day,map,map
ex12_multi_simulation_moderate,bouss_mod_tri,mf6_mod_s60,outflow_drain_map_last,elapsed_seconds:31536000,fallback_time_key,time_selector:last,12,12,31536000.0,508,0.0,0.0,0.0,0.0,nan,m/day,map,map
ex12_multi_simulation_moderate,bouss_mod_tri,mf6_mod_s60,outflow_drain_map_last,elapsed_seconds:31536000,fallback_time_key,time_selector:last,12,12,31536000.0,509,0.0,0.0,0.0,0.0,nan,m/day,map,map
ex12_multi_simulation_moderate,bouss_mod_tri,mf6_mod_s60,outflow_drain_map_last,elapsed_seconds:31536000,fallback_time_key,time_selector:last,12,12,31536000.0,510,0.0,0.0,0.0,0.0,nan,m/day,map,map
ex12_multi_simulation_moderate,bouss_mod_tri,mf6_mod_s60,outflow_drain_map_last,elapsed_seconds:31536000,fallback_time_key,time_selector:last,12,12,31536000.0,511,0.0,0.0,0.0,0.0,nan,m/day,map,map
ex12_multi_simulation_moderate,bouss_mod_tri,mf6_mod_s60,outflow_drain_map_last,elapsed_seconds:31536000,fallback_time_key,time_selector:last,12,12,31536000.0,512,0.0,0.0,0.0,0.0,nan,m/day,map,map
ex12_multi_simulation_moderate,bouss_mod_tri,mf6_mod_s60,outflow_drain_map_last,elapsed_seconds:31536000,fallback_time_key,time_selector:last,12,12,31536000.0,513,0.0,0.0,0.0,0.0,nan,m/day,map,map
ex12_multi_simulation_moderate,bouss_mod_tri,mf6_mod_s60,outflow_drain_map_last,elapsed_seconds:31536000,fallback_time_key,time_selector:last,12,12,31536000.0,514,0.0,0.0,0.0,0.0,nan,m/day,map,map
ex12_multi_simulation_moderate,bouss_mod_tri,mf6_mod_s60,outflow_drain_map_last,elapsed_seconds:31536000,fallback_time_key,time_selector:last,12,12,31536000.0,515,0.0,0.0,0.0,0.0,nan,m/day,map,map
ex12_multi_simulation_moderate,bouss_mod_tri,mf6_mod_s60,outflow_drain_map_last,elapsed_seconds:31536000,fallback_time_key,time_selector:last,12,12,31536000.0,516,0.0,0.0,0.0,0.0,nan,m/day,map,map
ex12_multi_simulation_moderate,bouss_mod_tri,mf6_mod_s60,outflow_drain_map_last,elapsed_seconds:31536000,fallback_time_key,time_selector:last,12,12,31536000.0,517,0.0,0.0,0.0,0.0,nan,m/day,map,map
ex12_multi_simulation_moderate,bouss_mod_tri,mf6_mod_s60,outflow_drain_map_last,elapsed_seconds:31536000,fallback_time_key,time_selector:last,12,12,31536000.0,518,0.0,5.711439109981056e-05,-5.711439109981056e-05,5.711439109981056e-05,1.0,m/day,map,map
ex12_multi_simulation_moderate,bouss_mod_tri,mf6_mod_s60,outflow_drain_map_last,elapsed_seconds:31536000,fallback_time_key,time_selector:last,12,12,31536000.0,519,0.0,5.7829047071095846e-05,-5.7829047071095846e-05,5.7829047071095846e-05,1.0,m/day,map,map
ex12_multi_simulation_moderate,bouss_mod_tri,mf6_mod_s60,outflow_drain_map_last,elapsed_seconds:31536000,fallback_time_key,time_selector:last,12,12,31536000.0,520,0.0,6.050143566232926e-05,-6.050143566232926e-05,6.050143566232926e-05,1.0,m/day,map,map
ex12_multi_simulation_moderate,bouss_mod_tri,mf6_mod_s60,outflow_drain_map_last,elapsed_seconds:31536000,fallback_time_key,time_selector:last,12,12,31536000.0,521,0.0,5.920766107813812e-05,-5.920766107813812e-05,5.920766107813812e-05,1.0,m/day,map,map
ex12_multi_simulation_moderate,bouss_mod_tri,mf6_mod_s60,outflow_drain_map_last,elapsed_seconds:31536000,fallback_time_key,time_selector:last,12,12,31536000.0,522,0.0,6.355733383290045e-05,-6.355733383290045e-05,6.355733383290045e-05,1.0,m/day,map,map
ex12_multi_simulation_moderate,bouss_mod_tri,mf6_mod_s60,outflow_drain_map_last,elapsed_seconds:31536000,fallback_time_key,time_selector:last,12,12,31536000.0,523,0.0,6.93802703542949e-05,-6.93802703542949e-05,6.93802703542949e-05,1.0,m/day,map,map
ex12_multi_simulation_moderate,bouss_mod_tri,mf6_mod_s60,outflow_drain_map_last,elapsed_seconds:31536000,fallback_time_key,time_selector:last,12,12,31536000.0,524,0.0,7.282956315761923e-05,-7.282956315761923e-05,7.282956315761923e-05,1.0,m/day,map,map
ex12_multi_simulation_moderate,bouss_mod_tri,mf6_mod_s60,outflow_drain_map_last,elapsed_seconds:31536000,fallback_time_key,time_selector:last,12,12,31536000.0,525,0.0,7.475088282733874e-05,-7.475088282733874e-05,7.475088282733874e-05,1.0,m/day,map,map
ex12_multi_simulation_moderate,bouss_mod_tri,mf6_mod_s60,outflow_drain_map_last,elapsed_seconds:31536000,fallback_time_key,time_selector:last,12,12,31536000.0,526,0.0,7.46885838999122e-05,-7.46885838999122e-05,7.46885838999122e-05,1.0,m/day,map,map
ex12_multi_simulation_moderate,bouss_mod_tri,mf6_mod_s60,outflow_drain_map_last,elapsed_seconds:31536000,fallback_time_key,time_selector:last,12,12,31536000.0,527,3.2680573528367864e-11,7.38695331054624e-05,-7.386950042488887e-05,7.386950042488887e-05,0.9999995575906311,m/day,map,map
ex12_multi_simulation_moderate,bouss_mod_tri,mf6_mod_s60,outflow_drain_map_last,elapsed_seconds:31536000,fallback_time_key,time_selector:last,12,12,31536000.0,528,0.0,7.599744343493435e-05,-7.599744343493435e-05,7.599744343493435e-05,1.0,m/day,map,map
ex12_multi_simulation_moderate,bouss_mod_tri,mf6_mod_s60,outflow_drain_map_last,elapsed_seconds:31536000,fallback_time_key,time_selector:last,12,12,31536000.0,529,0.0,8.13248079694919e-05,-8.13248079694919e-05,8.13248079694919e-05,1.0,m/day,map,map
ex12_multi_simulation_moderate,bouss_mod_tri,mf6_mod_s60,outflow_drain_map_last,elapsed_seconds:31536000,fallback_time_key,time_selector:last,12,12,31536000.0,530,0.0,8.769599423766447e-05,-8.769599423766447e-05,8.769599423766447e-05,1.0,m/day,map,map
ex12_multi_simulation_moderate,bouss_mod_tri,mf6_mod_s60,outflow_drain_map_last,elapsed_seconds:31536000,fallback_time_key,time_selector:last,12,12,31536000.0,531,1.4064268257859552e-10,8.898486460926858e-05,-8.898472396658601e-05,8.898472396658601e-05,0.9999984194763549,m/day,map,map
ex12_multi_simulation_moderate,bouss_mod_tri,mf6_mod_s60,outflow_drain_map_last,elapsed_seconds:31536000,fallback_time_key,time_selector:last,12,12,31536000.0,532,0.0,8.031612065145235e-05,-8.031612065145235e-05,8.031612065145235e-05,1.0,m/day,map,map
ex12_multi_simulation_moderate,bouss_mod_tri,mf6_mod_s60,outflow_drain_map_last,elapsed_seconds:31536000,fallback_time_key,time_selector:last,12,12,31536000.0,533,0.0,7.14749602537619e-05,-7.14749602537619e-05,7.14749602537619e-05,1.0,m/day,map,map
ex12_multi_simulation_moderate,bouss_mod_tri,mf6_mod_s60,outflow_drain_map_last,elapsed_seconds:31536000,fallback_time_key,time_selector:last,12,12,31536000.0,534,0.0,7.275645822077599e-05,-7.275645822077599e-05,7.275645822077599e-05,1.0,m/day,map,map
ex12_multi_simulation_moderate,bouss_mod_tri,mf6_mod_s60,outflow_drain_map_last,elapsed_seconds:31536000,fallback_time_key,time_selector:last,12,12,31536000.0,535,0.0,7.537572127929424e-05,-7.537572127929424e-05,7.537572127929424e-05,1.0,m/day,map,map
ex12_multi_simulation_moderate,bouss_mod_tri,mf6_mod_s60,outflow_drain_map_last,elapsed_seconds:31536000,fallback_time_key,time_selector:last,12,12,31536000.0,536,0.0,6.961651766806748e-05,-6.961651766806748e-05,6.961651766806748e-05,1.0,m/day,map,map
ex12_multi_simulation_moderate,bouss_mod_tri,mf6_mod_s60,outflow_drain_map_last,elapsed_seconds:31536000,fallback_time_key,time_selector:last,12,12,31536000.0,537,0.0,5.859573842694832e-05,-5.859573842694832e-05,5.859573842694832e-05,1.0,m/day,map,map
ex12_multi_simulation_moderate,bouss_mod_tri,mf6_mod_s60,outflow_drain_map_last,elapsed_seconds:31536000,fallback_time_key,time_selector:last,12,12,31536000.0,538,0.0,4.288095082188338e-05,-4.288095082188338e-05,4.288095082188338e-05,1.0,m/day,map,map
ex12_multi_simulation_moderate,bouss_mod_tri,mf6_mod_s60,outflow_drain_map_last,elapsed_seconds:31536000,fallback_time_key,time_selector:last,12,12,31536000.0,539,0.0,3.3569609915532145e-05,-3.3569609915532145e-05,3.3569609915532145e-05,1.0,m/day,map,map
ex12_multi_simulation_moderate,bouss_mod_tri,mf6_mod_s60,outflow_drain_map_last,elapsed_seconds:31536000,fallback_time_key,time_selector:last,12,12,31536000.0,540,0.0,0.0,0.0,0.0,nan,m/day,map,map
ex12_multi_simulation_moderate,bouss_mod_tri,mf6_mod_s60,outflow_drain_map_last,elapsed_seconds:31536000,fallback_time_key,time_selector:last,12,12,31536000.0,541,0.0,0.0,0.0,0.0,nan,m/day,map,map
ex12_multi_simulation_moderate,bouss_mod_tri,mf6_mod_s60,outflow_drain_map_last,elapsed_seconds:31536000,fallback_time_key,time_selector:last,12,12,31536000.0,542,0.0,0.0,0.0,0.0,nan,m/day,map,map
ex12_multi_simulation_moderate,bouss_mod_tri,mf6_mod_s60,outflow_drain_map_last,elapsed_seconds:31536000,fallback_time_key,time_selector:last,12,12,31536000.0,543,0.0,0.0,0.0,0.0,nan,m/day,map,map
ex12_multi_simulation_moderate,bouss_mod_tri,mf6_mod_s60,outflow_drain_map_last,elapsed_seconds:31536000,fallback_time_key,time_selector:last,12,12,31536000.0,544,0.0,0.0,0.0,0.0,nan,m/day,map,map
ex12_multi_simulation_moderate,bouss_mod_tri,mf6_mod_s60,outflow_drain_map_last,elapsed_seconds:31536000,fallback_time_key,time_selector:last,12,12,31536000.0,545,0.0,0.0,0.0,0.0,nan,m/day,map,map
ex12_multi_simulation_moderate,bouss_mod_tri,mf6_mod_s60,outflow_drain_map_last,elapsed_seconds:31536000,fallback_time_key,time_selector:last,12,12,31536000.0,546,0.0,0.0,0.0,0.0,nan,m/day,map,map
ex12_multi_simulation_moderate,bouss_mod_tri,mf6_mod_s60,outflow_drain_map_last,elapsed_seconds:31536000,fallback_time_key,time_selector:last,12,12,31536000.0,547,0.0,0.0,0.0,0.0,nan,m/day,map,map
ex12_multi_simulation_moderate,bouss_mod_tri,mf6_mod_s60,outflow_drain_map_last,elapsed_seconds:31536000,fallback_time_key,time_selector:last,12,12,31536000.0,548,0.0,0.0,0.0,0.0,nan,m/day,map,map
ex12_multi_simulation_moderate,bouss_mod_tri,mf6_mod_s60,outflow_drain_map_last,elapsed_seconds:31536000,fallback_time_key,time_selector:last,12,12,31536000.0,549,0.0,0.0,0.0,0.0,nan,m/day,map,map
ex12_multi_simulation_moderate,bouss_mod_tri,mf6_mod_s60,outflow_drain_map_last,elapsed_seconds:31536000,fallback_time_key,time_selector:last,12,12,31536000.0,550,0.0,0.0,0.0,0.0,nan,m/day,map,map
ex12_multi_simulation_moderate,bouss_mod_tri,mf6_mod_s60,outflow_drain_map_last,elapsed_seconds:31536000,fallback_time_key,time_selector:last,12,12,31536000.0,551,0.0,0.0,0.0,0.0,nan,m/day,map,map
ex12_multi_simulation_moderate,bouss_mod_tri,mf6_mod_s60,outflow_drain_map_last,elapsed_seconds:31536000,fallback_time_key,time_selector:last,12,12,31536000.0,552,0.0,0.0,0.0,0.0,nan,m/day,map,map
ex12_multi_simulation_moderate,bouss_mod_tri,mf6_mod_s60,outflow_drain_map_last,elapsed_seconds:31536000,fallback_time_key,time_selector:last,12,12,31536000.0,553,0.0,0.0,0.0,0.0,nan,m/day,map,map
ex12_multi_simulation_moderate,bouss_mod_tri,mf6_mod_s60,outflow_drain_map_last,elapsed_seconds:31536000,fallback_time_key,time_selector:last,12,12,31536000.0,554,0.0,0.0,0.0,0.0,nan,m/day,map,map
ex12_multi_simulation_moderate,bouss_mod_tri,mf6_mod_s60,outflow_drain_map_last,elapsed_seconds:31536000,fallback_time_key,time_selector:last,12,12,31536000.0,555,0.0,0.0,0.0,0.0,nan,m/day,map,map
ex12_multi_simulation_moderate,bouss_mod_tri,mf6_mod_s60,outflow_drain_map_last,elapsed_seconds:31536000,fallback_time_key,time_selector:last,12,12,31536000.0,556,0.0,0.0,0.0,0.0,nan,m/day,map,map
ex12_multi_simulation_moderate,bouss_mod_tri,mf6_mod_s60,outflow_drain_map_last,elapsed_seconds:31536000,fallback_time_key,time_selector:last,12,12,31536000.0,557,0.0,0.0,0.0,0.0,nan,m/day,map,map
ex12_multi_simulation_moderate,bouss_mod_tri,mf6_mod_s60,outflow_drain_map_last,elapsed_seconds:31536000,fallback_time_key,time_selector:last,12,12,31536000.0,558,0.0,0.0,0.0,0.0,nan,m/day,map,map
ex12_multi_simulation_moderate,bouss_mod_tri,mf6_mod_s60,outflow_drain_map_last,elapsed_seconds:31536000,fallback_time_key,time_selector:last,12,12,31536000.0,559,0.0,0.0,0.0,0.0,nan,m/day,map,map
ex12_multi_simulation_moderate,bouss_mod_tri,mf6_mod_s60,outflow_drain_map_last,elapsed_seconds:31536000,fallback_time_key,time_selector:last,12,12,31536000.0,560,0.0,0.0,0.0,0.0,nan,m/day,map,map
ex12_multi_simulation_moderate,bouss_mod_tri,mf6_mod_s60,outflow_drain_map_last,elapsed_seconds:31536000,fallback_time_key,time_selector:last,12,12,31536000.0,561,0.0,0.0,0.0,0.0,nan,m/day,map,map
ex12_multi_simulation_moderate,bouss_mod_tri,mf6_mod_s60,outflow_drain_map_last,elapsed_seconds:31536000,fallback_time_key,time_selector:last,12,12,31536000.0,562,0.0,0.0,0.0,0.0,nan,m/day,map,map
ex12_multi_simulation_moderate,bouss_mod_tri,mf6_mod_s60,outflow_drain_map_last,elapsed_seconds:31536000,fallback_time_key,time_selector:last,12,12,31536000.0,563,0.0,0.0,0.0,0.0,nan,m/day,map,map
ex12_multi_simulation_moderate,bouss_mod_tri,mf6_mod_s60,outflow_drain_map_last,elapsed_seconds:31536000,fallback_time_key,time_selector:last,12,12,31536000.0,564,0.0,0.0,0.0,0.0,nan,m/day,map,map
ex12_multi_simulation_moderate,bouss_mod_tri,mf6_mod_s60,outflow_drain_map_last,elapsed_seconds:31536000,fallback_time_key,time_selector:last,12,12,31536000.0,565,0.0,0.0,0.0,0.0,nan,m/day,map,map
ex12_multi_simulation_moderate,bouss_mod_tri,mf6_mod_s60,outflow_drain_map_last,elapsed_seconds:31536000,fallback_time_key,time_selector:last,12,12,31536000.0,566,0.0,0.0,0.0,0.0,nan,m/day,map,map
ex12_multi_simulation_moderate,bouss_mod_tri,mf6_mod_s60,outflow_drain_map_last,elapsed_seconds:31536000,fallback_time_key,time_selector:last,12,12,31536000.0,567,0.0,0.0,0.0,0.0,nan,m/day,map,map
ex12_multi_simulation_moderate,bouss_mod_tri,mf6_mod_s60,outflow_drain_map_last,elapsed_seconds:31536000,fallback_time_key,time_selector:last,12,12,31536000.0,568,0.0,0.0,0.0,0.0,nan,m/day,map,map
ex12_multi_simulation_moderate,bouss_mod_tri,mf6_mod_s60,outflow_drain_map_last,elapsed_seconds:31536000,fallback_time_key,time_selector:last,12,12,31536000.0,569,0.0,0.0,0.0,0.0,nan,m/day,map,map
ex12_multi_simulation_moderate,bouss_mod_tri,mf6_mod_s60,outflow_drain_map_last,elapsed_seconds:31536000,fallback_time_key,time_selector:last,12,12,31536000.0,570,0.0,0.0,0.0,0.0,nan,m/day,map,map
ex12_multi_simulation_moderate,bouss_mod_tri,mf6_mod_s60,outflow_drain_map_last,elapsed_seconds:31536000,fallback_time_key,time_selector:last,12,12,31536000.0,571,0.0,0.0,0.0,0.0,nan,m/day,map,map
ex12_multi_simulation_moderate,bouss_mod_tri,mf6_mod_s60,outflow_drain_map_last,elapsed_seconds:31536000,fallback_time_key,time_selector:last,12,12,31536000.0,572,0.0,0.0,0.0,0.0,nan,m/day,map,map
ex12_multi_simulation_moderate,bouss_mod_tri,mf6_mod_s60,outflow_drain_map_last,elapsed_seconds:31536000,fallback_time_key,time_selector:last,12,12,31536000.0,573,0.0,0.0,0.0,0.0,nan,m/day,map,map
ex12_multi_simulation_moderate,bouss_mod_tri,mf6_mod_s60,outflow_drain_map_last,elapsed_seconds:31536000,fallback_time_key,time_selector:last,12,12,31536000.0,574,0.0,0.0,0.0,0.0,nan,m/day,map,map
ex12_multi_simulation_moderate,bouss_mod_tri,mf6_mod_s60,outflow_drain_map_last,elapsed_seconds:31536000,fallback_time_key,time_selector:last,12,12,31536000.0,575,0.0,0.0,0.0,0.0,nan,m/day,map,map
ex12_multi_simulation_moderate,bouss_mod_tri,mf6_mod_s60,outflow_drain_map_last,elapsed_seconds:31536000,fallback_time_key,time_selector:last,12,12,31536000.0,576,0.0,0.0,0.0,0.0,nan,m/day,map,map
ex12_multi_simulation_moderate,bouss_mod_tri,mf6_mod_s60,outflow_drain_map_last,elapsed_seconds:31536000,fallback_time_key,time_selector:last,12,12,31536000.0,577,0.0,0.0,0.0,0.0,nan,m/day,map,map
ex12_multi_simulation_moderate,bouss_mod_tri,mf6_mod_s60,outflow_drain_map_last,elapsed_seconds:31536000,fallback_time_key,time_selector:last,12,12,31536000.0,578,0.0,5.5175103792592115e-05,-5.5175103792592115e-05,5.5175103792592115e-05,1.0,m/day,map,map
ex12_multi_simulation_moderate,bouss_mod_tri,mf6_mod_s60,outflow_drain_map_last,elapsed_seconds:31536000,fallback_time_key,time_selector:last,12,12,31536000.0,579,0.0,5.75258333834676e-05,-5.75258333834676e-05,5.75258333834676e-05,1.0,m/day,map,map
ex12_multi_simulation_moderate,bouss_mod_tri,mf6_mod_s60,outflow_drain_map_last,elapsed_seconds:31536000,fallback_time_key,time_selector:last,12,12,31536000.0,580,0.0,5.9237991925258256e-05,-5.9237991925258256e-05,5.9237991925258256e-05,1.0,m/day,map,map
ex12_multi_simulation_moderate,bouss_mod_tri,mf6_mod_s60,outflow_drain_map_last,elapsed_seconds:31536000,fallback_time_key,time_selector:last,12,12,31536000.0,581,0.0,5.657972057218283e-05,-5.657972057218283e-05,5.657972057218283e-05,1.0,m/day,map,map
ex12_multi_simulation_moderate,bouss_mod_tri,mf6_mod_s60,outflow_drain_map_last,elapsed_seconds:31536000,fallback_time_key,time_selector:last,12,12,31536000.0,582,0.0,6.0324238566593184e-05,-6.0324238566593184e-05,6.0324238566593184e-05,1.0,m/day,map,map
ex12_multi_simulation_moderate,bouss_mod_tri,mf6_mod_s60,outflow_drain_map_last,elapsed_seconds:31536000,fallback_time_key,time_selector:last,12,12,31536000.0,583,0.0,6.721547967945829e-05,-6.721547967945829e-05,6.721547967945829e-05,1.0,m/day,map,map
ex12_multi_simulation_moderate,bouss_mod_tri,mf6_mod_s60,outflow_drain_map_last,elapsed_seconds:31536000,fallback_time_key,time_selector:last,12,12,31536000.0,584,0.0,6.996550881840946e-05,-6.996550881840946e-05,6.996550881840946e-05,1.0,m/day,map,map
ex12_multi_simulation_moderate,bouss_mod_tri,mf6_mod_s60,outflow_drain_map_last,elapsed_seconds:31536000,fallback_time_key,time_selector:last,12,12,31536000.0,585,0.0,6.793050747195173e-05,-6.793050747195173e-05,6.793050747195173e-05,1.0,m/day,map,map
ex12_multi_simulation_moderate,bouss_mod_tri,mf6_mod_s60,outflow_drain_map_last,elapsed_seconds:31536000,fallback_time_key,time_selector:last,12,12,31536000.0,586,0.0,6.569118055142482e-05,-6.569118055142482e-05,6.569118055142482e-05,1.0,m/day,map,map
ex12_multi_simulation_moderate,bouss_mod_tri,mf6_mod_s60,outflow_drain_map_last,elapsed_seconds:31536000,fallback_time_key,time_selector:last,12,12,31536000.0,587,0.0,6.649106016121012e-05,-6.649106016121012e-05,6.649106016121012e-05,1.0,m/day,map,map
ex12_multi_simulation_moderate,bouss_mod_tri,mf6_mod_s60,outflow_drain_map_last,elapsed_seconds:31536000,fallback_time_key,time_selector:last,12,12,31536000.0,588,0.0,6.893699312481905e-05,-6.893699312481905e-05,6.893699312481905e-05,1.0,m/day,map,map
ex12_multi_simulation_moderate,bouss_mod_tri,mf6_mod_s60,outflow_drain_map_last,elapsed_seconds:31536000,fallback_time_key,time_selector:last,12,12,31536000.0,589,0.0,7.519281707957693e-05,-7.519281707957693e-05,7.519281707957693e-05,1.0,m/day,map,map
ex12_multi_simulation_moderate,bouss_mod_tri,mf6_mod_s60,outflow_drain_map_last,elapsed_seconds:31536000,fallback_time_key,time_selector:last,12,12,31536000.0,590,0.0,8.286620790615975e-05,-8.286620790615975e-05,8.286620790615975e-05,1.0,m/day,map,map
ex12_multi_simulation_moderate,bouss_mod_tri,mf6_mod_s60,outflow_drain_map_last,elapsed_seconds:31536000,fallback_time_key,time_selector:last,12,12,31536000.0,591,0.0,8.372581851513912e-05,-8.372581851513912e-05,8.372581851513912e-05,1.0,m/day,map,map
ex12_multi_simulation_moderate,bouss_mod_tri,mf6_mod_s60,outflow_drain_map_last,elapsed_seconds:31536000,fallback_time_key,time_selector:last,12,12,31536000.0,592,0.0,7.503961234671635e-05,-7.503961234671635e-05,7.503961234671635e-05,1.0,m/day,map,map
ex12_multi_simulation_moderate,bouss_mod_tri,mf6_mod_s60,outflow_drain_map_last,elapsed_seconds:31536000,fallback_time_key,time_selector:last,12,12,31536000.0,593,0.0,6.567338267217675e-05,-6.567338267217675e-05,6.567338267217675e-05,1.0,m/day,map,map
ex12_multi_simulation_moderate,bouss_mod_tri,mf6_mod_s60,outflow_drain_map_last,elapsed_seconds:31536000,fallback_time_key,time_selector:last,12,12,31536000.0,594,0.0,6.777089735813158e-05,-6.777089735813158e-05,6.777089735813158e-05,1.0,m/day,map,map
ex12_multi_simulation_moderate,bouss_mod_tri,mf6_mod_s60,outflow_drain_map_last,elapsed_seconds:31536000,fallback_time_key,time_selector:last,12,12,31536000.0,595,0.0,7.301184455347207e-05,-7.301184455347207e-05,7.301184455347207e-05,1.0,m/day,map,map
ex12_multi_simulation_moderate,bouss_mod_tri,mf6_mod_s60,outflow_drain_map_last,elapsed_seconds:31536000,fallback_time_key,time_selector:last,12,12,31536000.0,596,0.0,6.713876820968272e-05,-6.713876820968272e-05,6.713876820968272e-05,1.0,m/day,map,map
ex12_multi_simulation_moderate,bouss_mod_tri,mf6_mod_s60,outflow_drain_map_last,elapsed_seconds:31536000,fallback_time_key,time_selector:last,12,12,31536000.0,597,0.0,5.359715075385022e-05,-5.359715075385022e-05,5.359715075385022e-05,1.0,m/day,map,map
ex12_multi_simulation_moderate,bouss_mod_tri,mf6_mod_s60,outflow_drain_map_last,elapsed_seconds:31536000,fallback_time_key,time_selector:last,12,12,31536000.0,598,0.0,4.017973562940851e-05,-4.017973562940851e-05,4.017973562940851e-05,1.0,m/day,map,map
ex12_multi_simulation_moderate,bouss_mod_tri,mf6_mod_s60,outflow_drain_map_last,elapsed_seconds:31536000,fallback_time_key,time_selector:last,12,12,31536000.0,599,0.0,3.1554442075099444e-05,-3.1554442075099444e-05,3.1554442075099444e-05,1.0,m/day,map,map
ex12_multi_simulation_moderate,bouss_mod_tri,mf6_mod_s60,outflow_drain_map_last,elapsed_seconds:31536000,fallback_time_key,time_selector:last,12,12,31536000.0,600,0.0,0.0,0.0,0.0,nan,m/day,map,map
ex12_multi_simulation_moderate,bouss_mod_tri,mf6_mod_s60,outflow_drain_map_last,elapsed_seconds:31536000,fallback_time_key,time_selector:last,12,12,31536000.0,601,0.0,0.0,0.0,0.0,nan,m/day,map,map
ex12_multi_simulation_moderate,bouss_mod_tri,mf6_mod_s60,outflow_drain_map_last,elapsed_seconds:31536000,fallback_time_key,time_selector:last,12,12,31536000.0,602,0.0,0.0,0.0,0.0,nan,m/day,map,map
ex12_multi_simulation_moderate,bouss_mod_tri,mf6_mod_s60,outflow_drain_map_last,elapsed_seconds:31536000,fallback_time_key,time_selector:last,12,12,31536000.0,603,0.0,0.0,0.0,0.0,nan,m/day,map,map
ex12_multi_simulation_moderate,bouss_mod_tri,mf6_mod_s60,outflow_drain_map_last,elapsed_seconds:31536000,fallback_time_key,time_selector:last,12,12,31536000.0,604,0.0,0.0,0.0,0.0,nan,m/day,map,map
ex12_multi_simulation_moderate,bouss_mod_tri,mf6_mod_s60,outflow_drain_map_last,elapsed_seconds:31536000,fallback_time_key,time_selector:last,12,12,31536000.0,605,0.0,0.0,0.0,0.0,nan,m/day,map,map
ex12_multi_simulation_moderate,bouss_mod_tri,mf6_mod_s60,outflow_drain_map_last,elapsed_seconds:31536000,fallback_time_key,time_selector:last,12,12,31536000.0,606,0.0,0.0,0.0,0.0,nan,m/day,map,map
ex12_multi_simulation_moderate,bouss_mod_tri,mf6_mod_s60,outflow_drain_map_last,elapsed_seconds:31536000,fallback_time_key,time_selector:last,12,12,31536000.0,607,0.0,0.0,0.0,0.0,nan,m/day,map,map
ex12_multi_simulation_moderate,bouss_mod_tri,mf6_mod_s60,outflow_drain_map_last,elapsed_seconds:31536000,fallback_time_key,time_selector:last,12,12,31536000.0,608,0.0,0.0,0.0,0.0,nan,m/day,map,map
ex12_multi_simulation_moderate,bouss_mod_tri,mf6_mod_s60,outflow_drain_map_last,elapsed_seconds:31536000,fallback_time_key,time_selector:last,12,12,31536000.0,609,0.0,0.0,0.0,0.0,nan,m/day,map,map
ex12_multi_simulation_moderate,bouss_mod_tri,mf6_mod_s60,outflow_drain_map_last,elapsed_seconds:31536000,fallback_time_key,time_selector:last,12,12,31536000.0,610,0.0,0.0,0.0,0.0,nan,m/day,map,map
ex12_multi_simulation_moderate,bouss_mod_tri,mf6_mod_s60,outflow_drain_map_last,elapsed_seconds:31536000,fallback_time_key,time_selector:last,12,12,31536000.0,611,0.0,0.0,0.0,0.0,nan,m/day,map,map
ex12_multi_simulation_moderate,bouss_mod_tri,mf6_mod_s60,outflow_drain_map_last,elapsed_seconds:31536000,fallback_time_key,time_selector:last,12,12,31536000.0,612,0.0,0.0,0.0,0.0,nan,m/day,map,map
ex12_multi_simulation_moderate,bouss_mod_tri,mf6_mod_s60,outflow_drain_map_last,elapsed_seconds:31536000,fallback_time_key,time_selector:last,12,12,31536000.0,613,0.0,0.0,0.0,0.0,nan,m/day,map,map
ex12_multi_simulation_moderate,bouss_mod_tri,mf6_mod_s60,outflow_drain_map_last,elapsed_seconds:31536000,fallback_time_key,time_selector:last,12,12,31536000.0,614,0.0,0.0,0.0,0.0,nan,m/day,map,map
ex12_multi_simulation_moderate,bouss_mod_tri,mf6_mod_s60,outflow_drain_map_last,elapsed_seconds:31536000,fallback_time_key,time_selector:last,12,12,31536000.0,615,0.0,0.0,0.0,0.0,nan,m/day,map,map
ex12_multi_simulation_moderate,bouss_mod_tri,mf6_mod_s60,outflow_drain_map_last,elapsed_seconds:31536000,fallback_time_key,time_selector:last,12,12,31536000.0,616,0.0,0.0,0.0,0.0,nan,m/day,map,map
ex12_multi_simulation_moderate,bouss_mod_tri,mf6_mod_s60,outflow_drain_map_last,elapsed_seconds:31536000,fallback_time_key,time_selector:last,12,12,31536000.0,617,0.0,0.0,0.0,0.0,nan,m/day,map,map
ex12_multi_simulation_moderate,bouss_mod_tri,mf6_mod_s60,outflow_drain_map_last,elapsed_seconds:31536000,fallback_time_key,time_selector:last,12,12,31536000.0,618,0.0,0.0,0.0,0.0,nan,m/day,map,map
ex12_multi_simulation_moderate,bouss_mod_tri,mf6_mod_s60,outflow_drain_map_last,elapsed_seconds:31536000,fallback_time_key,time_selector:last,12,12,31536000.0,619,0.0,0.0,0.0,0.0,nan,m/day,map,map
ex12_multi_simulation_moderate,bouss_mod_tri,mf6_mod_s60,outflow_drain_map_last,elapsed_seconds:31536000,fallback_time_key,time_selector:last,12,12,31536000.0,620,0.0,0.0,0.0,0.0,nan,m/day,map,map
ex12_multi_simulation_moderate,bouss_mod_tri,mf6_mod_s60,outflow_drain_map_last,elapsed_seconds:31536000,fallback_time_key,time_selector:last,12,12,31536000.0,621,0.0,0.0,0.0,0.0,nan,m/day,map,map
ex12_multi_simulation_moderate,bouss_mod_tri,mf6_mod_s60,outflow_drain_map_last,elapsed_seconds:31536000,fallback_time_key,time_selector:last,12,12,31536000.0,622,0.0,0.0,0.0,0.0,nan,m/day,map,map
ex12_multi_simulation_moderate,bouss_mod_tri,mf6_mod_s60,outflow_drain_map_last,elapsed_seconds:31536000,fallback_time_key,time_selector:last,12,12,31536000.0,623,0.0,0.0,0.0,0.0,nan,m/day,map,map
ex12_multi_simulation_moderate,bouss_mod_tri,mf6_mod_s60,outflow_drain_map_last,elapsed_seconds:31536000,fallback_time_key,time_selector:last,12,12,31536000.0,624,0.0,0.0,0.0,0.0,nan,m/day,map,map
ex12_multi_simulation_moderate,bouss_mod_tri,mf6_mod_s60,outflow_drain_map_last,elapsed_seconds:31536000,fallback_time_key,time_selector:last,12,12,31536000.0,625,0.0,0.0,0.0,0.0,nan,m/day,map,map
ex12_multi_simulation_moderate,bouss_mod_tri,mf6_mod_s60,outflow_drain_map_last,elapsed_seconds:31536000,fallback_time_key,time_selector:last,12,12,31536000.0,626,0.0,0.0,0.0,0.0,nan,m/day,map,map
ex12_multi_simulation_moderate,bouss_mod_tri,mf6_mod_s60,outflow_drain_map_last,elapsed_seconds:31536000,fallback_time_key,time_selector:last,12,12,31536000.0,627,0.0,0.0,0.0,0.0,nan,m/day,map,map
ex12_multi_simulation_moderate,bouss_mod_tri,mf6_mod_s60,outflow_drain_map_last,elapsed_seconds:31536000,fallback_time_key,time_selector:last,12,12,31536000.0,628,0.0,0.0,0.0,0.0,nan,m/day,map,map
ex12_multi_simulation_moderate,bouss_mod_tri,mf6_mod_s60,outflow_drain_map_last,elapsed_seconds:31536000,fallback_time_key,time_selector:last,12,12,31536000.0,629,0.0,0.0,0.0,0.0,nan,m/day,map,map
ex12_multi_simulation_moderate,bouss_mod_tri,mf6_mod_s60,outflow_drain_map_last,elapsed_seconds:31536000,fallback_time_key,time_selector:last,12,12,31536000.0,630,0.0,0.0,0.0,0.0,nan,m/day,map,map
ex12_multi_simulation_moderate,bouss_mod_tri,mf6_mod_s60,outflow_drain_map_last,elapsed_seconds:31536000,fallback_time_key,time_selector:last,12,12,31536000.0,631,0.0,0.0,0.0,0.0,nan,m/day,map,map
ex12_multi_simulation_moderate,bouss_mod_tri,mf6_mod_s60,outflow_drain_map_last,elapsed_seconds:31536000,fallback_time_key,time_selector:last,12,12,31536000.0,632,0.0,0.0,0.0,0.0,nan,m/day,map,map
ex12_multi_simulation_moderate,bouss_mod_tri,mf6_mod_s60,outflow_drain_map_last,elapsed_seconds:31536000,fallback_time_key,time_selector:last,12,12,31536000.0,633,0.0,0.0,0.0,0.0,nan,m/day,map,map
ex12_multi_simulation_moderate,bouss_mod_tri,mf6_mod_s60,outflow_drain_map_last,elapsed_seconds:31536000,fallback_time_key,time_selector:last,12,12,31536000.0,634,0.0,0.0,0.0,0.0,nan,m/day,map,map
ex12_multi_simulation_moderate,bouss_mod_tri,mf6_mod_s60,outflow_drain_map_last,elapsed_seconds:31536000,fallback_time_key,time_selector:last,12,12,31536000.0,635,0.0,0.0,0.0,0.0,nan,m/day,map,map
ex12_multi_simulation_moderate,bouss_mod_tri,mf6_mod_s60,outflow_drain_map_last,elapsed_seconds:31536000,fallback_time_key,time_selector:last,12,12,31536000.0,636,0.0,0.0,0.0,0.0,nan,m/day,map,map
ex12_multi_simulation_moderate,bouss_mod_tri,mf6_mod_s60,outflow_drain_map_last,elapsed_seconds:31536000,fallback_time_key,time_selector:last,12,12,31536000.0,637,0.0,0.0,0.0,0.0,nan,m/day,map,map
ex12_multi_simulation_moderate,bouss_mod_tri,mf6_mod_s60,outflow_drain_map_last,elapsed_seconds:31536000,fallback_time_key,time_selector:last,12,12,31536000.0,638,6.539741512671271e-10,5.3793469297511555e-05,-5.379281532336029e-05,5.379281532336029e-05,0.9999878428708948,m/day,map,map
ex12_multi_simulation_moderate,bouss_mod_tri,mf6_mod_s60,outflow_drain_map_last,elapsed_seconds:31536000,fallback_time_key,time_selector:last,12,12,31536000.0,639,0.0,5.669896895580404e-05,-5.669896895580404e-05,5.669896895580404e-05,1.0,m/day,map,map
ex12_multi_simulation_moderate,bouss_mod_tri,mf6_mod_s60,outflow_drain_map_last,elapsed_seconds:31536000,fallback_time_key,time_selector:last,12,12,31536000.0,640,0.0,5.7098381141142086e-05,-5.7098381141142086e-05,5.7098381141142086e-05,1.0,m/day,map,map
ex12_multi_simulation_moderate,bouss_mod_tri,mf6_mod_s60,outflow_drain_map_last,elapsed_seconds:31536000,fallback_time_key,time_selector:last,12,12,31536000.0,641,0.0,5.7320282947651013e-05,-5.7320282947651013e-05,5.7320282947651013e-05,1.0,m/day,map,map
ex12_multi_simulation_moderate,bouss_mod_tri,mf6_mod_s60,outflow_drain_map_last,elapsed_seconds:31536000,fallback_time_key,time_selector:last,12,12,31536000.0,642,0.0,6.130047175090443e-05,-6.130047175090443e-05,6.130047175090443e-05,1.0,m/day,map,map
ex12_multi_simulation_moderate,bouss_mod_tri,mf6_mod_s60,outflow_drain_map_last,elapsed_seconds:31536000,fallback_time_key,time_selector:last,12,12,31536000.0,643,0.0,6.305984989237487e-05,-6.305984989237487e-05,6.305984989237487e-05,1.0,m/day,map,map
ex12_multi_simulation_moderate,bouss_mod_tri,mf6_mod_s60,outflow_drain_map_last,elapsed_seconds:31536000,fallback_time_key,time_selector:last,12,12,31536000.0,644,0.0,6.152338357465724e-05,-6.152338357465724e-05,6.152338357465724e-05,1.0,m/day,map,map
ex12_multi_simulation_moderate,bouss_mod_tri,mf6_mod_s60,outflow_drain_map_last,elapsed_seconds:31536000,fallback_time_key,time_selector:last,12,12,31536000.0,645,0.0,5.806481853863599e-05,-5.806481853863599e-05,5.806481853863599e-05,1.0,m/day,map,map
ex12_multi_simulation_moderate,bouss_mod_tri,mf6_mod_s60,outflow_drain_map_last,elapsed_seconds:31536000,fallback_time_key,time_selector:last,12,12,31536000.0,646,0.0,5.73747404830217e-05,-5.73747404830217e-05,5.73747404830217e-05,1.0,m/day,map,map
ex12_multi_simulation_moderate,bouss_mod_tri,mf6_mod_s60,outflow_drain_map_last,elapsed_seconds:31536000,fallback_time_key,time_selector:last,12,12,31536000.0,647,0.0,6.003759729768937e-05,-6.003759729768937e-05,6.003759729768937e-05,1.0,m/day,map,map
ex12_multi_simulation_moderate,bouss_mod_tri,mf6_mod_s60,outflow_drain_map_last,elapsed_seconds:31536000,fallback_time_key,time_selector:last,12,12,31536000.0,648,0.0,6.53167421056167e-05,-6.53167421056167e-05,6.53167421056167e-05,1.0,m/day,map,map
ex12_multi_simulation_moderate,bouss_mod_tri,mf6_mod_s60,outflow_drain_map_last,elapsed_seconds:31536000,fallback_time_key,time_selector:last,12,12,31536000.0,649,0.0,7.014044080894816e-05,-7.014044080894816e-05,7.014044080894816e-05,1.0,m/day,map,map
ex12_multi_simulation_moderate,bouss_mod_tri,mf6_mod_s60,outflow_drain_map_last,elapsed_seconds:31536000,fallback_time_key,time_selector:last,12,12,31536000.0,650,0.0,7.563177271788148e-05,-7.563177271788148e-05,7.563177271788148e-05,1.0,m/day,map,map
ex12_multi_simulation_moderate,bouss_mod_tri,mf6_mod_s60,outflow_drain_map_last,elapsed_seconds:31536000,fallback_time_key,time_selector:last,12,12,31536000.0,651,0.0,7.681784314246369e-05,-7.681784314246369e-05,7.681784314246369e-05,1.0,m/day,map,map
ex12_multi_simulation_moderate,bouss_mod_tri,mf6_mod_s60,outflow_drain_map_last,elapsed_seconds:31536000,fallback_time_key,time_selector:last,12,12,31536000.0,652,0.0,7.114089952043766e-05,-7.114089952043766e-05,7.114089952043766e-05,1.0,m/day,map,map
ex12_multi_simulation_moderate,bouss_mod_tri,mf6_mod_s60,outflow_drain_map_last,elapsed_seconds:31536000,fallback_time_key,time_selector:last,12,12,31536000.0,653,0.0,5.9215274412653457e-05,-5.9215274412653457e-05,5.9215274412653457e-05,1.0,m/day,map,map
ex12_multi_simulation_moderate,bouss_mod_tri,mf6_mod_s60,outflow_drain_map_last,elapsed_seconds:31536000,fallback_time_key,time_selector:last,12,12,31536000.0,654,2.697620308803972e-09,6.127480849325026e-05,-6.127211087294146e-05,6.127211087294146e-05,0.9999559750511648,m/day,map,map
ex12_multi_simulation_moderate,bouss_mod_tri,mf6_mod_s60,outflow_drain_map_last,elapsed_seconds:31536000,fallback_time_key,time_selector:last,12,12,31536000.0,655,0.0,6.519710981625648e-05,-6.519710981625648e-05,6.519710981625648e-05,1.0,m/day,map,map
ex12_multi_simulation_moderate,bouss_mod_tri,mf6_mod_s60,outflow_drain_map_last,elapsed_seconds:31536000,fallback_time_key,time_selector:last,12,12,31536000.0,656,0.0,5.836301287922858e-05,-5.836301287922858e-05,5.836301287922858e-05,1.0,m/day,map,map
ex12_multi_simulation_moderate,bouss_mod_tri,mf6_mod_s60,outflow_drain_map_last,elapsed_seconds:31536000,fallback_time_key,time_selector:last,12,12,31536000.0,657,0.0,4.764201199937055e-05,-4.764201199937055e-05,4.764201199937055e-05,1.0,m/day,map,map
ex12_multi_simulation_moderate,bouss_mod_tri,mf6_mod_s60,outflow_drain_map_last,elapsed_seconds:31536000,fallback_time_key,time_selector:last,12,12,31536000.0,658,0.0,3.658037564479612e-05,-3.658037564479612e-05,3.658037564479612e-05,1.0,m/day,map,map
ex12_multi_simulation_moderate,bouss_mod_tri,mf6_mod_s60,outflow_drain_map_last,elapsed_seconds:31536000,fallback_time_key,time_selector:last,12,12,31536000.0,659,0.0,2.8870280760912416e-05,-2.8870280760912416e-05,2.8870280760912416e-05,1.0,m/day,map,map
ex12_multi_simulation_moderate,bouss_mod_tri,mf6_mod_s60,outflow_drain_map_last,elapsed_seconds:31536000,fallback_time_key,time_selector:last,12,12,31536000.0,660,0.0,0.0,0.0,0.0,nan,m/day,map,map
ex12_multi_simulation_moderate,bouss_mod_tri,mf6_mod_s60,outflow_drain_map_last,elapsed_seconds:31536000,fallback_time_key,time_selector:last,12,12,31536000.0,661,0.0,0.0,0.0,0.0,nan,m/day,map,map
ex12_multi_simulation_moderate,bouss_mod_tri,mf6_mod_s60,outflow_drain_map_last,elapsed_seconds:31536000,fallback_time_key,time_selector:last,12,12,31536000.0,662,0.0,0.0,0.0,0.0,nan,m/day,map,map
ex12_multi_simulation_moderate,bouss_mod_tri,mf6_mod_s60,outflow_drain_map_last,elapsed_seconds:31536000,fallback_time_key,time_selector:last,12,12,31536000.0,663,0.0,0.0,0.0,0.0,nan,m/day,map,map
ex12_multi_simulation_moderate,bouss_mod_tri,mf6_mod_s60,outflow_drain_map_last,elapsed_seconds:31536000,fallback_time_key,time_selector:last,12,12,31536000.0,664,0.0,0.0,0.0,0.0,nan,m/day,map,map
ex12_multi_simulation_moderate,bouss_mod_tri,mf6_mod_s60,outflow_drain_map_last,elapsed_seconds:31536000,fallback_time_key,time_selector:last,12,12,31536000.0,665,0.0,0.0,0.0,0.0,nan,m/day,map,map
ex12_multi_simulation_moderate,bouss_mod_tri,mf6_mod_s60,outflow_drain_map_last,elapsed_seconds:31536000,fallback_time_key,time_selector:last,12,12,31536000.0,666,0.0,0.0,0.0,0.0,nan,m/day,map,map
ex12_multi_simulation_moderate,bouss_mod_tri,mf6_mod_s60,outflow_drain_map_last,elapsed_seconds:31536000,fallback_time_key,time_selector:last,12,12,31536000.0,667,0.0,0.0,0.0,0.0,nan,m/day,map,map
ex12_multi_simulation_moderate,bouss_mod_tri,mf6_mod_s60,outflow_drain_map_last,elapsed_seconds:31536000,fallback_time_key,time_selector:last,12,12,31536000.0,668,0.0,0.0,0.0,0.0,nan,m/day,map,map
